split-half dmri,split-half func,split-half resid
0.992835431627857,0.9668718342527312,0.9882601575897713
0.9930159533411976,0.9751764952548984,0.9899318195776671
0.9952265816827786,0.9773982981137137,0.9932534754387408
0.9954176820339043,0.9691314643218778,0.9926372669599595
0.996157823777723,0.9458362305046811,0.9917869241380143
0.9876746384945239,0.9675356075694347,0.98446639519066
0.9961314045843442,0.965753102309724,0.9928413010281147
0.9893208871863898,0.9669480965761944,0.9824203008680182
0.9955645613512218,0.9463784295194513,0.9903004690475294
0.9911463155347565,0.9651502305344632,0.9857422585746368
0.9919191047696528,0.9660605667735185,0.9882811977049587
0.9943682397425883,0.9788895410292987,0.9915608021686481
0.9955838748189652,0.9494642092047844,0.989759851334118
0.9958977094424152,0.9511975081814674,0.9903953041103134
0.9934033518016889,0.9704370646535087,0.9902383708882059
0.9959767615704374,0.9769308220333429,0.994054511463703
0.9910693841847673,0.9750529841109773,0.9884300001860686
0.9927155489569305,0.934677836492542,0.9866598777097138
0.9946592293572133,0.9595120546610327,0.9901042990493042
0.9935138260059079,0.9726861651488337,0.990402159046705
0.9905872122491466,0.969218470185104,0.9853606238539926
0.9969055942772069,0.9678801916968975,0.9929414650054781
0.9913431759664747,0.9799595224358248,0.9887394650995676
0.9902460395419639,0.9489459979910431,0.9852608284112347
0.9862001990331645,0.9502636649000142,0.9792200112574059
0.9945760494609781,0.9503671148153351,0.9904406717641284
0.984128151184172,0.9644991048503444,0.9802965061025305
0.9944511309055938,0.9633225333627716,0.9915519199039942
0.995857168684345,0.9730825037491858,0.992321069858751
0.9952264167933162,0.9608048760875946,0.9912716054686725
0.9929379447927604,0.9648573917485773,0.9904956065341849
0.9929165975569707,0.9591902757618271,0.9885853711830028
0.9958318228504344,0.9673270618947134,0.9923536340363732
0.9951102625041002,0.9587558252713919,0.990684920117458
0.9956249494076203,0.946213590420733,0.9852750873868752
0.987509896637845,0.9692779652208677,0.9833145054587356
0.9913883825595615,0.9667566908756081,0.988672590810373
0.9955199056126753,0.9670291876112427,0.9926609831226664
0.9920107552574563,0.9715661741834953,0.9899451669959088
0.9931850546202389,0.9801030339337324,0.9918874896049207
0.9950132497705368,0.9259448182833295,0.989182690315032
0.9940544484548889,0.9659516553918165,0.9903263698874715
0.9949634672590554,0.9768446096895288,0.9919232358249837
0.9961727489229781,0.952555598330318,0.9909446148372851
0.9953960650455487,0.9787790997995811,0.9929239043074592
0.9928951405223715,0.9689241023219074,0.9885899104849989
0.995762534811318,0.9667238222145643,0.9923206693542878
0.991661487272091,0.9455816653455501,0.98647776426911
0.9974596715713943,0.9667728641220664,0.9944257516929363
0.9950437245462217,0.961897730451662,0.9909422848971965
0.9928368906841956,0.9575580432634883,0.98939838825797
0.9959474168309773,0.9564552408148921,0.9921291446937514
0.9970403377057557,0.9639613389375619,0.9932227771296996
0.9914445700545922,0.9657413564729149,0.9895205337878543
0.9934172720570766,0.9785714837524826,0.9907671244156687
0.9946220187793611,0.9673015352411832,0.992035432051033
0.9897980614461627,0.9522060350039088,0.9849951959759145
0.9949663697369519,0.9791314874096594,0.9923760624808693
0.9935616872571698,0.9656616985552771,0.990031984911711
0.99272477287928,0.9535877534944498,0.987409603379857
0.9963755607734228,0.9783888063859245,0.9942788866555035
0.9933524149267471,0.9306138001536609,0.9869795339403072
0.9921303807867486,0.9558046360781691,0.9885152533790129
0.9951458691819405,0.9676239746915594,0.9916239537266289
0.9948841705414398,0.9591288621394629,0.9903024666746922
0.9931721572378541,0.961945503971583,0.9878991979052099
0.99571633148787,0.9569083107399707,0.9917478720664054
0.9922340517156196,0.9567166357396858,0.9881966358290478
0.9946137308103646,0.956709945592833,0.9897593374660678
0.9960477873797965,0.9700952774457673,0.9919028488329521
0.9965416981062841,0.961165386079677,0.9926012598649248
0.9899875620470426,0.9662778410908972,0.9865194552704832
0.9959210657472788,0.9620760319201076,0.9925219377015472
0.9936971775278336,0.9580898711176143,0.9895543531091766
0.9962792518505889,0.9587995890573976,0.9925203335217955
0.9945364725128257,0.9673911428148786,0.9911045748206038
0.9925379826213577,0.9562691358186691,0.9882086954432884
0.996477625235006,0.9588359438401538,0.9926962287797423
0.9947482466941151,0.9533316482760877,0.99002213834169
0.994877962718614,0.959724571226762,0.9911279584705204
0.995417087727147,0.9654024747391703,0.9922481535395564
0.9882381021917741,0.9654728104697019,0.9841385299205198
0.9959630687226608,0.9754356068443348,0.9933955543676092
0.9947486896632072,0.9580745370884193,0.9911674189313782
0.995361429990589,0.966773363969113,0.9914142717711691
0.992678612015348,0.9616390918739408,0.9882907895058909
0.990503567425876,0.9664798298619605,0.9857267266303766
0.9927564592785255,0.9582788979866171,0.9898874122015726
0.9935569316040326,0.963665001500326,0.9894304199789152
0.9952747880763592,0.9652252957027511,0.9914042606924647
0.9932099093887482,0.9651841507396809,0.9904847952073976
0.9923388301695315,0.9695322577139396,0.9879784820193087
0.9943114139380531,0.9609324048027469,0.990669225795332
0.9957191207073982,0.9726240625343413,0.9931002836935084
0.992882440633924,0.9769282340710775,0.9903599138869401
0.9961455502357405,0.9536487374361847,0.9918786887328765
0.9967456924142368,0.9577871019083043,0.9918177002349485
0.9939048987840725,0.9693878961899738,0.9908873787097809
0.9935219500279072,0.9500986220809498,0.9877368018994891
0.9941588305199852,0.9631104759558974,0.9901954293653662
0.994083172126602,0.962912964969814,0.9894416948633256
0.9961251418626753,0.9626556220292298,0.9912573883422595
0.9938834207552943,0.9624937292250972,0.9902462696265458
0.9953245548695991,0.9744438439897273,0.9925811379186573
0.9936149852594441,0.9495658070723684,0.9883049278207396
0.9958604072990797,0.969474785173492,0.9921665954128388
0.9942270347456829,0.9573336506512407,0.9887926673661924
0.9957613759606115,0.9699822524751046,0.993212730650023
0.9894214701407392,0.9618423675192397,0.9846383512207533
0.9951302033829966,0.9558700350923288,0.9914185676490181
0.9924695574659205,0.9483808992853335,0.9848188247364695
0.9957607692429135,0.9521128480922275,0.9908241171974196
0.9957889425246524,0.9647978707601507,0.9918979840985217
0.9917444411592358,0.9757591271240431,0.9895208676977065
0.9966239405085372,0.9506400219373724,0.9928328472438696
0.9902781556737066,0.9654414635759963,0.9869504053127159
0.9944399405465196,0.9670223398768732,0.9914456713793913
0.995326504562701,0.9717669331506846,0.9918526697060883
0.9941524623397441,0.9483494017131303,0.9891262115245711
0.9907383799840226,0.9721072930665797,0.9876370047428201
0.9934835920224627,0.9649318374934002,0.9904421105240563
0.9923876095413888,0.947146751249694,0.9881405698762841
0.99503230762859,0.934084380423275,0.9885840717546578
0.9943505413298201,0.9614362234845297,0.9903042598652516
0.9930255675609655,0.9776316879083795,0.9906139747052023
0.994872081966177,0.9662137229554022,0.9920339246808474
0.9953706621008801,0.9712182053041996,0.9918150686841556
0.9952689526049984,0.9682755419212037,0.9917326573447675
0.9929180128982696,0.9564030166396498,0.9888042493384338
0.9948234485752827,0.9654322321299965,0.9914152711723964
0.993777157035866,0.9637743851493802,0.989745540167914
0.996854769989277,0.9366885751871458,0.990177217753244
0.9955693883583354,0.9805755641210221,0.9935923124965205
0.9956293296764912,0.9566606851209317,0.9906107839143422
0.9974048132521213,0.9592083263058645,0.9926780103356028
0.9963040517376882,0.9485730963290373,0.9913429670254577
0.9899296839540103,0.955278976627545,0.9852415094810194
0.9903653779222504,0.9702428813963097,0.9870310242490282
0.9909131309531616,0.9593428807508507,0.9880817868374935
0.9959175414157379,0.9664810216501419,0.9928557219500173
0.9896622955915776,0.9640498202708704,0.984341343296607
0.9841131849851563,0.9639309337028189,0.979795223200135
0.9961157319193621,0.9324770691941544,0.9910379928220256
0.9910047264806606,0.9269812569831624,0.9852056138512023
0.992815865170437,0.9792577261408834,0.9910135948320753
0.992234027913938,0.9652248879196219,0.987778128132305
0.995362048899711,0.9798321995460371,0.9932109439715056
0.9940076211374245,0.9609087276984157,0.9902406453244973
0.993821579814957,0.9594454614982499,0.9885882875042847
0.9940194168280493,0.9491790868529282,0.9881163157898212
0.9926247977587189,0.9752606098884938,0.9886802945017014
0.9949114426568678,0.9600931109960571,0.989845873663853
0.9907099200560855,0.9287474356465442,0.9823403098105042
0.9954888116796292,0.967480744437458,0.992464877872118
0.9955260881765388,0.9633251413713391,0.9915181894636717
0.995235907728106,0.97360738995901,0.9915213163518476
0.9956694762884777,0.9750339701095546,0.993149732287714
0.989164349052066,0.978629102762357,0.9859593194276393
0.9925124928887372,0.9734468582612866,0.9900641706904709
0.9896049828055854,0.9512206883798132,0.9833911630390104
0.9920804064695289,0.9840521488853233,0.9903683050541559
0.9960599537894467,0.947295171104745,0.9917898858337488
0.9954463394654125,0.974755115874239,0.9926167151564527
0.9959370686563702,0.9745018798514355,0.9919616799267514
0.9946465263065557,0.9652599089194074,0.9908516961408305
0.9956033353677389,0.9442267084584961,0.9893496278250671
0.9944512151365568,0.9641996486128908,0.9905925938378244
0.9963789839076046,0.9697946322499204,0.9923970898034178
0.9855901513930729,0.957940879408026,0.9790770884141952
0.9919053375485356,0.950556280970079,0.9853046547666948
0.9934868684098211,0.9588067376358327,0.9899441786840306
0.995515894239922,0.9681364127402413,0.9918869701612821
0.9967723362482249,0.9548077613929763,0.9920469551228277
0.9929605902607952,0.9650273404842233,0.9879411097788754
0.9921548990357374,0.9577275130360762,0.9872748816048733
0.9963183219571,0.966040343312958,0.9933100252588445
0.988381085616462,0.9560826347951595,0.9837147275133513
0.9914408749174733,0.949604454128599,0.9858903341981976
0.9973133047254285,0.9390678830989018,0.9907249581713972
0.990817397409506,0.9699267811654421,0.988038019907912
0.9946858060312086,0.9363509442572001,0.9884870834220258
0.9928008651930348,0.962057556693478,0.9893882569670762
0.9949789784586494,0.9771734275518591,0.9924208367666099
0.9942762691974381,0.9247490179918412,0.9856598426572749
0.9911863694364217,0.968594783669824,0.9873677584899151
0.9939566775037216,0.9592784766735754,0.9897672423103905
0.9926825100030578,0.9343722831080059,0.9865429147927085
0.9949621899177458,0.9837466809423738,0.9931447944504987
0.9953390290886561,0.9629495700518926,0.9914956623730117
0.9951927310686232,0.9557644709243576,0.9899888486803982
0.9916863808499745,0.9493054039296829,0.9863571299490032
0.9907266491591729,0.9648262335277611,0.986364268520538
0.9964755890591354,0.9627453755490194,0.9928342110002227
0.9897934851461727,0.972101930737723,0.9864018539577759
0.9901530590182713,0.9741817526182153,0.988560817319867
0.9921366690773796,0.9628731851146675,0.9886806899834129
0.9942374994443638,0.9350010659642121,0.9853365295474509
0.9920264031096029,0.9642415222707179,0.9891343587175359
0.9886126545401106,0.9680003954369311,0.9837432053586211
0.9958217447348838,0.9477639465591202,0.9883012175514021
0.9938338342912473,0.9610018127414766,0.9893450621345591
0.9968200447032237,0.9487150015517459,0.9904642955156734
0.9958616322087428,0.9597440267201606,0.9918612972776699
0.9926364535377343,0.9742897232708606,0.9912164776947571
0.9958172190519089,0.9655016744907567,0.9923425808576809
0.9930017718216955,0.9379653572838765,0.9863613174897228
0.991909760494039,0.957111343613668,0.987439523867712
0.9962891663041565,0.9632327498104925,0.9924183476584111
0.9968635940397179,0.963499388422374,0.9930435441295041
0.9958563447506594,0.9633096204143693,0.9924740487465761
0.9937228796819679,0.9627023804444664,0.9882393931120625
0.9946583582440199,0.9805016436606707,0.9920702019660033
0.9943446420006519,0.9668439442315494,0.9908317089498828
0.9918198091624966,0.9622068050792358,0.9872525717019301
0.9959370262447267,0.9567682220567659,0.991547649304764
0.9954769597904668,0.9677605637847383,0.9915600369245431
0.9894779586642134,0.9647957858035394,0.9866320368888495
0.992922020257286,0.9511376565676377,0.986294447222112
0.9937736940590207,0.9685673093880784,0.9903735471638883
0.996133215597595,0.9591086731654559,0.9925240284434885
0.9919806835492491,0.9748143180541242,0.9881664128688428
0.9899696651015913,0.9585801757629171,0.9830914626563518
0.9932976846310276,0.9552961557755343,0.9895124175520676
0.9948024566250244,0.9644685427286552,0.9910539858018179
0.9946257781325166,0.9680314097109136,0.992275555212662
0.9950311484067098,0.9578419141938959,0.9906272761969879
0.9942032444776251,0.9740532699809743,0.9905742631826635
0.9943962182051846,0.9601734700070789,0.9899660523872037
0.994539528915264,0.9635293123428078,0.9909873964623914
0.9903387229573273,0.9597274833969146,0.9854210020278094
0.9935403190474081,0.944240007309172,0.9883426970907839
0.995678855656745,0.9700155840126121,0.9927910871056417
0.9965858638279633,0.9434934168836321,0.9909410573426213
0.993952949071006,0.9656623568160767,0.9908025911842798
0.993816014540987,0.9455090986526622,0.9884666084681145
0.9937428318182513,0.9593778902152351,0.9898771034036311
0.99512258419482,0.9590422723937251,0.9914287069268815
0.9965288629818094,0.9667400514473862,0.9938922231873952
0.9925329661827974,0.9717489584325576,0.9894048406898462
0.9915153884365735,0.9437627479294431,0.9860292458141076
0.995560328596995,0.9552903507446567,0.990089320223987
0.9884564585643918,0.977723661008906,0.9851777569414485
0.9954659032238615,0.9595394748692652,0.9916253653408621
0.9932776245556675,0.9660750167409445,0.989038775314725
0.9961225558328037,0.9583869867353247,0.991465943228831
0.9862701401130701,0.9700676578858453,0.9805218969146744
0.993321973401425,0.9664287705171776,0.9895102965537096
0.9956540200609812,0.9728605055071305,0.9926332719534539
0.9940784708238561,0.9638348349861073,0.9900041138307558
0.9954357724633222,0.9545121676856024,0.9902128892819849
0.9916336457940067,0.9685005270516,0.9880088465444762
0.9950097319146669,0.9723425317673225,0.9917266296065729
0.9904971389894094,0.9673386706956195,0.9859460224614338
0.9955877536001597,0.9631411255990922,0.991890525463136
0.994125231415632,0.9640562388881009,0.9906272914400409
0.9961832367656063,0.9548711872528135,0.9909923494370093
0.9855074020558847,0.9551256958944119,0.9806205330911639
0.9902822957123334,0.9732884750300681,0.9873349471989025
0.9954498880101325,0.9722607959560078,0.9925485221903554
0.9963132604968608,0.9705691792612067,0.9931056227585142
0.9960935497784567,0.9603131125356792,0.9911279996095897
0.9930902036373775,0.938092320464416,0.9873294063806485
0.9926117145873865,0.9732304108474745,0.9900866258490746
0.9900022544993247,0.9734328544861454,0.9882683910017976
0.9911295522747288,0.9595871200447103,0.986899655280881
0.9917944068829463,0.9685876472629682,0.9881657707319969
0.9957133518858541,0.968660781464122,0.9929957855012053
0.9924608197252693,0.9474371329304223,0.9870470294588185
0.9812471056731897,0.9765714765429079,0.9772465520409634
0.9925954600514069,0.9698117273204465,0.9891475843511804
0.9931946902505496,0.9173444425291652,0.9861859963818487
0.9952472111560782,0.9504262158817169,0.9890700452220759
0.9947663279598438,0.955064660927179,0.9907398630265709
0.9940862396605221,0.9695425792916113,0.9904849943738133
0.9899780336147687,0.9735369931335176,0.9869695159786286
0.9956604593166771,0.9583189458720281,0.991906720868506
0.9946854683518291,0.9548738557535391,0.9913420114464826
0.9907271919654915,0.9755435649257833,0.9877848506889458
0.9960883559195023,0.9781290588510232,0.9932651444668162
0.9964677170039595,0.9682370573088062,0.9936761033668283
0.9956560972519221,0.9747356852843324,0.993369053763384
0.9944333523481292,0.9408696563951178,0.9877259532709002
0.993649960416199,0.9680143591128647,0.9902679404139173
0.9941167776344184,0.9636178669642109,0.9880193105915777
0.9961028097052989,0.9724306100759278,0.9932052240397129
0.9951788121806019,0.9650787854432388,0.9919926755783858
0.9961221226639276,0.9498994515904593,0.9898419769885971
0.9911376452122256,0.9707869264732151,0.9863500115495869
0.9944449277066629,0.967609502846559,0.9912520004243546
0.9872477105089412,0.948000233543799,0.9776740076292743
0.9928068163229768,0.9580075787254257,0.989234091465343
0.9883604784418435,0.9561913375842934,0.9827096260220803
0.996241316170294,0.9587955249666802,0.9907389984829595
0.9962846225665946,0.9765098175330427,0.9943315054789821
0.9916514006974924,0.9503068045651291,0.9870924693683871
0.9944169081202924,0.9593684131669679,0.9909193879758579
0.9951109536840811,0.9769583868033441,0.9921720003160382
0.9963341232128312,0.9326364997990337,0.9904634791565942
0.9931420166839299,0.969140830811398,0.9897001416162752
0.9940456510862847,0.960177501569466,0.9900557281467329
0.9933931336661396,0.9723360859583691,0.9895483674225096
0.9928201786958991,0.945181291848917,0.9888272001170548
0.9950218524871204,0.9664272336142744,0.9910650323033303
0.9944137462337383,0.9584065099118249,0.9904721977860643
0.9952889069134924,0.9635660436513359,0.9917104746753481
0.9963654182001254,0.9585261064284551,0.9930073376017989
0.9878329942876635,0.9607189125416437,0.9837529440163696
0.9921655887955789,0.9456728154001002,0.9872208887799229
0.9952399005489002,0.9190437077992237,0.9885153266412052
0.9948323813318694,0.9667005339043585,0.9906103397746993
0.9937610662164872,0.9597639940827462,0.9900212714788946
0.9945194838593339,0.9714527144905083,0.9913146119315867
0.9887628065718014,0.9802894944545756,0.9858462249468108
0.9920598779003188,0.9566275831066735,0.9870467229223361
0.994977174777861,0.9690898209361567,0.9921237244704555
0.9940551912442319,0.9530089347853865,0.9887458865361767
0.9950342768128362,0.9699232977330474,0.9920965683264052
0.9927036148668984,0.9440959873238224,0.98824090894053
0.9943895892014502,0.9710607802009718,0.9917420315276909
0.9915631026838932,0.9537417144873203,0.9860720380746748
0.9954244632753227,0.9765972145056501,0.9930692851134599
0.9938752722603098,0.9505319167061804,0.9886551409315257
0.9937787830701535,0.9672401051765275,0.9900340699555523
0.9948876938362013,0.9639113889116234,0.9918177712098326
0.9943550875161247,0.9708309162223082,0.990891538867529
0.9964940726711453,0.945500607460029,0.9887868988159255
0.994361048326673,0.978094914200048,0.9921025764672957
0.9945060650281845,0.9580381883231713,0.9891948351472445
0.9903341932264652,0.9610186197799605,0.9859953135412552
0.9962526129530832,0.9712337115525796,0.9933723949752152
0.9956127128829468,0.9544017918514572,0.9902342016757075
0.9913921522061488,0.9513848745047768,0.9853472874707918
0.9968229171620696,0.9683587939708503,0.9931849744359603
0.9902461463696836,0.9801570987446342,0.9876410556495636
0.9917388385865966,0.9729150755431826,0.9900127585209272
0.9932334087435066,0.9613381826137118,0.9893220850118097
0.9929720805922522,0.9662707054764723,0.989888726590805
0.9937752896589713,0.9461962504823755,0.9885446710948167
0.9948880514829433,0.940724831897864,0.9872626678525425
0.992674710832479,0.9689558474061436,0.9906269036577288
0.9947353445233509,0.9715356421713903,0.9916598146433548
0.993703631233315,0.9628891413061658,0.9906918548325309
0.9964281494457273,0.9641062242131012,0.9928620910266682
0.9940183263420492,0.9683939344016484,0.9904832636175727
0.988932547541056,0.9693267435645042,0.985655492704882
0.993799082085037,0.958916744445096,0.988575853177542
0.9950569418267456,0.9772204404279048,0.9922653023094823
0.9867411567306311,0.9636471453620786,0.9827224069327727
0.9957528496143608,0.9786096299622475,0.992973186880216
0.9935602871937417,0.9448630726308656,0.9879766676866991
0.9957804430744118,0.9746478912478788,0.992593104708665
0.9958386501009342,0.9419894414925607,0.989468360610625
0.9954207683849254,0.9620558831459662,0.9910603993779653
0.9947618889127525,0.9680659359902614,0.9908302287324358
0.9930030028202791,0.9556218226205904,0.9888730381688079
0.9914237114702108,0.9650003683336431,0.9869866803881824
0.9958136328186584,0.9795662728714285,0.9933455786901974
0.9960101106915616,0.9749862123883469,0.9926007396311884
0.9959856454635856,0.9799550242609926,0.9937573474468067
0.9923464483105926,0.9650061057412157,0.9882169823241846
0.9953699657801143,0.9350386492383571,0.9884108290295448
0.9943926613177319,0.964661403787917,0.9898529867029443
0.9953177728314508,0.9722048352915603,0.9912372320906997
0.9882870004604634,0.966202073558716,0.9833412020836556
0.9960367390317247,0.9586395332061574,0.9909898905438809
0.9934815654546112,0.9679787489047231,0.9904049263616691
0.9957045460738304,0.9757722749936348,0.9923188776609966
0.9959296216877072,0.9634643020012529,0.9931347409032046
0.9931932141435335,0.9607489077931318,0.9878695246105254
0.9855742181392095,0.9577473657135047,0.9793448492487583
0.9929715340443029,0.9801133265109054,0.9899394783738201
0.9909329224477117,0.9712522816725296,0.9884154997828557
0.9915391953279449,0.978777419750385,0.989615632245066
0.9936284464774099,0.9706358741827331,0.9905878857027095
0.9941740803689452,0.9728836706565092,0.9903668203053713
0.9944259846025827,0.9677506944481746,0.9918821971358707
0.9929445154968107,0.9579019389495307,0.9893801673329218
0.9929617007025423,0.9584826702038607,0.9878242189127622
0.993400815850734,0.9663022462377208,0.990472069547892
0.9959187702680766,0.9692134936236176,0.992592584751646
0.9914269203023633,0.9722247274404936,0.9880594030795391
0.9962290076833952,0.9477072218488878,0.9915140961141076
0.9949367595898801,0.9487815501408475,0.98916610348075
0.9965330318271712,0.9792743471949521,0.9942502427527034
0.9902672991045591,0.9321391060439665,0.9844378893988207
0.9932940613184315,0.9503163853299812,0.9890455729567533
0.9948197496342398,0.9401490224400931,0.9889175350803922
0.9917170126474897,0.9637404225223993,0.9888412994381147
0.9958114110625133,0.941950526694202,0.9893705646357741
0.9954173436760249,0.9665538474483188,0.9917630581800284
0.9955643574732126,0.9668782481847481,0.9933333352569366
0.9916838888631336,0.9648527399968058,0.9890251096086788
0.9921850039502114,0.9625396404960337,0.9880244888273013
0.9914253754611784,0.9557686997520354,0.9850970923018275
0.993632732871882,0.979091507132998,0.9912155091152477
0.9904548192474109,0.9591832469890791,0.985976593628513
0.9916918328812304,0.9569112999073989,0.9857726730487326
0.9944152990813458,0.9556505023106021,0.9903104412927807
0.9922778236244995,0.9639866435354719,0.989480148165405
0.9939464567552269,0.9779867073639139,0.9912752708011551
0.9953317966892898,0.9634819408719848,0.9915003973539022
0.9953770926860156,0.9353671013354175,0.9899192757287193
0.9956823260147707,0.9530873472059431,0.9909004224565735
0.9965170225918563,0.9697801433634041,0.9936675625270207
0.9929934015116931,0.9556316597712433,0.988442467284655
0.9968638389153757,0.9641086743375331,0.9923802411311836
0.9890888648081612,0.9727330845469648,0.9862155810978781
0.9968672435799195,0.9419323469427747,0.9910756768254412
0.9940593519212262,0.9720594249710924,0.9904191131352297
0.9908342164508607,0.9230623518598935,0.9868763712377348
0.9911242318440834,0.9619009952321487,0.9870945361940346
0.9946006296518485,0.9319430714703427,0.9874850922286884
0.991598196168628,0.9543698991251911,0.9868848889302045
0.9945866592980447,0.9750768606239021,0.9920949574876281
0.9902009669820526,0.9544119593469987,0.9841074776887191
0.9964112592696147,0.9538813899998868,0.9896237190527687
0.9964614707007443,0.9473612549128071,0.9914909867819485
0.9950919138077908,0.964774547843427,0.9913148202812152
0.9936785876010731,0.9599098027461415,0.9884620813000572
0.9950180482028388,0.9694281887168621,0.99217630182621
0.9951972215756439,0.9530203081832342,0.9908693456296543
0.9928706572034304,0.9740589597255938,0.9904498334545745
0.9926584732968717,0.9729316963337251,0.9899821698545112
0.9952951434516363,0.9382123756446121,0.988102748326642
0.9948664072622242,0.9593029846847948,0.9911830991223743
0.99059697194366,0.9717927050709241,0.9870634916452004
0.9933650891343894,0.9591104114018019,0.9896164577814923
0.9967448867655798,0.9701749684977703,0.9938738437528889
0.9951484637067808,0.969504244768623,0.9919873122606415
0.9956241550040094,0.9723080703031963,0.9930832934458527
0.995116860148602,0.974735002135013,0.9918062443370245
0.9970897621014012,0.9721928626216811,0.9944918178338182
0.9962507998921005,0.9461583172054853,0.9906188402203192
0.9940788468029652,0.9563702210499037,0.989946616593368
0.9950911393680906,0.9635679896997015,0.9915051677692407
0.9896917411380471,0.9620264280155247,0.9868842545990424
0.9945721117184301,0.9861179821571461,0.992849397158534
0.9938808004105574,0.947091963468165,0.9882048340162815
0.9954651725552446,0.9675995512319187,0.9919461586963897
0.9957208847165094,0.9806563023124157,0.9931063392290749
0.989957695253947,0.9749748762253764,0.9866463237426741
0.995086444878567,0.947637365059589,0.9900713184696363
0.9935148766975668,0.9618162986358245,0.9905609247418923
0.9942834807910862,0.9648058450456385,0.989784043783568
0.9926670636130154,0.959809042905283,0.9885358214140697
0.9927182271200079,0.9778815859848777,0.9902431473034194
0.9933759252647835,0.9761847482082674,0.9909673787054957
0.9958246557721482,0.924477630544093,0.9894557761642948
0.9947336516155525,0.9628586042379583,0.9920742858071431
0.9968977678062285,0.9506982024404568,0.9920162331258088
0.994820350264321,0.9691591563284238,0.9918078463693171
0.993813593989292,0.9671649480664077,0.9885795776780614
0.9947993473889843,0.9536776817699083,0.9902485212443752
0.9902161870608419,0.9676264462625309,0.9875114318480979
0.9927787672944428,0.9837708535622144,0.9911856336894921
0.9966130330665816,0.9760518759646367,0.9941503398321118
0.9943252184799045,0.9722013616101045,0.9919437717744718
0.9950798521145165,0.9573076239275778,0.9901354347893122
0.9935026220575104,0.9637876859215792,0.9901356714241984
0.9914451278248249,0.9533697990200258,0.9845068450269677
0.9936605246373633,0.942656217565548,0.9882812608107567
0.9937732972868214,0.9563579028497585,0.9887575017755952
0.9958709598508204,0.9755325575300096,0.9932690954291188
0.9901444557708187,0.9619624571111824,0.9882524369217487
0.9938969180671618,0.9646947235323201,0.9912200050915742
0.9955450875397572,0.9675332825750511,0.9922288712097508
0.9963553103348942,0.9834004195697522,0.9949418091852501
0.9867369083399377,0.9780563642127612,0.983627468075428
0.9963359525247673,0.946919728567102,0.9897175410847151
0.9968525833723552,0.9744376768668308,0.9937725964139278
0.9901327858370478,0.9639124844795749,0.9863523547951283
0.9956183422821363,0.9826037182219557,0.9938526011510315
0.9965771131049685,0.9749524800838988,0.992806554822407
0.9951102003347679,0.9714508068636218,0.9920183476899934
0.995688165609595,0.9784992962290735,0.9931030440613184
0.9936820351316353,0.9736002795009485,0.9897953940604807
0.9959407932869795,0.980113300175262,0.9927777644433273
0.9926686156555324,0.9569879686979903,0.9887419323666528
0.9953090140628497,0.9456626437312611,0.9884347817909286
0.995991646752013,0.9591185298534802,0.991790996190464
0.9930613609851792,0.956378184340304,0.9886997467398888
0.9951835390248887,0.9801374320523918,0.9923898508879346
0.9927782826893179,0.9650823316032303,0.9891278112184689
0.994666092099056,0.9680465468309088,0.99054230957823
0.9949436139973816,0.9577753415621061,0.9912584218331704
0.9945636174844305,0.9603174194837062,0.9907708102996098
0.9968577718618983,0.9517740797747505,0.9907264070036864
0.9957681918413285,0.9734081675063669,0.9939475002503859
0.9948780379982037,0.9670421435364567,0.9911683744489294
0.9907462754599803,0.9757452452448819,0.9883155251454877
0.994596750745232,0.945797756395675,0.9895439293754861
0.9949694189817695,0.9777008647894694,0.9928121056877729
0.9949842113426051,0.9391324174752288,0.9869665669680108
0.9941008857488155,0.9645658970132147,0.9908177083032651
0.9907106701711494,0.9643519889548882,0.9889151602630806
0.996245946678182,0.9441358504026138,0.9914412868892774
0.9936499809406109,0.9605715033998088,0.9887787218388214
0.9926223926246343,0.9685779624127034,0.98882659941791
0.9964798377278433,0.9580258564494554,0.9922875482381596
0.9918411661014122,0.9464497051152989,0.9868863973014818
0.9943439562046821,0.9683923176682835,0.9914819621299394
0.9963844184358404,0.9646615324017604,0.9934568033943163
0.9963945610617885,0.9763458032353813,0.9933901691521055
0.9953754445175931,0.9739594193616602,0.9925913442471802
0.9923426798475509,0.9582873623791537,0.9872141865752664
0.9906221489027138,0.9549187321645213,0.9840072118548522
0.9946956096540511,0.9694867709456878,0.9911367313465693
0.9956126291092434,0.9673693164131809,0.9922070352714774
0.9963486020547013,0.9710319792889238,0.9933034273433182
0.9931341444015118,0.9590222691924551,0.9893822016161385
0.9924966856442263,0.9601288757028565,0.9888842045917786
0.9905211084582538,0.9718969440065173,0.9872932903491822
0.992382737071528,0.9616742013445805,0.9885945842290699
0.9914723402900208,0.9606632895349004,0.9871075294714127
0.9939720297746636,0.9466686441466483,0.988638707247594
0.9958473207963661,0.9578499634184633,0.991662874708059
0.9949355538067344,0.9298816205798875,0.9886372357235342
0.9923711149290703,0.9601815996000602,0.9871353394395515
0.9943341674619626,0.9374551089854992,0.9873433515284508
0.9925275279903812,0.942576879733602,0.9859635317652672
0.9948682757775307,0.9510170320242529,0.9906939144518407
0.9955765465429823,0.9684864349410662,0.9922776106195822
0.9941347946310592,0.9510670130833669,0.9869162510381223
0.996368569212285,0.9669314702125351,0.992675339440249
0.9896607118313037,0.9771097411096212,0.9862435042751674
0.9929748826831107,0.9605052103403772,0.9910330585460857
0.9961968185525887,0.953946967474802,0.9907864444589877
0.9965360217349787,0.9742687901252137,0.9940153548689785
0.9947522247687761,0.9813595133880245,0.9916485791464187
0.9964411120303688,0.9620547711260701,0.9914287038039193
0.9962808420041972,0.9688941682042853,0.993052624874043
0.9909191334635474,0.9561490964756783,0.9862537064004612
0.9953327448941669,0.9722958664552085,0.9918362208836625
0.992087548372409,0.9640530697265974,0.9880394453067146
0.9916310903264807,0.9420276936810821,0.9850962046929645
0.9951672904919793,0.9738460052968902,0.9924842237668647
0.9957536383396542,0.9474836792052622,0.9915342907890561
0.9928640964209249,0.9514504229046544,0.987466803267246
0.9870757394037604,0.9663877199940162,0.9817159748597294
0.9925010164904416,0.9620137849867516,0.9887291258381439
0.9944900023218379,0.9671247411216853,0.9927156101527032
0.9891161908195694,0.9745193618753011,0.9878383437993378
0.9971520241691296,0.9708096958736798,0.9942988370010757
0.9924828329639173,0.9702704078323615,0.9890060214744991
0.9928637882509279,0.9774152974043231,0.9900292160698425
0.9930447933669506,0.9634714716386628,0.988682693102961
0.9943661589790542,0.9490483395987831,0.9886608337331702
0.9944434534606394,0.9559177122129727,0.9905120702619077
0.9941432944223313,0.9415728066069637,0.9880926347864823
0.996285625808861,0.9484139324412246,0.9922420413886961
0.9942321156717715,0.9766557641447852,0.9909175179747934
0.9942786586048813,0.9604340580579263,0.9897033450801955
0.9957191052204435,0.934275955504556,0.9891366240605916
0.9956602361301777,0.977010129889901,0.9933913266023351
0.9924423177222038,0.9551989027442818,0.9868540743626538
0.9956767188720365,0.9756246462873092,0.9927350811183084
0.9927095088762065,0.9784186151383555,0.9899462533403036
0.992373242369099,0.9572706116834,0.9869204370031575
0.9937746293644685,0.9280890416237878,0.9867462060995953
0.9960691883220465,0.9582817944632932,0.9926178530625716
0.9876173068827688,0.9585243313198029,0.9824559217832045
0.9895125270400267,0.9737323319876136,0.9868031759065238
0.991486366620117,0.9450485081125444,0.9859749717449864
0.9925212335235877,0.9734864741158482,0.9893170507206869
0.9939087416576076,0.971500745270543,0.9912313867263413
0.9920333251809849,0.9702863234206748,0.9894081353482098
0.9929116639175539,0.979209385433264,0.9898645020724727
0.9889375677300314,0.9610271650631781,0.9834325741203348
0.9940234365839402,0.9529109968473991,0.9902614135203976
0.9942060827731629,0.961605302585879,0.9912558292562698
0.9946418825731892,0.9620567729975225,0.9912982558706116
0.9965607469002213,0.9783685354287839,0.9943161619185948
0.9952408332016578,0.9702182784304217,0.9925254300871661
0.9951895607665132,0.9794245017990607,0.993296575160942
0.9955328679756246,0.9781040385573502,0.9935136202916388
0.9912866148255111,0.9698815956253326,0.9876033725162026
0.9886798782032432,0.9728520436314002,0.9844073748811534
0.9904702912165679,0.967367724937787,0.9864548145916924
0.9914573711490433,0.9804464763995133,0.9891672757072509
0.9914057170943962,0.9707752283374066,0.9868945823566397
0.994604502860143,0.957862195367849,0.9904087548073082
0.992353109083944,0.9664649525169985,0.9887830163734533
0.9917943622360637,0.9668833083133328,0.9884807703677688
0.9928102391133902,0.9741763926080542,0.9887923290913606
0.9941874814658813,0.9533922998262198,0.9886852890274352
0.9964839005252607,0.9529013400454789,0.9915272753573635
0.9906174298642707,0.9744658141780472,0.9870550936887951
0.9959618069800268,0.9780977392554627,0.9938230950210009
0.9925818671326602,0.94981840414292,0.9874750128169651
0.9959236822083938,0.9570850203322437,0.9919051740131191
0.9925438157846151,0.9765344362226006,0.9897615997391744
0.995918007351684,0.9753976140817147,0.9930269892013862
0.9949942947797793,0.9532957487725765,0.9906072313448057
0.9937495009615612,0.9605606327020771,0.9903913538379093
0.9957518462336601,0.9569768157376557,0.9914850363331877
0.995968460466902,0.9527622115985596,0.9913429675429045
0.9953557262801966,0.9715061693248341,0.9928017739946641
0.9959714114892875,0.9738249240073621,0.9928158408850011
0.9966256097944853,0.9439951028537692,0.990633510332532
0.9874760643904464,0.9542879682421851,0.9816706961469033
0.9940567010751792,0.9773660984553988,0.9917148395742206
0.9940327308689098,0.9779336917973369,0.9911714934990393
0.9964587819447678,0.9747672619325297,0.9933495506299573
0.9970073584468298,0.9426676188966031,0.9917423117026242
0.9963931361717886,0.9544138356583955,0.9916289334465538
0.9903662971500435,0.9643934667488517,0.9865315504319401
0.9865083376992279,0.9580235596181053,0.982272449674807
0.9939338340543012,0.9645355458230372,0.9908057908266817
0.9935571001169126,0.9754748226697904,0.9903525707159304
0.9962180153928127,0.9725802599482128,0.9930334226504619
0.9952847361084003,0.967560901425604,0.9916705299499039
0.9913721089702185,0.9635641467874178,0.9879563250935356
0.9949564634386997,0.9616217031769471,0.9911137969533955
0.9919617803233096,0.9608854114944327,0.9871831086409865
0.9922832168546615,0.9379984600780827,0.985722289913882
0.9943625080000248,0.9476167898465974,0.9882650374936938
0.9953570321855221,0.9648130540980361,0.9905594560158084
0.9946505635805444,0.964788621957053,0.9901063055240298
0.9931775465007585,0.9637201235250853,0.9893818801340789
0.991408187612193,0.9675062371433841,0.98708352384066
0.9912158654074962,0.9593035724304189,0.9890255083330551
0.9957120554705039,0.9683997948306502,0.9928975330442101
0.9956047768950265,0.9530494831189527,0.9901732732255547
0.9878706660402913,0.9677859606211966,0.9843509484302039
0.9940422182968734,0.9606412280216275,0.9886392609204174
0.9952731593629747,0.9677281931562617,0.9906945024373421
0.9929907350592831,0.9710037240387763,0.9895112629025253
0.9947157588533458,0.9653037218506952,0.9907183012775105
0.994471800531173,0.9580353743843664,0.9898322796563378
0.9923590459556269,0.9668576586846019,0.9888865459569582
0.994513273299653,0.955918815840632,0.9900257183390665
0.9929335013613516,0.9699335983828349,0.9896626610981775
0.9955324382136589,0.960413389200091,0.9912935579222064
0.9945937996129234,0.9652991895389931,0.990178483012685
0.9961155596355792,0.9583169001226494,0.9921148192832283
0.9915679726100826,0.9699380141536271,0.9869807004397825
0.9919754556238023,0.956389371869567,0.9880129352051705
0.9963972604209794,0.9545093818596185,0.9911183501444846
0.9933635458609607,0.970092531212994,0.9911733873822278
0.9923791647858619,0.9790670635416638,0.9899642121187494
0.9958846183997735,0.9457711433971921,0.9904533379685864
0.9938246052520638,0.9618042114196645,0.9892170514574218
0.995445945826473,0.9788084290673513,0.992729451420098
0.9961276382037897,0.9733157834366106,0.9936159990683879
0.9931446276493501,0.9480587346944227,0.9877140661099452
0.9957397064085345,0.9682433962168999,0.9921166520760378
0.9919739970792745,0.9724280675352952,0.9886520958770846
0.9904586548428174,0.9707789494601632,0.9869030792148136
0.9942451355267587,0.9755703727900414,0.9917539646642252
0.9967570126057242,0.9658619729824433,0.9927819062525727
0.9963103106758802,0.9576870936370077,0.9924474134833963
0.9931564172845997,0.9646898915744343,0.9896292776567341
0.9943517622077271,0.9540739326229823,0.9892355874989347
0.9933611657483479,0.9591965811167115,0.9896996484288909
0.9934520776294647,0.9410639683543659,0.9857463169555154
0.9964998626133452,0.9584037244194796,0.9923038619290743
0.9875990397493447,0.9655297298415362,0.9838383959886797
0.9885172101540755,0.9571284250257144,0.9835103459154587
0.9962388192737112,0.9829516548210627,0.9948120546014017
0.9943984412660234,0.9737502516751708,0.9914409855149945
0.9932298893081765,0.9585361879834109,0.9903838930583015
0.9957805842714407,0.9659640497845069,0.9921823863743578
0.9927394915841354,0.9731828867173727,0.9894038266357249
0.9965072610267511,0.9607498673557017,0.9913351516043358
0.9922400850081395,0.9809882492680407,0.9904347150142205
0.9894572984212509,0.9518223977735439,0.9831024547409241
0.9950142199675563,0.9653492444650776,0.9910402554080793
0.995218970095235,0.96242039690134,0.9913293366683112
0.997105693381667,0.957575485052884,0.9930508646139965
0.996438451248935,0.9482532108714061,0.9915389664835663
0.992090330749982,0.9553245741671672,0.9866028376310406
0.9926454229623358,0.9735294587490442,0.9892698487204865
0.9919802998909558,0.9415172312657852,0.9853692979477358
0.9942742726815117,0.9663388678746042,0.991233426664231
0.9951704983143951,0.9743646265659949,0.9922466620255653
0.9947001007266715,0.9557658762251756,0.9912596360608957
0.9936842110534586,0.9700126668363569,0.9890816135810593
0.990780363081065,0.9722615007407167,0.9884192760283421
0.9939932631354867,0.975554625666539,0.9915439716988494
0.9930494563852349,0.9496496773304776,0.9886322634845863
0.993910391823354,0.9637442299044261,0.9892899841413574
0.9947713243738773,0.9565540205818865,0.9892149269661202
0.9925752991603747,0.963836498601541,0.9892694859922845
0.9954069884620573,0.9586484754277165,0.9901692345320704
0.9944665158694984,0.9619577514439505,0.9907266028752808
0.9935662135692243,0.9641851965390316,0.991070131541326
0.9950473342429503,0.971424616613486,0.9920605887707928
0.9942835945947951,0.980341798735279,0.9920445234485434
0.9949365200399305,0.9502145718091536,0.9891164518760903
0.9919736242728268,0.9467024568516528,0.9842052850747371
0.9966525849410575,0.975578967794512,0.9935747727810527
0.9969168833722284,0.9692351640163009,0.9942368677601267
0.9920651531313349,0.9792504012423445,0.9895541419319149
0.9956600339762285,0.9664953305060698,0.9920001583902752
0.9951113399040378,0.9751045338640895,0.9924935672430424
0.9923153191507934,0.9565150286935457,0.9881288452020937
0.9965127978361643,0.9709085360229417,0.9935902888198558
0.9964669150726876,0.9622935033990636,0.99325382282171
0.9942081498580534,0.9778366312852341,0.9914421822532369
0.985006788385465,0.9673002419127854,0.9814646201459336
0.995306486052993,0.962193121652302,0.9918166885977261
0.9883288878195926,0.9660758488855029,0.9857490534338753
0.9942927043160502,0.971412776301554,0.990489416961896
0.9955474535979318,0.9482445568402235,0.9905661758771592
0.9967944911777831,0.9651004186713731,0.9926670587040544
0.994124197675127,0.9565487694749678,0.9918727085214417
0.9897506311556715,0.9574815762426189,0.9870443277171222
0.9931754835945024,0.9741920929745482,0.9896450299928944
0.993503700764023,0.9526873513720651,0.9885703735440075
0.9937493151376854,0.9561324853017807,0.989399440144028
0.9949674616091168,0.9617990696316135,0.9913293393525314
0.9958570467859107,0.9681680869577077,0.9934083348742065
0.9939569741911888,0.9638068782500787,0.9911105317527957
0.9879421609598412,0.9348510566229176,0.9820272985784513
0.9909040041191763,0.9594564483239518,0.985749632882187
0.9954984943624522,0.9534041519456097,0.9894500735673873
0.9957866353861853,0.951845235303714,0.991123338700753
0.995543419452017,0.9751875944529482,0.9927422055815787
0.9945318107754405,0.9443411672739802,0.9879672523550656
0.9899200617900612,0.9550058517346476,0.9840899205352945
0.996953320924117,0.9451107012090136,0.9885378816436571
0.9916306471694851,0.9586056240478992,0.9872694640618436
0.993915425249011,0.9731129592452666,0.9912705439210237
0.9951722724365755,0.9761482945560267,0.9925719467600336
0.9943976627276806,0.9708306481001558,0.9918680567560288
0.994223197343263,0.9732326984495305,0.991133279706104
0.9940497818371333,0.9694341680071723,0.9899257714343116
0.9963949171625199,0.9624988610949929,0.9921492539188339
0.9950241209276832,0.9635958837458338,0.9911374098730358
0.9864213105436933,0.9759575964390107,0.9838804135273478
0.9954374522237122,0.9350704447380976,0.9889489052164094
0.996373851462578,0.9738013179443024,0.9935626109446531
0.9957835524648023,0.9711099475110704,0.9915286964644927
0.9945202766024921,0.9578915311584525,0.9912884836823085
0.9969292160487664,0.9350513824151824,0.9903997076804202
0.9908810985452182,0.9720045515669583,0.9886526572544208
0.9891560171688227,0.981122403598276,0.9864591006035035
0.9893201299037642,0.9564149419059054,0.983717436513885
0.9928209641534683,0.9477725429082421,0.9875464543328412
0.9962567655159484,0.9723861472825259,0.9927526701606931
0.9886668754092277,0.9388082746101086,0.9811135797930008
0.9960201290068124,0.9627281004339004,0.9924411553387082
0.9948561055701403,0.9580159466109887,0.9899301033399908
0.9977640468593647,0.9435102162104593,0.9915647837187216
0.9936521680176186,0.9557280350171242,0.9885570688269497
0.9916600947495006,0.9729043156805046,0.9885808893536819
0.9908889665032524,0.9719137769541918,0.9876759269996015
0.9948848690211429,0.9567382339416992,0.9913215776479928
0.9922608348893591,0.978191795325351,0.9894333876887659
0.9960471239395047,0.970847040787735,0.9932356736776772
0.9922398011854802,0.9635727226050406,0.9880743490879405
0.9958161250985903,0.9486992309642782,0.9897722758724498
0.9919490805914464,0.9626710244235502,0.9853535832748069
0.9945999790303787,0.9671784101917859,0.991065451866101
0.9933077469079847,0.9567572781851117,0.9886616859533625
0.990798384610871,0.959230074853274,0.9859020397467734
0.9945021553037203,0.9562593566615913,0.9882498019570305
0.9924680492587202,0.9534924216294633,0.9883883279140535
0.9930618491988485,0.9540980600667313,0.988764780829405
0.9920533319317473,0.9623038769749462,0.9889561470141679
0.9929279074454525,0.9685321094814752,0.9883195113130478
0.9893553613641564,0.9731849152309098,0.9863277248183631
0.9957210194160683,0.9480525703799121,0.9919518732735686
0.9952964063746997,0.9589540654669044,0.99130207879771
0.9969765293600417,0.9750571333298581,0.9950885314415328
0.9967629878080588,0.9600165975968448,0.9920222671603716
0.9937375424379066,0.9577659668467944,0.9877609931116698
0.9937054239554959,0.9750415597362894,0.9905294840176618
0.9952582231489892,0.9586043953408855,0.9899198240138302
0.995571624445757,0.9674946098062506,0.992432449864616
0.9967878991862174,0.9717481394418773,0.9926836601070244
0.9936696158484696,0.96126042990098,0.9892253335028647
0.9944418759973775,0.9777526651555085,0.9916402027392912
0.9951620161035809,0.9545760596183948,0.9905237075149389
0.9946848028669992,0.9713290745128107,0.9920056172965526
0.9960065554582459,0.9368414169126225,0.9898361923139939
0.9901446458525563,0.96811131176791,0.9853969566248063
0.991158278204895,0.9546115391203677,0.9848134131671066
0.9961993846825015,0.9679767455041695,0.993254157980945
0.9956230928939536,0.9700788411430727,0.9917246559818068
0.9950301863588713,0.9679532028901148,0.9916639347937917
0.9940349455673538,0.9600071161589412,0.9873959513642978
0.9943392737387845,0.9573229796179172,0.9898992605997762
0.9944069571854962,0.9648351351951903,0.9904657737163441
0.9945610053660544,0.9790969549971494,0.9923616687131185
0.9957644248361941,0.9673095446497095,0.991602974693702
0.995872510710677,0.9560499740168267,0.9912019563803466
0.9942013688755019,0.9482276595136493,0.9908614083638569
0.9929797496263479,0.9746683252786239,0.9901014283236762
0.9935900033622836,0.9579653990052545,0.9885286446756999
0.9962594151367097,0.9467765076180868,0.9913423853646068
0.9946089131014457,0.9572063404065448,0.9901849851204663
0.991765661743143,0.958630428834201,0.9883020807147882
0.9936409876053076,0.962220573422976,0.9882395790643766
0.991883619323063,0.9478293336998064,0.9857261392309541
0.9976289489088732,0.9557251930600069,0.9936018088325063
0.9970053735773148,0.9757731029921333,0.9945002239918234
0.9905791140171752,0.9754474567574135,0.9875356696567884
0.9950517988635262,0.9683783993434186,0.9917492957400262
0.9936441998288755,0.9733823201105705,0.9909697846608219
0.9947950115410522,0.9719391649739869,0.9915370764155376
0.9927398633859763,0.9510231253794841,0.9894544985687568
0.9939694707680969,0.9693580209024252,0.9914457596857532
0.9963158453495014,0.9650297740089513,0.9930405881388029
0.9940778988335578,0.9482843060531568,0.9913229994439183
0.9957014100763868,0.9679745239219759,0.9900397314615157
0.9919455422892637,0.9476846870406955,0.9868321711598645
0.9966684020355701,0.9746215942795111,0.993556415479698
0.9934277187329208,0.9616366370878033,0.9893706758945691
0.9876108070497094,0.9616510972697059,0.981934401231627
0.9942898491272021,0.973428916325324,0.9931441153543634
0.9926496612108808,0.9649634767803286,0.989972790770257
0.9953894136643493,0.9576835523713566,0.9919461558767899
0.9944994447723146,0.9691403680515654,0.9912299982241594
0.9954592221124386,0.9661477404796098,0.9918349876678754
0.997029219521065,0.9585334852563463,0.9925063045412795
0.9940107423428288,0.9207724482988603,0.987490791164145
0.9960053266579922,0.939344039477191,0.9895049300495861
0.9968341986650439,0.9664745044340073,0.9925684788426925
0.9937257511519839,0.9543946399043257,0.9889900964463773
0.9959079244816403,0.9663839286470245,0.9928060970313005
0.9948372539232685,0.9530106927803312,0.9902615110746172
0.9927646212609493,0.9528869541907846,0.9874087957293554
0.9932299538163596,0.9789310208787376,0.9909790465217032
0.9947094748994424,0.9780343685105015,0.9927139511673118
0.994427602149706,0.9739564466208656,0.9917767479046685
0.9909262844590635,0.936660385421396,0.9816528289449674
0.9947728183787621,0.9338263905096105,0.9889460374259812
0.9878152214471003,0.9718792474923069,0.9833127305230434
0.9947287693295868,0.9588481174274183,0.9911778574239168
0.9948232049858434,0.9644795081351616,0.9893484228112077
0.9968956784243959,0.9807992536624766,0.9941370383510312
0.995438134499858,0.9780462688239756,0.9930618534546706
0.9937498444060681,0.9501594321043941,0.9894501687016088
0.9952682654910189,0.9756991174081859,0.9927270785908694
0.9947310156909609,0.9703713881708937,0.9908386182582248
0.9954219485452462,0.9461882240542002,0.9894751817514517
0.9956399341238652,0.9791644401005795,0.9934961723232034
0.9907291637130858,0.967851327670176,0.9872253119990142
0.9951132793785782,0.9453601364117759,0.9897053471499947
0.9919432722386209,0.9482211942076958,0.9868471775398957
0.9947671173279925,0.9687996419609388,0.9904084909156919
0.9928515795312995,0.9474816038809774,0.9866281711314382
0.9952797218737651,0.9527545652935682,0.989720662829639
0.9911429756949065,0.9756160473523237,0.9884700876379515
0.9940332851959292,0.9749524391852532,0.9917695704273283
0.9937324448697715,0.9534654823374195,0.9905706849528373
0.9925429491638108,0.9577913341011611,0.987787323253168
0.996132669962009,0.9562428921539191,0.9923244655822633
0.9943209822487313,0.9577272739430678,0.9898062757311552
0.9940882726105902,0.9647950933577384,0.9890364565224833
0.9944367641742297,0.9714371413945755,0.9904111618223564
0.9911061961356861,0.9796560910492691,0.989103726342915
0.9942918298819983,0.9590037623832753,0.9892348737546948
0.9925602762544122,0.9587892504633045,0.9880072908496028
0.9935604496791461,0.9681303300040115,0.9899340838176024
0.992859118579348,0.9295802218287486,0.9853284181375729
0.9946963602788594,0.968460694731426,0.9912106828203187
0.9958469339426052,0.9730014498670876,0.9933262047702754
0.9935163551908721,0.9610407144320774,0.9920896365470216
0.9918247565249091,0.967569667454304,0.9874109559853924
0.9959374942678146,0.945247720102981,0.9914319015481788
0.9958247057390921,0.9380552122975029,0.9893666788941264
0.9948407500654955,0.9635638809250682,0.9904936730174095
0.996072816421464,0.966422421662167,0.9926679453985368
0.9958082533495666,0.9754363828285298,0.9935114130462287
0.9887547465295609,0.9843606196145627,0.9865724336922864
0.9936423698225075,0.9825767891876017,0.9910639073198902
0.9920150192699704,0.9723070372198693,0.9893465935699699
0.9965635328942403,0.9656424895711339,0.9932509318306499
0.9941345119955417,0.9708494271338889,0.991122882332353
0.9946591950807887,0.9415714870442482,0.988805660354161
0.994432858121101,0.9477096613963045,0.9894664825391078
0.9932903814989211,0.9573158090731665,0.98882135526632
0.9965241203250349,0.965684787731888,0.9931536704433124
0.9952494218078024,0.9719622475405681,0.9927320440103929
0.9955968239566123,0.9754655869505721,0.9933663496313484
0.9957996228817826,0.9787209980964796,0.993119041631327
0.9961866861688804,0.949944189749891,0.9912416970480753
0.9953363068014596,0.9653551671514685,0.9916086992826466
0.9925557666021708,0.9706609447244732,0.9905029251850739
0.992298845121324,0.9808360191363649,0.9894388165351781
0.9918496073278616,0.9732245643481572,0.9882235606612711
0.9956309591354445,0.9769612596320192,0.9931108764994959
0.996693882046001,0.9765955127335488,0.994056377878273
0.9930113171184738,0.9393723389278037,0.9859442635340879
0.9885051506847937,0.9659219807135236,0.9855117446958996
0.9931033121427623,0.9712345732947997,0.9890792444297916
0.9907537926126708,0.9624595856729607,0.9876918144093917
0.9889047824442948,0.9679419616832835,0.9867227707103112
0.9940148164637175,0.97703445294232,0.9907995823103187
0.9968357092650928,0.9654823211699676,0.9931458513587414
0.9951585803179469,0.9732156297040488,0.9922910271156843
0.9948427667057538,0.9717300551673888,0.9909872555914301
0.9956755457075483,0.974643980564879,0.9922313839851319
0.9966755653896519,0.9692093091049745,0.9931113563892465
0.9957948174596807,0.953372748987815,0.9899063307281327
0.9971773207948158,0.9517179761760133,0.9924358747731786
0.9963246026603405,0.953376596390499,0.991176135883424
0.9901868027363352,0.9518700208873118,0.9854501567564123
0.9968026438281256,0.9506320372815926,0.9919514258192998
0.9940044525128341,0.956785379752946,0.9884175914669217
0.9945983077096944,0.9634092863613815,0.9898949982380499
0.9963165437554917,0.9684242916937045,0.9927556165457259
0.9926883318966842,0.9699809246518386,0.9897896720554213
0.9942726997130505,0.9342490206485646,0.9873438986647259
0.990820949972622,0.9683194933996139,0.987429429970545
0.9924760674114992,0.9195100775969179,0.9853054921569644
0.9971799979048631,0.963422899749544,0.9933559415375908
0.9909528646007748,0.97336410945103,0.9877018960540274
0.9960660182897817,0.9635475989544858,0.9919013915377607
0.993845877158712,0.9696028271477276,0.9907227991956573
0.9945965333860254,0.9712968907658852,0.9911963305756146
0.993341262991093,0.970680492815287,0.990002853212591
0.9956842882421078,0.9701758044687139,0.9929869323259511
0.9922649849566109,0.9771330196439104,0.9901774138881645
0.9969811617748645,0.9681974882152424,0.9936086957635606
0.9953202816478397,0.9652133561718218,0.9918545796293808
0.991871262522029,0.9545636590762,0.9874994629949878
0.9949383441952162,0.9628289010700075,0.9909205079603876
0.9898673225170891,0.9711271767251372,0.9857503779363362
0.9866139389150742,0.9655610578849743,0.9836238083926537
0.9961795700447846,0.9473943700594399,0.990818744038634
0.9787489678438097,0.9507463640535426,0.9749260666209713
0.9950073739199559,0.9547733530208864,0.9898661240069786
0.994400066978538,0.9396990902751344,0.9891420810957886
0.9939882689642655,0.9804166650938934,0.9922845537489661
0.996632277706262,0.9454695804856449,0.9907368814024867
0.995622155181652,0.9660107575521827,0.9925284982837714
0.9948653725160079,0.9753693298410431,0.9921159851669661
0.9907176646146877,0.9670911263430615,0.9870167366764687
0.9925788564792024,0.9692594313711137,0.9893069860893905
0.9958999373630475,0.9784479499002439,0.9938501433288817
0.9939187617613762,0.9592229223643574,0.9900170792924712
0.989472448891374,0.9698685075252308,0.986241089457036
0.9936662404343998,0.9521766078636775,0.987880963959458
0.9974252283687813,0.927945652822038,0.9905441228465067
0.9945094836466024,0.9397478519601915,0.9890895466261025
0.9936487834813401,0.9645893987207441,0.9889206532158827
0.9971557077274603,0.9569564684381677,0.992874276597752
0.9973909891468444,0.9715519636918196,0.9944801694899338
0.9904417865831309,0.9670096622939216,0.9887190756080771
0.9944625864214585,0.9650579899760419,0.9906555761648865
0.9940357804448886,0.9664984139377545,0.9906387100490661
0.9967048952245483,0.9618409977586833,0.992879568563662
0.9939299509949266,0.9685782226206361,0.9904640936440462
0.9914709679743164,0.9611738931857403,0.9857508054804444
0.994906077650876,0.9574519465128629,0.9891098722766523
0.9960190644807693,0.9816687579857972,0.9947655956381587
0.9958896557768192,0.9812123834172582,0.9933273928230705
0.9959070209531604,0.9865998350861858,0.9941831524301837
0.9945347812876433,0.9623442702744452,0.989877973382567
0.9930749482105691,0.9666949242338538,0.9889546653795568
0.994072013496369,0.9701040964109219,0.9919815376177985
0.9867950661357289,0.9442336298434103,0.9789943731828394
0.9946493475544347,0.9658762301421673,0.991144270115014
0.9910509003573073,0.9004808042221054,0.9821923859681125
0.9950657491440595,0.954925149699422,0.9889058431652277
0.9956751359078152,0.9623745807560933,0.9917358025721565
0.9934088230806506,0.9545328499082951,0.9892447379731588
0.9911464594425664,0.9718313134022283,0.9875326828130374
0.9913376697392026,0.965115023920503,0.9890853969762885
0.9930663742928171,0.9755646353548048,0.9902770608122151
0.9941466181049501,0.9486976115439842,0.9885509950913866
0.9882196904376931,0.9668625067051033,0.9836524190371089
0.9944511754143774,0.9245243444366094,0.9883195259685312
0.9896433517976719,0.9624473146505576,0.9851611765577691
0.9898145626732211,0.9714279624620531,0.9855893240763558
0.9919196257870867,0.9562024041349154,0.9885244721035152
0.9944262519390519,0.9617525395552761,0.9901121375448947
0.9957396744758831,0.9459088535601109,0.9908615443077654
0.9924480996619163,0.9607589105320269,0.9874857454448769
0.9937297267575601,0.9676408965413731,0.9889897369968839
0.9940057157979882,0.9530891168682315,0.987723652920107
0.9941355267971902,0.9603453333792189,0.9906894469005044
0.9957179983958969,0.9668352963241863,0.9924528118471745
0.9962431399505864,0.9598167491989456,0.9917729531220517
0.9912226098419996,0.9668136453090466,0.9867969303965889
0.9919114395108914,0.9583079290968287,0.9864217324964649
0.9893168074868126,0.9715365918953267,0.9874867639964027
0.9962745161693791,0.9546434825610949,0.9921136609181612
0.9891813854151965,0.9418353781616706,0.9860445084404599
0.9965031677656742,0.9819428775363676,0.994771350043028
0.9955668039184202,0.9751866530609598,0.9921053126540994
0.9962056679077078,0.9720259434345393,0.9931005359986357
0.9963188471146192,0.9452891040670537,0.9911467591084517
0.9954009859284734,0.9761804972604304,0.9929921240423274
0.9928471529579864,0.9404944575414426,0.9877110979899791
0.9850736562274868,0.9605854888011784,0.9822196795042274
0.9933516163116168,0.9708313630942792,0.9900917851664167
0.9934560253016125,0.9504386314564776,0.9881902817390829
0.995235355454526,0.9411863529892052,0.9896919639012999
0.9974935801882803,0.9659750305819305,0.9939482875293383
0.9964986258763869,0.9752671126524712,0.9941197645454759
0.9945337906801468,0.9568314077848724,0.9903375936611695
0.9900420540171527,0.9252619093904617,0.9837814603731398
0.9963621868483459,0.9633264717508004,0.9912742777497255
0.9921451356757907,0.9648239323163584,0.9888374904369196
0.9961503162309696,0.942767358890523,0.9902837590443656
0.9951429437467494,0.9758729795098938,0.9933351309535768
