0,1,2,3
0.4103677397096099,0.07612771695157583,0.3201602893015628,0.18896970299773053
0.45300808928760844,0.05192822430700156,0.3336387414483697,0.3219348744639355
0.5119686528303898,0.04969489887909151,0.2460063585125968,0.41432165049428715
0.4115139082421593,0.07417905960567722,0.31679045833937747,0.18643557009075123
0.4272388527245394,0.05127894069132255,0.28371312855473957,0.21159508386739617
0.40425438010804277,0.05473603708521113,0.39304729037358743,0.24129258452131386
0.41642644764236225,0.05871543254823358,0.36448113057753795,0.24216026526105455
0.9645381078419885,0.9859156681083397,0.736998828095167,0.22679886286786766
0.9460017074361357,0.9836986807863979,0.7662336863794905,0.2153884803998758
0.450989854444471,0.07944815081258144,0.24234539785057427,0.22629957588652894
0.5354041960749795,0.0467213375768008,0.20542713376043104,0.390591104017745
0.5692604467657011,0.07400659892978123,0.2048851976050805,0.47077689228998176
0.7487472253121507,0.20568637371783594,0.08807128954635168,0.5832698452630268
0.9642105530604731,0.9872254222593895,0.7385390410551365,0.22833158584456698
0.9636862640941926,0.9616474409478932,0.7085771083723466,0.2574559860178336
0.9745173348224228,0.8798120274892276,0.593704424282864,0.3645592873442172
0.9693877026834155,0.9979012298014962,0.770667574836361,0.20825136838570485
0.9477172309156734,0.9810658002128533,0.7624519996861123,0.21164678935407216
0.9627661117938882,0.8866671377313781,0.5561426660754341,0.3051247470074039
0.9695636805092375,0.9978841112127589,0.7702117778291593,0.20902362900003435
0.9783236275951003,0.9899815150460949,0.7483741259219747,0.24874447327103666
0.9214331550831837,0.7017716282441937,0.379352628027613,0.4570395465027709
0.9713366831366177,0.8045555634528849,0.4481585362246143,0.41986061250570206
0.44861877017670815,0.09600247652385879,0.2836230339418988,0.2408677691091179
0.3940402497385671,0.0857534889921231,0.28107794548739784,0.06670480964750425
0.34179453318462805,0.12738248869314617,0.37663494259008556,0.07024422256209961
0.3732259864546362,0.11632770473441889,0.32748783450905616,0.04561241811613598
0.4613532215812819,0.05769287004014911,0.3330987923985042,0.22928127461984166
0.5454568078913594,0.0503177241288954,0.23608239754099822,0.377503646255252
0.9894011019891117,0.9866171139890922,0.7178953021114571,0.2595792013207022
0.9872781915782775,0.9502627469226346,0.7042422565029995,0.28635498160585143
0.9419692814217954,0.7270640309104477,0.4686541063431744,0.48846875106055
0.9539428196326555,0.9630084468007856,0.6878808048647042,0.24481717519639543
0.9688271421534299,1.0,0.7729338686420545,0.2114264299708566
0.9722423962307007,0.9784647633362913,0.7320549096483757,0.2629614452241318
0.967377494442294,0.9679033225359613,0.6798004466188294,0.2527233984907074
0.9908521727950915,0.9953070611733029,0.7213520595654741,0.22928470598395745
0.9778296748457366,0.9637096325206149,0.676916519186572,0.3185494342213296
0.9720138333149141,0.8668604882887521,0.5647108680910264,0.3258793136908263
0.9962933585760277,0.9144394723645101,0.6308118476927886,0.36937781565753064
0.4299278631054262,0.06689020907260229,0.2900252816056532,0.19797388446744302
0.3820973015587956,0.08205303807080477,0.3638914476517119,0.15917333518595655
0.4093654832701665,0.08666792862058414,0.25010669444215217,0.07104296265293897
0.3589684938255733,0.11776064508253714,0.4093108442607576,0.10983956351544288
0.39011934359715617,0.06929825857643901,0.4519210636358909,0.1573570624539919
0.5247104019347426,0.055917557917284866,0.2564444549090335,0.3683205167966527
0.8283482089553067,0.3974101643519803,0.12873331660915371,0.6157478711362644
0.7679751109736301,0.25026523406105894,0.09305513756562556,0.6595228329392278
1.0,0.9113195705429986,0.6091515636964226,0.3392521700714416
0.9638674483645655,0.7776653044293855,0.5451964143168926,0.45344131076291694
0.9768180279598568,0.9827988882179051,0.7101809649466719,0.2326261965628887
0.9975773372215524,0.9816615166944744,0.691753617216222,0.27407359671230813
0.9836698131177967,0.910183057550614,0.6508318229769458,0.3816386123663793
0.9453334082135758,0.8343625906491713,0.5139458765330378,0.380733366807152
0.9849635451694468,0.9859395508810767,0.7035308914856316,0.24748973779270278
0.9686710529457925,0.9589749638818591,0.678074289325783,0.31489594020113176
0.9684241286355562,0.9080221349075914,0.6676495965182313,0.3937076365588124
0.9430761368236967,0.7804191077999679,0.4036092762358193,0.476955343451815
0.9709185362199158,0.9255945483590766,0.623207382464304,0.3545234404003546
0.977585700854079,0.9350842822529561,0.6493741311334401,0.38214708098868533
0.5709355335258931,0.12328393952736255,0.17107480398610364,0.40635509629802186
0.4899864625499749,0.0838471338123139,0.26114645263615976,0.37657863509861816
0.5382877333250771,0.10911076268047754,0.1526389641916468,0.288091361526737
0.46376097223479484,0.06990497986510552,0.2453975543830467,0.26899520915762454
0.40317833004540576,0.09161215688286423,0.3301518118596529,0.1673581883801351
0.3064300666202761,0.1598355085734992,0.45246301970916203,0.11807562080975992
0.3577671544711835,0.15077673124866736,0.49234562749248173,0.2021925507936682
0.3637363301327352,0.08238817737188975,0.4363302252129118,0.19692332298816223
0.37110563587903944,0.09138750792580252,0.5131165365006345,0.17665994275983266
0.7163712969683775,0.18513522176169117,0.02789734883010664,0.6321789660388022
0.6324261080563551,0.12253764190347471,0.1613015068520834,0.5822774602904212
0.8771298870465325,0.5770193404670847,0.24712607370714137,0.5612234953366507
0.9008216047178441,0.5794146290776453,0.2468527154790006,0.5707319306480887
0.7789692128355657,0.2609703487311484,0.08145651532708825,0.6488785064271643
0.9989281666151113,0.9180240736267901,0.640334507087799,0.322673495175267
0.9957066269847661,0.913390503522735,0.6293664721540347,0.3740266794670649
0.9397785831029076,0.740346598869424,0.4866864237129021,0.5339223559702146
0.9522398263296704,0.7621661914220366,0.4250417460868363,0.48849481189888644
0.9821305104314935,0.932652297944198,0.6557825463227095,0.3690894087201836
0.9750005970056419,0.9049996113195811,0.6519901742507797,0.4123638692462878
0.9634303152800678,0.8717803394725414,0.5835318407971577,0.4826020230237794
0.9455486773409424,0.7475357557367825,0.39202131594298595,0.5274703925765711
0.9809636073691045,0.9335321621859844,0.6571394206822663,0.372463912468941
0.9563295579437016,0.8705573229732397,0.5932215295305808,0.5054464620708762
0.5988071757856733,0.12018412212911123,0.15808340826533152,0.46452775835688354
0.6609415618944905,0.17999472809905515,0.11300953836877614,0.46383573917396
0.6280447981926557,0.12942852427254586,0.14823686942253705,0.47174762754858296
0.46384092152957845,0.07832529626865758,0.23798559468499525,0.19888186415013243
0.5007630391585719,0.047338673431128186,0.22008758561097178,0.28387438738007575
0.3478277524528602,0.1965512651781785,0.3092881134611737,0.20427524779697803
0.330107162859807,0.13762125190060565,0.36364649003498467,0.10979299724077585
0.3583225389275446,0.15186266895760908,0.4761962056333241,0.21504578270151892
0.3504129083657429,0.1797539231486715,0.34635287034200446,0.24567766417298936
0.3048283907282525,0.15734634089385258,0.4480345624005674,0.10894305304979796
0.34904725796002894,0.14303689175546913,0.5437738061329649,0.23414209175392434
0.6132917822034563,0.19761389246841415,0.1474387841223973,0.5059341172762539
0.587316570016544,0.13067188535603075,0.19797260126467642,0.517545822107367
0.4366029925150765,0.012582631011577472,0.37225675869876984,0.32781864548107986
0.39742629891593495,0.06421440194675299,0.4369786261685071,0.21355428309919677
0.791699872213025,0.33042074941539246,0.07560861385482681,0.6786034893306667
0.7518520017460333,0.23826375051941132,0.02124200766490325,0.6815452338242753
0.699203844383121,0.15715056979925052,0.07664876984485697,0.636703023771331
0.5268651671088211,0.07097848188192507,0.20502440746670259,0.38209714602321976
0.8800205050612195,0.518462664618125,0.26357205231366376,0.6113718242764279
0.9271379257969192,0.631757784040834,0.28103029244831307,0.6321092576417653
0.8986963340521467,0.6048420292468748,0.33121228881520937,0.7080598073917348
0.7839020413705473,0.2974076550998774,0.15014001032769958,0.7063810869226577
0.9025613208097285,0.5734351814783738,0.27075159565507767,0.7245312952471972
0.9357039501780743,0.7980108512080365,0.5534839564290005,0.566750067616675
0.9334398757006486,0.8047692076029012,0.5368423885292873,0.5636403194621927
0.8790368688470238,0.6022154965998529,0.3494208768526619,0.6927093101557378
0.8934856896359264,0.649040352207939,0.4206191991282531,0.6890396777563654
0.9066634437617909,0.7618575625190114,0.5138299026831961,0.6356948451227953
0.9172252718874764,0.7755755357988194,0.5315895642243929,0.6179127641950597
0.8769758457070851,0.6115395730259744,0.39159418199509216,0.7424352444401952
0.4862327895768924,0.14335134826317092,0.25594396677469644,0.3250927792285083
0.5592584155581337,0.09287599263099389,0.2248366552425598,0.4345708978895919
0.3808095569183791,0.1105688605898556,0.34912310159721666,0.17083646347381837
0.4320631073664665,0.05859068538562667,0.35307495763059943,0.266101409751661
0.4120462448430004,0.0736017365013164,0.5074810069270872,0.3474123456469793
0.33308684578594544,0.2364853945137473,0.32791784601064766,0.2734342818720532
0.3528801860352883,0.13060710528618902,0.36475989710692813,0.20674438847403853
0.33172642785700523,0.13087345803921713,0.47519426275968235,0.2319801600093659
0.34546826554033455,0.13308269256565192,0.5620516991607779,0.23624039441321273
0.43131384359243563,0.12812678307792646,0.28990206231930227,0.38615826729837605
0.45002382469026514,0.03082449055027886,0.32396487457371437,0.3430871660182015
0.3676398272251789,0.05822828121980511,0.6279801098989309,0.3126021124605616
0.5502198542695345,0.12356509543691274,0.2388621331592379,0.47616556025934464
0.6013463240835408,0.1304595680267221,0.20775997685359543,0.582871235131578
0.5675685778992399,0.05618287002662076,0.3646955692534194,0.6863432052895527
0.47502251613720137,0.0,0.42726578109498586,0.4626172837121104
0.6644476337195451,0.18519643762688703,0.2092116886343678,0.7458791118827449
0.7882216548663179,0.2985274917770937,0.1295932083883896,0.8829446067840041
0.7333415641436746,0.21283642839845873,0.15522460084580958,0.8596296940786907
0.6313819208920319,0.10095596651499983,0.25730498406172686,0.7203223746217939
0.7437960700923498,0.23312250239009843,0.16271677586811112,0.8028983087511348
0.8368378374400842,0.42079560046025594,0.17361559954290579,0.9177363826785114
0.8313481275959332,0.4677979305330271,0.30471940177177076,0.8824132937375849
0.8028504103789014,0.44722544619419435,0.2910848212473016,0.9026112116861167
0.7965983729236006,0.3921220423735543,0.21978192754555995,0.9396778723110757
0.8137545101693664,0.4304856485088565,0.2888137846332334,0.9390002797423511
0.8187955286221165,0.48659720273544643,0.3293522924692339,0.890139346913325
0.8132762808825464,0.4200430134460531,0.19098333264659467,0.9121366784714993
0.813733719100793,0.4535748946582407,0.30397486521519734,0.9379451744475746
0.5557749136702075,0.0546594717255548,0.21165714062044408,0.5057442367106009
0.5894054823444606,0.06659552479505304,0.17660182541508668,0.5296898349238097
0.4496863689866954,0.03337573262616739,0.33952539147758953,0.37740971462112394
0.5398645224121472,0.06434071007489828,0.33650769997751573,0.5891757164586429
0.26949434281618945,0.2419290537000243,0.4922004797472522,0.22267926738777954
0.35033457740747387,0.11837660208397227,0.43482297523980334,0.23131159239831572
0.36563283830227145,0.0626766687788265,0.6162658606166979,0.31532337222432016
0.2534626500774997,0.2706529399172918,0.5397004086051266,0.29489367268051614
0.35367562229507854,0.07698177322979488,0.6095343158307708,0.34136786457624824
0.3452492998373368,0.08625250365864306,0.6591779659545843,0.30008683074729126
0.17674745981041323,0.4249367282131097,0.6827761183364058,0.46296855394513325
0.335495503228551,0.14020137183895376,0.8248688201066281,0.6183864334579999
0.4292300216487436,0.05443445854320084,0.6689228999697473,0.6298015164247805
0.3636366310582883,0.08394477220673807,0.6169996274364679,0.30478291106715827
0.32921135936518586,0.15997992390188936,0.8749377670430757,0.6202813455347
0.4112811247505701,0.06760679631907679,0.7164506951701077,0.6298526421832725
0.48761123915879406,0.04336050072444414,0.5552830836097878,0.712795199549805
0.4449880213594735,0.06195274499432174,0.5559505917093985,0.49259406058447813
0.4554117615595565,0.1003565297321789,0.6761922942223858,0.7909255429397302
0.49158566538083687,0.08082455819211887,0.6162363164823164,0.8372734010963505
0.5374436471796621,0.05476413446490158,0.5043141419185488,0.7989572852200304
0.5794430374702955,0.12001873783032246,0.4330215586697956,0.8469902408557515
0.6265006708677352,0.20121857815395433,0.4047554049362925,0.9778791393336579
0.6422391453267231,0.20129355653198,0.3780626778810902,1.0
0.7085947084196678,0.2364787864263016,0.2937134806098434,0.9247991014651862
0.6877910923148436,0.24749811045121586,0.34773307444473245,0.9829672725891634
0.479399096813767,0.0063693637827065275,0.3601765352011425,0.4488189871446685
0.5225822590471346,0.01795568252333618,0.4002904257770923,0.59332158772696
0.34409441932315665,0.10707594003686172,0.6434513007873699,0.3322188294021965
0.041586475850705296,0.7877593921475317,0.20552577667611316,0.4818642132708978
0.1519210149040376,0.5023964788467836,0.5732996816394565,0.4707168806302378
0.259618264179717,0.2745891876912248,0.7901683344542982,0.4164828928323566
0.05970778378732605,0.7253071641970285,0.26246575945428235,0.47381622697260894
0.14726902198813435,0.5015323722269057,0.7534147376715196,0.5822091463746917
0.23696450329408278,0.32230215464235834,0.9003382240998328,0.5254370194738844
0.2675779286736534,0.2436617774797837,0.7089151600064203,0.29390869882766735
0.1320603379718358,0.5789995423249041,0.5159000588670627,0.5599495739890942
0.16879734046482028,0.4542191262739951,0.8333723193431484,0.5810597177375546
0.267279599400884,0.2660952067223085,0.910727074023541,0.5587421333627396
0.19570839370495038,0.4155037646846533,0.8793041501522891,0.6204062377875166
0.2754473307738915,0.276459822776298,0.948855316637573,0.6374029750459607
0.3125117752420927,0.1900406340142508,0.9413989470065587,0.6387442153703364
0.40224894932213484,0.10863555273841746,0.7239339094714483,0.6922676982945367
0.3836839763824568,0.1475166807379038,0.8196568298821373,0.7246177374199219
0.4077742625696067,0.11170464513165551,0.7774183158111246,0.7326368980317977
0.4897292902213808,0.054188658503094456,0.551261041510971,0.7259215617739393
0.49251028654604745,0.06134529525507065,0.5917172438127065,0.8044251247676895
0.4963660058323286,0.05784425768127727,0.5694875978560406,0.8134524326914425
0.06936938294052214,0.6910668127591658,0.36827683948698037,0.48721070540283473
0.1802407064270573,0.4019396310626731,0.6256246587943046,0.3835094892259397
0.05223632759893221,0.8071513710948935,0.11622430011801532,0.4746152843471165
0.0282579430906455,0.802750931193992,0.22573793880397472,0.5017023737706903
0.10772942510300432,0.5647217937949955,0.5633437395173155,0.4833092201968575
0.04610827294320452,0.7999022211186775,0.16735396771163547,0.4936198954815891
0.05115824648058237,0.7700387129859949,0.24182867543934997,0.5107906412881096
0.09911629975347835,0.5966756299042286,0.5909487401395046,0.5256808656827143
0.0716398092803,0.7295863951238767,0.2686836187260472,0.5027409568122244
0.0854165127873055,0.6693984387430815,0.487592192321367,0.5639515003161711
0.12497330829426884,0.5351928721214365,0.6979866234807407,0.5456696036009832
0.27722724061770926,0.21193234317473547,0.8448764603397553,0.5054696531567751
0.22246818237606025,0.3456623681491434,0.8945469738801732,0.6029290938845351
0.23983035598752234,0.3028630735598766,0.9036344571739588,0.5826509149191856
0.4330135850369283,0.0646757713277063,0.6160335661108682,0.5906154792376305
0.39791298108241846,0.0910371492107186,0.7928491647089616,0.6787341318603348
0.4242193730378646,0.07222080232171774,0.7293197339333242,0.7217331666599136
0.032144519238298586,0.7654719261908893,0.23029317191938006,0.452151568319854
0.09295565275486173,0.587099236406878,0.46496562321570584,0.41406921804100316
0.049841120138083284,0.7827697658041777,0.14091596039751259,0.4313241693662414
0.0301575317398744,0.8007911649766787,0.16695701527158052,0.46184087099051757
0.06367783659594606,0.6566002123745648,0.35455970972663015,0.4006128572994061
0.03130173470402131,0.8018586572761756,0.18153412116941836,0.46891784991539254
0.017413925670298536,0.8041854064915562,0.24131723947856704,0.4790800487148726
0.08409352051727903,0.6261059570919711,0.4190530225730309,0.42237735356716305
0.09588601329628754,0.5635795442542576,0.6282191999305937,0.47801932485513765
0.11103093572165212,0.5410049516948808,0.7324180250563503,0.551780733827456
0.3897690214674899,0.09290372578539202,0.6008707702444526,0.4719673376754034
0.33107878954190506,0.15042556603472196,0.8525181931692236,0.6071453002830608
0.34298152878427995,0.12969841521412756,0.8539385611729111,0.6288249094597756
0.014003045006450443,0.8060715471676436,0.18901195528892684,0.4538652507072135
0.0031880101274371353,0.8205679739614298,0.24341856603644554,0.5005095889078507
0.010730030994311524,0.7917126934699713,0.3487656194458293,0.5040847589084401
0.10202833361008479,0.5595019250347342,0.5929640775194595,0.4493503863668989
0.10153934433785966,0.5514287153347277,0.6280181460973192,0.4400718798707939
0.11915802211753185,0.5034203909396565,0.6898580872999927,0.4272677760094501
0.20056357679686204,0.33006240375997054,0.6848016161991239,0.2791605705114459
0.2858239483120846,0.1972954815146819,0.7503133159200406,0.4669344979539825
0.3028681990644505,0.15860055068782908,0.8422712525711926,0.5045875477613764
0.011524673271307684,0.8063460429575635,0.21289321396353272,0.4617876535100645
0.01533891454933295,0.7878564321718329,0.2727435189336097,0.44276752191615387
0.01349291756934845,0.7938404716113963,0.29693034194223666,0.4877450424368081
0.0013804714178690114,0.8095183672050714,0.29714438694627665,0.5013850705170395
0.07834859076124051,0.6138650344447859,0.5775350001449088,0.430781379268613
0.10077243505550487,0.5715946340040525,0.5176240556515511,0.4333943082036207
0.10898018663229397,0.553290010642663,0.6394224631627199,0.4735122163378244
0.09646861444153876,0.5704555259064605,0.7082570156727509,0.514128651539396
0.16445400293671242,0.4514569684857708,0.7988706567169921,0.4674736539784849
0.28283150959679626,0.19925610626304124,0.7308401320772777,0.40336301729655066
0.3099567906753828,0.1489359106053768,0.8367780681742898,0.5035661117477153
0.012299982284204702,0.8008081534849545,0.29592715361273964,0.5054612098858258
0.013253108733331742,0.800172268156813,0.24823144799889293,0.4762122068341993
0.02648060175947281,0.7636511639547666,0.3070375477828571,0.4509957959678933
0.09889047889848851,0.6034157099942484,0.44606697179108806,0.44239682099626315
0.0847102412291541,0.6348446324170709,0.552682984202024,0.5259660958662967
0.08342063962351437,0.626428322491734,0.7272273868426847,0.6173684934403129
0.11604123615155171,0.5582732370273098,0.7612876121107106,0.5555956899810466
0.08795822959781813,0.6133473532320364,0.5859817543974364,0.45731152519685137
0.27914371550209843,0.2171190414173068,0.7349095553941459,0.39186188386527776
0.310623241610127,0.15455715563773403,0.8468789377728919,0.5206892610869176
0.3163490897468863,0.15521502456387404,0.8853468254546413,0.6039148824905072
0.290217111514545,0.2747835279007501,0.9868032575482545,0.6958766785912053
0.42391544249849916,0.058843223593640304,0.565206763387214,0.4985485897767222
0.4031594821737934,0.07575961526153929,0.7235100748685108,0.6450418339691697
0.3791256756055998,0.12314001850472617,0.8024448970962428,0.6922318334887787
0.021888552375166126,0.8048354966060968,0.16743230840806944,0.45271809789490663
0.017197337576979055,0.8225223028154511,0.13200945367309141,0.45913262181569797
0.030523510082175742,0.8119763936222278,0.11971905627786422,0.4441788819312105
0.044995898710079085,0.7989507345747727,0.1387354308144047,0.41754037971318614
0.007442126550756878,0.8165023091363209,0.2825515341747838,0.538850206134107
0.02669857823800592,0.8211267736080688,0.16802371599148636,0.5145379200518483
0.014294467062782257,0.8320932849656021,0.15352290744576302,0.49071928426946426
0.011756880698280014,0.8295783093223881,0.18320559556906973,0.4890971563368975
0.02907285579176,0.7949525554931054,0.20180861467216454,0.4275531785446547
0.27120516314081616,0.2038052021153789,0.7497524085311913,0.34216191983662814
0.14307151697189857,0.45047440571960673,0.8157663772828703,0.49226513436830166
0.0974900147335439,0.5772383634441851,0.7967164469084219,0.5849877835603313
0.017865324412865813,0.790508252460576,0.3894566751203633,0.5368431636588018
0.010830723631926886,0.8164123715052194,0.27130888501224193,0.5097175056633959
0.0,0.8242324966592736,0.28853127822135016,0.5214765476290417
0.017496187494203508,0.807313321269498,0.33072154874551596,0.532986850950035
0.3276989826746186,0.12408695223247734,0.8160211392030754,0.5361636478026562
0.23775633409102145,0.26224643805875414,0.8469698572219718,0.48519833949024244
0.12296825443325282,0.5173864861958094,0.8216933880489703,0.5759145752659064
0.020524880418381575,0.7841297570294701,0.4379983112227856,0.5452829679901986
0.00916976369128314,0.797879417909707,0.43421033280979976,0.5569342040161249
0.29588747630720635,0.16773191291019446,0.8105928544211654,0.4591882247992863
0.06837078687565012,0.8090190143293514,0.0777856941227531,0.4419365207352946
0.06815517065198018,0.8101473842848442,0.07134780978421496,0.42246914647434225
0.08269170267675119,0.7940224541770762,0.08968620642479197,0.4069563214297588
0.04590549928276022,0.7979755733868696,0.1364427984878952,0.41581888470513156
0.03614865690391211,0.784666521045926,0.20052865629190147,0.4081765944178067
0.06753692271637013,0.710443936517821,0.3622471084896982,0.40155882484647304
0.04456077878414111,0.8303055111345233,0.0812002162120738,0.4696889138610721
0.06659705534603283,0.830049850995433,0.04545732501633459,0.46271692645226686
0.06988253011546369,0.8427765070940161,0.031784577069530084,0.4646717698885232
0.06976406614711445,0.8685594691967906,0.05764735483828881,0.5150402486476116
0.042398785329544386,0.8299819229784222,0.124398614710032,0.5095126579261832
0.016721711512434678,0.8130089202936656,0.3054393807039535,0.5275184160058627
0.02439073491672189,0.7947078481288758,0.27592648699508826,0.451471950619568
0.030244444654244917,0.8214244497362333,0.1066093340493412,0.47106965698141423
0.060751710629421696,0.8418870168980763,0.05744500751182113,0.5009310826342359
0.062499861161478654,0.8593704032816907,0.05064449516854047,0.5122242542478486
0.029866144393172922,0.8672539296526947,0.15775514218845776,0.5648407406770228
0.009303951122176246,0.8342078209160433,0.30259242093222916,0.5773127229622843
0.018744935864933476,0.8188244535033635,0.3634177666951448,0.5811591332869362
0.018217175935618946,0.799149757680913,0.4069903034126362,0.5607765014043367
0.015703157410117352,0.8002747195283137,0.40422246230788955,0.5519847903140394
0.03605834244576833,0.8026049028678788,0.173625422592662,0.4790994368034702
0.02569088824998489,0.8197415988054244,0.1946524854321735,0.517869040155327
0.032209183279621356,0.8511481994210484,0.19784645755893243,0.5386857866035596
0.015344120993883936,0.8584588514394756,0.265042285417259,0.606697475929294
0.024263905927460805,0.8314496468419534,0.40979613385007574,0.6442525418808958
0.03458280135039904,0.779064944179352,0.5687895801887233,0.6637683391135366
0.04944841538042033,0.7438840849885379,0.7042698510244523,0.6872179054408178
0.04150105545043942,0.7476976018470177,0.6538974580834158,0.6519038101209071
0.015845050378945902,0.8555223890848133,0.2683891896812537,0.6048903221649795
0.01376205604300218,0.817529424460559,0.4455027369378652,0.6350696787838944
0.05385410875943342,0.7445484579377544,0.7004598387047731,0.7031627650803203
0.08399130065592875,0.7005184330778171,0.7733271468115899,0.7283897936879007
0.12264231364954825,0.6448083925208106,0.8429987206415006,0.7344296055965015
0.06530273323066688,0.8067203885097536,0.08649281543265608,0.4282134536924251
0.04909979185328878,0.8222606069429459,0.10354311780824815,0.4356888723556678
0.04387974112724663,0.8001271822688468,0.1433388793572396,0.4194179704518498
0.03261216208786483,0.7861222775069965,0.2228891606432688,0.41954716757814037
0.05438353475100427,0.7282731288003658,0.30666101003971924,0.3982345380931085
0.09591298267906145,0.6937236671617703,0.29033343292606045,0.36279031729839645
0.06964317250464142,0.8438755048812954,0.03250300943376455,0.4662098964802884
0.07519390187892949,0.8696131729673653,0.036003539447287014,0.5200651797798205
0.011583436675472736,0.8472488554740512,0.17191223772410286,0.5386885873174212
0.014506612323418266,0.8153227915433547,0.2917235819293527,0.5343851709980352
0.013825505247263115,0.7998893691690783,0.3160581068636086,0.4894515176375092
0.04193148957628151,0.7861692365536088,0.2472967398235173,0.4385997580747283
0.07649960875304684,0.867543020470398,0.03285851385280597,0.5185350420774549
0.05440956697375898,0.8646320799022877,0.1409388683494251,0.578685715155978
0.031982911199437136,0.8385931974994998,0.3109857576651376,0.6108398296576842
0.014864676870002203,0.8171626495912301,0.4345561688358798,0.6344480064824265
0.012133098381531593,0.8138111004838265,0.4341999708045464,0.6098692158286351
0.06720495981180163,0.8753903064248197,0.11520180312201267,0.5783671075139133
0.045004923213967374,0.8698954475688847,0.17165462636961715,0.592271496297558
0.03396163780584044,0.8222803791730984,0.432389122513339,0.6508046141474922
0.05934392273247541,0.766338027919846,0.6341853904180499,0.7081132990679506
0.06678070400015995,0.7320920570060452,0.7243105409459769,0.7057449370849205
0.04949166357982354,0.7435453554667146,0.7050486464043645,0.687429709916238
0.08067871766520257,0.7375987011517948,0.7357235000456097,0.7259741446870559
0.11470040313153063,0.680468559188223,0.8022382381257981,0.7658601018121769
0.1287630966377198,0.6619897060566609,0.826860499683544,0.7578680630783121
0.13895813074479096,0.6320424261067532,0.8176692744864167,0.7115188887820308
0.05129427352188348,0.790224130716503,0.13634299330296712,0.4209895743876965
0.03795761870832415,0.7943486699585003,0.1825352099157614,0.4303675904431589
0.035675495223121856,0.7736511514670423,0.23815697315994128,0.41034032018606953
0.04333615360649723,0.7273925100919024,0.322379445590821,0.39650903199275417
0.07209644917704855,0.710055724388432,0.2898153232902523,0.37097853918337353
0.11976498942328145,0.6291378724893041,0.2963373221788979,0.30596337866463025
0.022916790464348247,0.8323580767530918,0.11762682166489374,0.49391609153713734
0.011549976591825328,0.8330876980618116,0.17836982440098798,0.5006459680045822
0.0022793467147751434,0.8164352916825408,0.2791430296407527,0.5048706274667629
0.002998009610957808,0.8101191568246923,0.30187930313785327,0.49431218200538124
0.009162405249651118,0.7974246306001069,0.30611307507535723,0.46352919810399423
0.06619622853487045,0.7509759676867647,0.26074796300129566,0.3976659970962825
0.02611517877125691,0.8176717324854724,0.197566613118548,0.5167542581113451
0.025499325800140304,0.8521757830349479,0.1874705800597114,0.562415236297051
0.01098403606913717,0.8438307832186215,0.260083951082562,0.5917788370195114
0.014049694749626973,0.8000196577593464,0.48898229680224864,0.6237468666083366
0.013250193124383247,0.7984496646369605,0.4875275903035401,0.6188036653988167
0.013452307301851096,0.7976293512304624,0.4841690188246751,0.616111799420817
0.03502625158761852,0.8215082735856429,0.24238952658936477,0.5709630150027073
0.02434054479125075,0.8530866584587631,0.24946470940025747,0.6061672831684194
0.03629054987274066,0.7841870184486355,0.5523066339216678,0.6745013170327555
0.07895694645220375,0.711325543837792,0.7745108430534973,0.7081680285421806
0.0791798169886147,0.7108266592517335,0.776660816203203,0.7082779105355318
0.11484663480415164,0.6798078154838832,0.8020210437470271,0.7655089118793417
0.12690849166941104,0.6641825114208044,0.8314842691919053,0.7605293914825144
0.13062042631201015,0.6628328746002498,0.810664390218627,0.7489702382278592
0.043284783353594536,0.7421608830985624,0.3345737683104741,0.47191987047180184
0.03480851807649782,0.7390335927068361,0.37823104757839143,0.45693814695119217
0.012207619957870841,0.7890952924713488,0.310607617115217,0.4576768342529232
0.07159333308527521,0.6688052198063217,0.3695121817252207,0.35653467415374646
0.07098119404460496,0.6880215380984339,0.46833031418274795,0.560303709567837
0.10833968982363623,0.5817327604624496,0.7027817339714917,0.5856455165216734
0.07036207836823644,0.6257417448077344,0.6543259042707809,0.5180084451981537
0.010528749847971863,0.7790151493786786,0.467577468924201,0.5370678435838206
0.003555550403103791,0.7989506565264959,0.3750644918834427,0.5111423639441408
0.021503691993960017,0.7703000186171157,0.34261410325247554,0.4374847370887247
0.28527633447421574,0.19644727885723173,0.8262822894799524,0.5098667132047383
0.2950794014032687,0.18804647452290912,0.8553161501698356,0.5541285154599561
0.2352081786440808,0.3111647435744675,0.8719976382688922,0.5395618459823912
0.0627071470738671,0.6564558620864053,0.7073280813510487,0.602208773781821
0.02945018418318246,0.7607214137519192,0.5906721200589637,0.6201583334813989
0.03961885632601064,0.7273400616498137,0.637787900184767,0.574287521112682
0.3902282754332734,0.059617826725957,0.6989387094559714,0.5511140620842506
0.32121000860521154,0.15246507157495287,0.8689274103242728,0.56153988591012
0.17333895675624345,0.4338541601084434,0.8700792191470286,0.5939011043884577
0.06835929798800772,0.6676067104659722,0.7026527408314671,0.5845535749847225
0.07480668124286027,0.6490834348567975,0.7716972516568992,0.6374942273957791
0.2439347350655568,0.28647964755895694,0.8685200162072823,0.4984775769912715
0.16288986550990114,0.4713129127322964,0.8339906840745606,0.6091967703060842
0.015156897247831758,0.8020865582447755,0.31479068974343505,0.5198835211699654
0.023414075338224538,0.7688006852014327,0.3563499043058739,0.5219997875687914
0.07394140486812284,0.602396386489656,0.5842996321117896,0.4355716458329592
0.14146390573308687,0.4725865471976923,0.6837531556078685,0.367512861426444
0.03706450521005439,0.7510666077523585,0.3980790257604231,0.5323951756650038
0.08522318014631364,0.6499503170685235,0.5664053254277029,0.5615255572229791
0.12945124976883388,0.5092564248300916,0.8068007447971298,0.5810513430155461
0.2319169594308287,0.31803957401458594,0.9106904812885712,0.5256541002591948
0.22233087107843658,0.3062344859537557,0.9403129751127035,0.499819932704839
0.24909057297547058,0.2741220687538719,0.8306592829826048,0.5626536064247921
0.334952826835598,0.11814997590389531,0.8447372129855768,0.5419276540277461
0.3621632246051849,0.11433609482012319,0.7945417286715439,0.6128312743111755
0.3465088949675479,0.1322488768072469,0.8462911669674382,0.6397823675328149
0.4034014918173088,0.0647567594230547,0.6998276579663565,0.6067782226643197
0.4000468684138477,0.06564385613850221,0.7274723069668556,0.6312438801464311
0.37879629639913964,0.0884710779622157,0.7840081949729906,0.6351339502706657
0.024614959128716085,0.8093916688355416,0.14680905914641973,0.44543970847255815
0.011365182519896988,0.8028399322457705,0.2457738671708466,0.4597787680475259
0.027376839124473196,0.7854600378773491,0.2818022641829748,0.4750592327479238
0.03236975002957265,0.7602015081632775,0.31202508881892865,0.48753033050703304
0.013652755417062623,0.7669182908426373,0.392480534145952,0.5081613879125169
0.15300537846547896,0.43834871647527324,0.7307498687479335,0.3601872515766804
0.05664684561656247,0.7184665449182923,0.450218313414413,0.505485493837693
0.09287502228358269,0.6285269626097763,0.6593720649186612,0.558412111342783
0.13877330196323223,0.4877300303857552,0.862625511487513,0.5668444144615294
0.2950225730609951,0.19358220465985682,0.8743384860228313,0.5240182679244825
0.21527601722819445,0.33835643805146964,0.9036716122972736,0.5519898590185666
0.31097249858801224,0.1508369324862633,0.84933252564369,0.5185233926746236
0.05416694665768479,0.6905316357243406,0.3239994708300601,0.4327886097638698
0.090861308369797,0.5737890588699421,0.45886541888092236,0.37652426599596184
0.06350862714804023,0.6788124397922584,0.3531320775401554,0.44136913919483645
0.07785543633337466,0.5905941992231178,0.5907901372531251,0.4502392976928353
0.10521474709452627,0.55974377062881,0.4128985632140059,0.3308386062745329
0.0937772644146318,0.57040742865581,0.5614753260924459,0.3949156255766924
0.13794617147223814,0.47350615976025706,0.7570294887578757,0.46010862946710723
0.18938875924456297,0.33882821386934536,0.6918841288047775,0.31154511129794027
0.10261752958510056,0.5369109553452508,0.590394440813707,0.403185534296453
0.17355412175471902,0.3775690110669335,0.7765326666456958,0.40354987779173196
0.05649915613946721,0.6673789655939261,0.42347159063407447,0.42396204447505403
0.11922792731303589,0.5162429878826408,0.6465545784203869,0.4454000440969459
0.1985720770464937,0.3430275233606298,0.9458056346138178,0.5366569769017803
0.08607283718739817,0.593538453397426,0.5220926481558668,0.40966989587799785
0.1329765160194663,0.48229330774008927,0.6757562932849219,0.4587949223143864
0.2349757976689568,0.28257506136936017,0.9415195980528016,0.5497496718033403
0.16951187291499253,0.3914101640397872,0.6467293312254019,0.33763794044574574
0.13279763993951088,0.5211931510659782,0.6330627695503904,0.46797249147462694
0.23205774169148638,0.2833894561148588,0.7546089130829188,0.3477944961985029
0.285591871046226,0.18274741277766848,0.7650260511403717,0.3684662244249386
0.16389319943931455,0.4453370811422147,0.8692862890733831,0.5624760685855418
0.22359490904133114,0.2991639754753583,0.8996990884922185,0.48403756233115997
0.1453716894648775,0.4824255723338683,0.8160527454280546,0.5380545840407975
0.202814496324389,0.3865786374893764,0.9340650280644907,0.5819769730711871
0.2696578078202741,0.24606298475134394,0.9400576882967098,0.6112015408736415
0.15969269204005437,0.45461416274959715,0.9012847611767278,0.5404914832132496
0.22742376307372938,0.3515418879378678,0.9467465478072647,0.613493182882275
0.3152115163221343,0.18526194614731334,0.9430567178768745,0.6684214568744747
0.19226453889227965,0.3578789007097919,0.9299371725985952,0.4914647721157449
0.16340139868703188,0.4701866728443613,0.5579537908742443,0.3282870188487181
0.24939188727644918,0.3026928502679189,0.5886193276152436,0.259878450741922
0.22127076954860267,0.3558398764672686,0.7736386349695097,0.4197125428767748
0.30817359209409034,0.18559630496562912,0.8461884748556734,0.47575023642725484
0.33059358361938695,0.22833710237134602,0.9321311620094226,0.7150480546092668
0.3638343501288144,0.13818049382081388,0.8613406415823719,0.6671115062037025
0.2842340910491916,0.2756698961656131,1.0,0.6710388826199902
0.3486319225233846,0.22341004472998788,0.9296372696405788,0.7471817611120652
0.3757262686439309,0.14527591470759427,0.8676825449767267,0.7139861335912465
0.3541822397208124,0.1113361011680497,0.8158787799667224,0.5749351401674636
0.28371877452235383,0.29800956341146734,0.9882910746607645,0.6898400003484636
0.3626261339289136,0.19392392603229514,0.9312245170124536,0.7297272109399282
0.379053067397633,0.13948002364758727,0.8570390456104822,0.7267049155654102
0.3659503403070997,0.10004267159460023,0.2920052072661624,0.044890515512163054
0.39159403430658213,0.05278084970014374,0.2973740288537465,0.10898169114984135
0.23827250100380254,0.33565310589996067,0.4081996961153325,0.19033294165643755
0.31032265621138555,0.1913005413324423,0.39447098584164847,0.13152362249767768
0.37146276326560423,0.07508436758573894,0.3512027387112631,0.09603015614398908
0.26745866638380633,0.2549859580743388,0.5091842140890953,0.2146605924941119
0.3227854006296605,0.15983282891599165,0.4303421695352659,0.24557864033184015
0.3596787873621403,0.08101944473958256,0.5051174855497127,0.2177307702829578
0.399366523864884,0.10597629184727475,0.5912075606289316,0.5711209125911854
0.44612620654146024,0.046063494666753135,0.43603278270390394,0.49776512826548736
0.43235856875602907,0.03834329732324593,0.48642030623470095,0.4006108987582441
0.4956564108270722,0.09009237481862886,0.5825657138595846,0.8598223205190527
0.5200462866804432,0.04737746342475635,0.4670801518399791,0.7707348637593329
0.461058185384691,0.023467659968008536,0.4335608890924818,0.5068351578476065
0.46798412332914785,0.07658893023597535,0.664743192298459,0.8161802888218346
0.49003220984276263,0.10073316470049182,0.605492805722084,0.8875641629835908
0.530715098564243,0.05544523576147076,0.49817215117778557,0.8351665748659252
0.5043487001659953,0.10262195901799454,0.5868231342269884,0.8993870455569521
0.5232664466029824,0.0909263987057723,0.5386095158132542,0.8489611599978653
0.4010972262996396,0.0932305919691237,0.25066934523487044,0.11613362540352606
0.36250960936115956,0.08966102800819653,0.343673999073409,0.05718203781476067
0.3699174514745484,0.10852537458750189,0.3008019732782303,0.1540625768629479
0.37975222131221287,0.07118028870994214,0.3265735504037367,0.1303830934715806
0.3464175348817901,0.109591956323768,0.3646552835016518,0.025371067558796256
0.39039656941467904,0.082694256697869,0.27867527250808444,0.20033406758258077
0.4453467714212566,0.053338218461705944,0.31271084642032887,0.3376118996824562
0.4294966957386432,0.04478480372991678,0.35353824377592635,0.3028989824892945
0.3506352842899215,0.10363934432371014,0.39238237863350206,0.09372756980734254
0.574989583639935,0.0754699781058974,0.2110430500404526,0.6592726097203745
0.5677649823425168,0.06154933946702601,0.20892487057850756,0.6710531094629908
0.48971655178704615,0.015241007355581815,0.3154115102372863,0.5064137522555735
0.40395024781895095,0.06408692309445396,0.4283432960741057,0.2274357021120939
0.7603957772541405,0.28833473802887727,0.11402296216614893,0.9587635895728772
0.7163875410753766,0.18363250625400845,0.11810717629648604,0.8892768367222519
0.6106773313625669,0.06433714587025235,0.18575462074198446,0.7113775447834537
0.792235650066948,0.36411901654592255,0.12925765000931128,0.976318260369214
0.7879830608673631,0.36256391763638185,0.13847965659517875,0.9785056531488782
0.7634009370489483,0.3024646240981652,0.13824435331170437,0.9518885146978485
0.7735088326290518,0.35502740691260065,0.20283414856522924,0.9953418683736872
0.7436856587582394,0.2652313553853364,0.15000104416769355,0.9355332231724436
0.3625943095365959,0.09829459832038029,0.3035067237838268,0.09183188998250691
0.32992494597793137,0.13906709623050761,0.3762062245816871,0.008475093326053174
0.3917926861984236,0.05772078530719338,0.3294522944900827,0.18367242888278512
0.3533325045830596,0.09989448393282563,0.3670062354995195,0.07277594254636738
0.6067297356847766,0.1331954463097058,0.15090564582034294,0.5235150991145607
0.6376197968181543,0.15444320515343407,0.14576862196221718,0.54750496035803
0.49967635005189787,0.028382672158629108,0.2659468308310739,0.42628122357242476
0.4297294541809971,0.04986494005840303,0.3435917872705348,0.23379839128249252
0.7879670597277766,0.27378917984477136,0.03586365471965114,0.7401463208866945
0.7819229676678405,0.25883869419196986,0.015124309757351573,0.7862202809788957
0.7315822024010179,0.17017019311329062,0.09029411073299037,0.7566947872439869
0.48613357209856645,0.03247609615422842,0.2688939332207332,0.416113958516594
0.8747788302354758,0.48821500530546175,0.2151083866686818,0.8331965644869106
0.8695742947141953,0.47951279661499685,0.2106815280661216,0.846543474114212
0.808162163948301,0.339498297350823,0.1277893665186448,0.8972989586483646
0.9033021978693285,0.5913063117017158,0.3011511602015315,0.7155276778373393
0.8752210656356333,0.5621398852503013,0.348488118290215,0.7899215477351162
0.8463578907207552,0.510847695863972,0.28239702735018246,0.8608246862174198
0.8297483607335783,0.4741725446883621,0.2833208251916685,0.9041191630341994
0.5135154701516617,0.09726493341909626,0.2110703071288984,0.28325334181177964
0.45849703985859575,0.09332279300025592,0.20148985295831828,0.1368077352160147
0.3291455499060619,0.1353787948242962,0.3829079534121994,0.0
0.4087402722573075,0.06235125949626397,0.3268928276402324,0.22425897968403685
0.3576750264348545,0.0945305640694663,0.38248481710812343,0.08552100030876009
0.7364815014330912,0.24437123631696636,0.0,0.644309449252898
0.6252752820782239,0.11269445337952683,0.18499908949326976,0.5548170288541998
0.45079869549407914,0.04490387938440099,0.32426259359032505,0.31235196758335476
0.9074794671710763,0.6484469251424407,0.2763859770190876,0.5572131081117541
0.9027774229682233,0.5495116220128193,0.23332073333490552,0.6879928453394569
0.8313121684189013,0.36477951309738543,0.1275262062658235,0.7928967441117712
0.6812617249131288,0.12482726615513484,0.12814014687558972,0.7105732110990558
0.9677592656663999,0.8329495786277594,0.4857578010480744,0.4446891915822088
0.969674091843348,0.789681409014909,0.4651095999043715,0.5015728358582375
0.8982348695167809,0.594202449113304,0.3034732804235879,0.7267948204389093
0.8261442168479991,0.3973937481977352,0.14282646858999232,0.8029487921081258
0.928809923400011,0.7999940319084251,0.444770582298017,0.4518183088313566
0.970351519698687,0.8536565409607244,0.5083111717957296,0.4709349583129997
0.9725278135209838,0.879278021178556,0.5878967335772574,0.4678611934560157
0.42662665294201607,0.09719240055374734,0.22225409297801538,0.09637476537852002
0.3369752008021535,0.12074013805387351,0.3910623875762266,0.03461757540939697
0.4566229888198893,0.040251967935270305,0.3085719306503185,0.33705761686528934
0.3423220978722719,0.11364253181533945,0.4024120967333448,0.052222729562724834
0.35191488518331965,0.10191528390268861,0.39705608354031413,0.032369107482138004
0.81454071800619,0.4176062356722876,0.15014327218009954,0.5554542441383291
0.7666637117201371,0.24323620624184333,0.06816727873889739,0.631839010298072
0.5786737505782624,0.06687394901491112,0.16947627135477594,0.524663309539095
0.9660795625253727,0.7913559868283647,0.41241123028036825,0.4421152062796658
0.944706899385945,0.676269288721077,0.3584199245792239,0.5767977363149912
0.8320987580616588,0.4017102081526733,0.1555925902861061,0.7202823420404432
0.9579122476679294,0.8746225715408718,0.5455164507776538,0.3712598797042082
0.9989089374799032,0.9052262374996579,0.5880265140609646,0.37240217925151575
0.9805841963998616,0.8689270765810735,0.5888970068605004,0.45027887980971876
0.9407879044435546,0.7359260745452622,0.4664042418928252,0.5624388954742876
0.9564979343604793,0.8756608217526167,0.5511056817307134,0.38028153136108545
0.9943823851680473,0.9380608354058619,0.6460390932635212,0.35036604507584046
0.9739291454266868,0.8792533319069578,0.5878996954892068,0.47438648169295167
0.35373362642607986,0.09752192037889423,0.3937732399953644,0.030418212464864147
0.6072667283757615,0.10850627877574931,0.19120806302918636,0.5085528317418541
0.4427876347150173,0.03591833735941036,0.3193781570841379,0.2918143445873615
0.9258358634339876,0.7456824473691852,0.3598739796447663,0.45287478510494655
0.9188923407230599,0.7041118537953889,0.3332231833272402,0.4949741885035388
0.7804252818283145,0.27439798242082236,0.13197646022352838,0.6038943569791297
0.6461402995191189,0.12018877900963398,0.13357656754222158,0.5098053109807693
0.9571322181453061,0.9094299437105421,0.5738344848359669,0.30344461638869014
0.9903433643239424,0.9026678670144777,0.6065496740190944,0.33408340759337996
0.9341621483983866,0.7366689900771503,0.41955988912851216,0.5125319547741822
0.8021961338469988,0.37868496484237324,0.16068732254070112,0.6766736995529543
0.9523891471593916,0.9023537487159758,0.5563027686640664,0.34490980009186023
0.9839999017023269,0.980542772693135,0.679795028944441,0.24866086706591448
0.9989314293203633,0.9847825111918628,0.6901190917308255,0.2674918016250376
0.9853500369032789,0.8950457503389637,0.6037624492627295,0.4072132428593861
0.9874217506093623,0.9435942501105945,0.6437807291334896,0.3146245490693999
0.9881414895040854,0.9387798681650132,0.6603485772943354,0.32988730366134067
0.9790246579990703,0.861033638078901,0.571617474995558,0.46343618698421224
0.42137945603102045,0.11806269191420893,0.2843792213103491,0.1408093951814936
0.4661700244994455,0.058491173832556476,0.26263245135968816,0.22884975316270706
0.5006585024293965,0.04393280272298994,0.25113522773972263,0.38298250063840605
0.5864600578234673,0.08410869960435768,0.16599259424532004,0.4793665191446458
0.7381545403250932,0.2240065156782859,0.13565099319093937,0.5373006240350855
0.957330444844176,0.8477011452387898,0.5280027638387743,0.356325658640941
0.9279567953958925,0.7359418142811073,0.42523047189893537,0.46655701656458903
0.8049756116253381,0.40023165509071973,0.17921769981592284,0.6028563458316148
0.9479099734929495,0.9390814987392082,0.6198037144700383,0.2806335658168697
0.9700056729419827,0.9702044459004207,0.6762312302421258,0.23232815360302472
0.9782142575499,0.964491832351885,0.6655143017043254,0.2719439730627575
0.9124096924837822,0.7215488534864218,0.4267261085527232,0.5016199975294178
0.9628077286406653,0.9580129928527551,0.6478917504415967,0.2587287714115162
0.9867178045964436,0.9938969889703216,0.7132325778370776,0.23204537159589483
0.9810999467970786,0.975811330049825,0.6964502910003505,0.25813259148181245
0.9863773031228116,0.9816554809610595,0.7057206254913165,0.2605903099468163
0.5229366270180873,0.07066587251677703,0.22280139056891993,0.4044758682189468
0.6441010046077729,0.11562724746517411,0.10569998958831711,0.48702879512044034
0.710278194910402,0.1590248731533388,0.0740918149962802,0.5723550598848246
0.9629767298307892,0.9374340557100276,0.6184669923595044,0.2590438928503126
0.9594795957355471,0.9259257852463157,0.5944413779699214,0.2878373779088527
0.9627326170006103,0.9386390690734536,0.6208843624208958,0.2586976071045469
0.9660568624271306,0.961349192465698,0.6632008610090574,0.25898505827380697
0.9614662361376678,0.9409252592009293,0.6241711098782725,0.2617568640678737
0.9803006534296169,0.9690115560360093,0.6721798220985701,0.2642173871638215
0.6624379808325092,0.11441687478673312,0.05914462007499188,0.5280192776542956
