s1-f1,s1-f2,s1-f3,s1-f4,s2-f1,s3-f1,s4-f1,s4-f2,s5-f3,s6-f2,s6-f4
0.001220071682824,0.000132289486797,0.173165469077135,1.36253275414963E-06,0.000685739056577,0.000961665648295,0.035272850691093,0.002534833089209,1.29936120154463E-06,1.9067728072039E-06,4.14310981581682E-08
0.00063592573903,1.00270812636241E-06,0.138554996293443,3.94749704242354E-07,0.00056051911517,0.000322746483904,0.014943248364131,3.60270563070678E-08,1.98237567085243E-06,5.19022056236586E-07,1.81761676447204E-06
0.000488882310419,1.25499393700374E-06,0.017982345119072,2.4550801320133E-07,0.000782251411777,0.000345263546308,0.02238694082406,1.68945435200121E-05,4.2086829779507E-09,9.19781701758363E-07,1.08733382045205E-07
0.000270919460656,2.14063529946735E-05,0.000517821014472,3.62406788292752E-07,0.000221647664858,0.00042868278352,0.012774210444779,0.000605998566623,1.23313625649613E-07,3.53678478366165E-07,2.16224274990014E-07
0.000197851989184,3.15164682626552E-05,1.41870046950139E-05,1.66399181160242E-07,0.000169113257549,0.000264926039585,0.0128769399762,0.000853151208312,1.01388808895657E-07,3.30464384862779E-08,5.35175316075623E-07
7.8984496415906E-05,4.51676709018072E-05,0.002664276246126,1.55069504260737E-08,2.37700848390236E-05,0.000129442497268,0.00925946584909,0.001089814018509,1.6616055623509E-07,2.21902477012149E-07,1.32044890335808E-06
0.000513593136213,5.37067320700591E-05,0.000308846382328,1.65264789496961E-09,0.000152314836397,0.000626196858202,0.01703160233142,0.001063638798609,2.89337591050077E-09,1.29116510852561E-07,1.43784652332335E-06
0.000209130090394,7.90183656436719E-05,1.29636602516468,2.56495478980837E-06,2.91438965717278E-05,7.88782740531694E-06,0.002676780254405,0.001090258345903,1.82036641885812E-05,5.46104173351122E-06,4.23352570906885E-06
5.87118493316792E-05,8.75666467039087E-05,1.90555914999828,1.61275105196645E-06,0.000105602912301,0.000514049841261,4.85870561354965E-05,0.001047838236222,2.51096389948168E-05,4.81816920207414E-06,3.25193955700706E-06
0.01152328874219,3.01507049669976E-05,0.961224197703697,9.4493830034989E-07,0.005819527545869,0.004530493469684,0.155181911748271,0.000336510765833,8.61247704697593E-06,2.642412504336E-06,1.4609680907985E-06
0.011044712191462,6.1023502636574E-05,1.14727879734907,1.56225628865973E-06,0.006444216059565,0.004850368412676,0.160453367016282,0.000778622776404,1.20097868358152E-05,5.7703958443618E-06,3.04805115588606E-06
0.000780127260443,4.66552877940696E-05,1.25018251334003,7.87331094887783E-06,0.000201503943004,0.000217237397091,0.009298263695991,0.000550642776932,1.51675205618792E-05,4.05162902167085E-06,1.48751539530896E-05
0.000151631789799,6.73424740699023E-09,0.041827411682744,2.31583381772156E-07,0.000310455131256,9.41142291636333E-05,0.015004503118702,9.83806261605267E-05,6.50961026360454E-08,5.72957178185633E-07,3.22782584846926E-07
0.00035356966949,0.000112782116352,1.11374187081476,9.63555560211149E-06,1.08971546620544E-05,3.40401635488461E-05,0.010049973916588,0.001445559624138,9.05312345691562E-06,5.774564573887E-06,1.85153867792107E-05
0.000949391913437,0.000166967858779,1.67133967170715,9.76968558558884E-06,1.59092972667759E-05,0.000131194184499,0.007704362080989,0.002698242458077,1.39325901129962E-05,1.23990743837466E-05,1.41746838732983E-05
0.000106666424972,6.78942607893955E-07,0.000853733673568,1.56730460051751E-08,0.000315297495938,3.72264713221837E-05,0.011155190724971,0.000154535613256,1.08267002688607E-07,1.04505954328214E-08,7.61574103612605E-07
0.000955281803371,1.6302177918928E-05,0.210593429357542,4.2303928300937E-09,0.001200592487394,0.000347596965667,0.030996601549089,0.000511987128333,1.17028675898022E-06,1.06100274747584E-06,9.49688520774791E-07
0.000207936284538,4.40354029223492E-05,0.281833886069303,1.25240277276445E-07,9.30154953570434E-05,0.000284398121094,0.011382053050762,0.000953641049564,3.6156832843833E-06,1.36048641588279E-06,2.12689969528203E-06
0.000440504478657,1.99471533409409E-05,0.052843803083315,1.87582015094687E-10,0.000585646993692,0.000273343938802,0.018092625423411,0.000548539677004,1.59327460696327E-07,5.41122971897298E-07,8.30763905836227E-07
0.000172839008317,1.79617064713259E-05,0.002764695740889,8.72531393507614E-10,0.000203665827605,0.000183039209354,0.00942280195966,0.000459244831146,1.69566866370649E-07,1.76588092594639E-08,8.41094407417234E-07
0.000332629055458,4.75587551748224E-05,0.007081592347363,1.78618884643193E-08,0.000173603592656,0.000302727595709,0.013605435815778,0.000991315483243,7.57325079051055E-09,5.38729387498712E-07,1.53294597529263E-06
0.00022334371563,7.83507159964331E-05,0.001063258164446,5.08172486105895E-11,8.04609067887577E-05,0.000252804927271,0.009979026446327,0.00150300659161,6.89476234753303E-10,1.38293202123749E-06,1.20227199018127E-06
3.55695983328997E-05,1.94546464710591E-05,0.828262029417933,1.80250823929179E-07,3.11302554242204E-07,4.2929060839052E-06,0.000297409636335,0.000111405786133,1.05085625750893E-05,4.81562645867815E-06,1.87408994845914E-06
0.002120923262973,2.04306030236489E-05,0.009668202955484,8.57696513835795E-09,0.001133462481187,0.000933314789302,0.035246355246184,0.000312086769751,3.30032088392553E-07,9.60898252957922E-07,1.77710141618278E-08
0.001353111670705,5.67837351122159E-05,0.585282964482205,5.03122121397734E-06,0.000817422576662,0.00050523460283,0.025550017032479,0.000912337526694,7.96091758989449E-06,3.66040064755071E-06,1.27658075941723E-05
0.000378760348463,4.11729788026409E-05,2.16102235012831,4.11358742928058E-06,8.95897447615968E-05,0.000458853334477,0.003147472537667,0.000567676367428,2.79871854908255E-05,7.41029871048583E-06,7.91878795710571E-06
1.48602985177618E-05,1.07767724034292E-05,0.078880250927975,1.45004870134242E-06,0.000299143103738,0.00011958834088,2.13060593606542E-06,0.000244126745479,1.42510135676234E-06,3.07078548338256E-07,1.59396891486001E-06
0.001753451424724,5.4425344561919E-05,0.378441617385248,1.39818804149734E-06,0.001170063621627,0.000803705277768,0.032160709030816,0.000856479809667,4.92225929247998E-06,3.7209752919356E-06,4.15447340237346E-06
0.00147324100552,1.09191646169986E-06,0.309777846418042,5.44867128106071E-06,0.000154241794502,0.000397052528224,0.010345038968594,0.000101346767364,1.93766939511998E-06,2.66901511359913E-08,6.7782797647633E-06
0.010277024298906,0.000135709772822,4.34973460339255,5.74273839701468E-07,0.004064629058977,0.002964986905267,0.177962090186381,0.001894181813308,4.93530003614572E-05,2.60924341102804E-05,9.22888949669769E-07
0.009946466250665,0.000279919938537,1.36642953463916,7.84613876069582E-06,0.003523308927758,0.002753528271873,0.14260913397004,0.003439414266472,1.7331140675782E-05,3.66526919177642E-05,1.29770242921671E-05
0.000379434985197,0.000122695877484,0.017023026585296,1.2995775478327E-06,0.001028471518225,1.67600194135283E-06,0.036940795759284,0.000840432102743,1.19234002376531E-07,6.72964334201772E-07,4.99238452165353E-06
0.010289620368836,0.000246707541698,3.08453816255068,2.4628750315474E-06,0.004254635649135,0.003053220184441,0.18014170091898,0.003493361403904,3.56333080683858E-05,3.65094702652679E-05,5.13343049333842E-06
0.005707731099392,3.3843685341488E-05,1.86487050131537,1.30805757584824E-06,0.003771689340153,0.001406139622743,0.139458750964902,0.0008170029807,2.10400686371071E-05,1.48208009160436E-05,4.04540454193893E-06
0.006418264254378,4.77128148900389E-05,3.25972773642696,3.42558733190041E-07,0.004210012500662,0.001728945563536,0.154563785542264,0.00104937526159,3.56837026024164E-05,1.85359561050622E-05,1.43787739395097E-06
0.000298625695383,4.43036242854426E-05,1.3248358400929,2.20803912715916E-07,2.3593750722564E-05,0.000128465198795,0.002115803481555,0.000432809652854,1.6542170508037E-05,2.04596899836445E-06,6.36791878007335E-07
0.004153876474685,4.32288081751542E-07,0.535736742240069,2.92275177913617E-07,0.004417117844036,0.002444162115728,0.074247589945268,4.40241989330682E-06,4.59603351597075E-06,6.41875672336147E-08,2.16337272214334E-07
0.009277456694504,7.41258398506858E-05,2.42822616679087,1.2212087847916E-06,0.007668595661331,0.005553366111373,0.106735262626852,0.000811922576183,2.41625631833513E-05,3.19649702067831E-06,2.91993773860574E-06
4.83687539442868E-05,3.63239738417013E-05,0.552045998349778,3.5190729784146E-08,1.64803464805603E-05,3.59891910136345E-05,0.000213046104635,0.000243364467728,7.56426610841875E-06,1.143529959608E-06,4.29457729979453E-07
0.000675177086016,3.97664157237333E-05,0.738408435821207,1.29119368039089E-06,0.000879871356916,0.000363044920897,0.005703560192052,0.000678439180087,1.03230757080738E-05,3.96571242690834E-06,1.60550987789799E-06
0.003213400048956,1.96649514295052E-05,0.031597033501093,6.65861286967081E-07,0.002725065078199,0.001777483018911,0.038863655381675,0.000367207473314,7.29086740407028E-07,2.43290916138786E-06,7.88112420592005E-07
0.001646177547744,5.14011559299478E-06,0.199272537553866,1.40742408575232E-07,0.001395844158937,0.000338721435285,0.042888814271593,1.99543133954645E-06,9.66646868492582E-07,6.94405589225477E-09,1.16215502460662E-10
0.01274032258589,1.37559569712698E-05,0.727235125172727,3.21153183159226E-06,0.008225356790625,0.004704262123642,0.191144428189095,0.00022040532002,5.18789878347228E-06,5.79995171357774E-07,5.54638391167835E-06
0.009086052683083,2.37330295417904E-05,2.39507371002079,5.72395869716251E-09,0.005729142157143,0.002574344252788,0.14058114523276,0.000335810968333,2.04992462208181E-05,6.61541500751561E-06,8.02672297867318E-08
0.002147702359642,1.80101361525351E-05,2.04598029670037,2.90875877217787E-06,0.002410137117986,0.001058420255134,0.056353855208751,0.000562213764717,1.86330319836021E-05,3.19512693740796E-06,2.79409868487561E-06
0.001550754790928,9.38342574103936E-06,2.04889362567956,1.84060784108085E-06,0.001621453536232,0.000514898969436,0.045000524239504,0.000361991839661,1.79791708027135E-05,7.92647253135235E-07,1.11950388085871E-06
0.001365735453202,6.04153485501005E-06,0.057367487103702,2.36504456937569E-07,0.000955393970404,0.000134863088458,0.032804749963086,1.31343027372669E-05,5.46017961150411E-08,3.62905843250315E-07,1.40473323541852E-06
0.002040311503044,2.08507378278657E-05,0.415062315005225,1.04374853867327E-07,0.001764510369823,0.000525882373156,0.048731495653187,0.000529487546804,2.58541182577561E-06,2.13949307357033E-06,1.24877632028487E-06
0.000874884997626,1.67529284174889E-06,0.187927165258455,1.25984870525129E-07,0.000904284139659,0.000176793829923,0.030197715528842,0.000146070812074,8.74642280067731E-07,3.82182805156919E-07,1.53643949633185E-06
0.002433444260716,5.19669916280151E-05,1.60586232331184,3.27949560471848E-07,0.00239406015746,0.000772242400819,0.057819223017458,0.001134623374498,1.38121601382965E-05,4.34275189304397E-06,3.95556577001488E-12
3.69105568580238E-05,8.91635427116414E-05,1.38123587926892,8.06229389201259E-07,0.000171968132799,0.000593715738118,2.10264568067708E-05,0.001043794145988,1.95046643963085E-05,5.77319799645231E-06,1.90630040549158E-06
0.000169592684611,4.13836759407265E-05,0.465479939574729,3.67145427310644E-07,2.31476251911084E-05,6.54768011017096E-05,0.006598766929255,0.00040975915785,7.93784895418663E-06,2.39216628889121E-06,1.18094600287462E-06
0.000188147838481,6.61944936999383E-05,1.29970312773524,2.09736265307827E-06,3.56208894994544E-05,2.44217220605118E-05,0.004060551373371,0.000847428010902,1.7990616714426E-05,3.85930697478844E-06,3.84848187091682E-06
0.00015231477157,3.0421029308887E-05,0.828239417305899,1.56312921503812E-06,3.16183218030498E-06,1.26594422997488E-05,0.001159526180923,0.000483004569864,1.24694298147502E-05,1.30763164650435E-06,1.96939898069472E-06
0.001663406727213,4.64153901812947E-05,0.16156406265111,1.40804377925285E-06,0.000721790565525,0.000181946310222,0.02351486658898,0.000665274365264,3.59394884227438E-06,2.06937367031027E-06,1.94634522070072E-06
0.00703992859147,6.37637430843597E-05,0.003391458348531,4.87828748798912E-06,0.003715773537467,0.002466202836161,0.102087416943176,0.00090115230545,6.08934175124196E-09,5.23699238525105E-06,8.81825227948571E-06
0.011097837656611,8.03916508137385E-05,0.105776248818683,1.34301951926497E-06,0.004875632728618,0.007160638284533,0.087846907943839,0.000473683791956,9.18742829810161E-07,1.81930540138411E-07,1.03260101100213E-06
0.006730992414969,0.000365117508015,0.8855502379022,3.6019004126314E-07,0.001784949189846,0.005283593995925,0.034626824045136,0.003285783139551,9.1435997878115E-06,7.44236952955672E-06,1.98718738220696E-06
0.01882201555423,2.77057075705173E-05,1.63879950968674,7.05247777406168E-07,0.008496340659047,0.011536666417267,0.169898361518517,5.93250748648646E-05,1.70251461985753E-05,1.15331596504715E-06,3.34930343022439E-07
0.015540925516999,3.02987883165224E-08,1.92974622589403,8.55844797860033E-07,0.010973908044772,0.008035581280623,0.209231482038128,6.95831190552733E-06,1.91776891368041E-05,2.42423428689246E-07,1.28923710536369E-06
0.002233166357078,3.24753011612249E-05,0.548757431836226,2.68424725074796E-06,0.003812041381406,8.14460178291597E-05,0.10784303852442,0.001141476844789,5.7653086336439E-06,3.38060286955242E-05,8.27724746812432E-06
0.001228938627971,4.27186155320143E-05,0.109485366543969,7.89352576359696E-07,0.000566233988687,0.000315006220122,0.029575112208344,0.000337055753215,1.38435157584528E-06,7.25129069640338E-07,2.14834107381254E-06
0.000531583490887,0.000330747946949,0.000429866526545,1.00327329293433E-06,0.000744681756412,0.00020633632596,0.008239605721569,0.004076894685851,6.62588110238096E-08,3.01179005326208E-05,1.88877505573131E-06
0.001329460384711,1.8672930178823E-05,0.236585395638884,8.74006371965809E-06,0.001303537096892,0.000246505705486,0.053734208873865,0.000647362385212,2.74777808994122E-06,1.43022361250666E-05,2.1559407434076E-05
0.006255842551234,0.000320076185659,4.00982313531857,8.85510796277162E-07,0.006110554301942,0.00261373086961,0.136016954705909,0.005733200068263,3.92824733514079E-05,8.06346113064218E-05,2.21096063281932E-06
0.000776780687206,1.1561265906079E-05,1.73028347590414,1.38696771976518E-08,0.000714470621738,0.000658350825238,0.006912643479172,0.000165941907951,1.67909727674211E-05,2.65917606364818E-06,1.68406090204873E-07
0.003432435270037,4.00063567461438E-06,2.53006539616426,9.89273816896582E-07,0.002520221064935,0.001701426171356,0.051184763530788,4.61449008843006E-05,2.89573539478669E-05,6.98023243149027E-09,2.28016023523523E-06
0.008171307883161,0.000147483822267,1.64999521853399,2.15150033365956E-06,0.005240606752747,0.004357547083724,0.1118516821223,0.001983023901841,1.96656266057475E-05,1.59051433110192E-05,3.99033431869038E-06
0.00275431316759,1.54739038627428E-06,5.18797034975132,1.94063269806063E-06,0.001556183891918,0.001442910022745,0.049086207416552,0.000118787701255,5.7198747520932E-05,4.52869055736599E-06,3.6688998123835E-06
0.002680702782972,1.15662050817068E-05,3.63110341751038,3.31502593077192E-06,0.001449447775951,0.002001041408841,0.031958860508229,0.000131166315015,4.3818994425579E-05,7.74426586878005E-07,7.15231551101669E-06
0.005221420423425,2.17393871380401E-05,3.72292553119507,1.10986043683168E-07,0.00398679703315,0.003813379497197,0.066632155672858,0.00035710664114,4.19083184098397E-05,5.36877680116303E-06,4.53293241034329E-07
0.006944044721555,8.76809502212599E-05,1.98332046582616,7.01818027562025E-07,0.005378050774717,0.004165176686392,0.106233516058039,0.001680925852759,1.84602546179141E-05,3.04811131030019E-05,9.51431912675005E-07
5.66081426509865E-05,0.000158777703184,0.30653128315089,1.05574531228988E-06,0.000103339892969,1.45890408019081E-05,0.000808002269041,0.002083585663018,3.49950890033041E-06,1.21819125832141E-05,2.51128644442951E-06
0.000995963720827,0.000284589071193,0.645865499042334,6.47672171279078E-06,0.000429578220121,0.000275173175637,0.016515268140932,0.003735742613992,7.76313223228681E-06,2.64450411409181E-05,1.357634353197E-05
1.24526932449868E-06,8.47880464843012E-05,3.37297185454414,7.68878745208922E-06,0.000152006377621,0.000213906415604,0.000835961789061,0.001040529429271,3.67214281440915E-05,4.47802152951398E-06,1.79717527161486E-05
0.000325547883751,7.88809158644059E-05,3.82174056364848,6.01080550361545E-06,0.000784588749691,0.000848417721906,0.000586941778201,0.000962410233348,3.87945160408706E-05,3.03793120539541E-06,1.53727128770897E-05
5.04765570841116E-05,0.000137249965086,0.603329471404128,2.61674767608589E-06,0.000435222722918,0.000656438227171,1.24902441365705E-06,0.001512169489904,3.78262121425962E-06,2.7861637052839E-06,7.63794058809343E-06
0.016331345340888,6.21661557994007E-05,2.13222470471635,1.67710158452787E-06,0.009337881586127,0.006543395102446,0.244562182487153,0.000807017292421,2.07083679720205E-05,6.71070370150641E-06,3.31077723197765E-06
0.003463038852144,0.000127520446643,0.325014669165916,4.4857997540926E-06,0.002106399054453,0.001633962334263,0.052670611654705,0.001719624831771,3.51079085472359E-06,1.29986173980388E-05,9.21444169262318E-06
0.004515239658563,0.000192345780765,0.582003231347467,2.89109393254746E-07,0.002767563409754,0.002055826960009,0.066709080365945,0.002565181762412,6.23965434715592E-06,1.99286950881282E-05,5.93245862661077E-07
0.000275675948677,0.000134995961305,1.60211116240588,3.43473379438371E-06,0.000117828334394,8.23417958661753E-05,0.005212994878301,0.001781111554129,1.71969674084151E-05,1.12052205749661E-05,7.59814057805271E-06
0.008873563930821,0.000222538730532,1.1492697489547,4.02532066409212E-07,0.004500975142501,0.002693346031936,0.148398884830067,0.002851272927286,1.2800199095284E-05,1.58606713111748E-05,1.41660261994305E-06
0.003143342982295,0.000216811131601,1.30534810348117,7.42122092733509E-08,0.001661589062533,0.00139661884621,0.046269718397934,0.002818531765919,1.37650702223074E-05,1.69410963500264E-05,6.24725071567815E-08
0.011562419495279,6.99145667340584E-05,4.68408106856189,5.95840995252268E-07,0.006476769927799,0.00473105197265,0.17261907088233,0.000867315259505,4.86985673900466E-05,3.94860530325887E-06,8.88094242625873E-07
0.001844130773865,0.000253392032081,2.6666042879272,1.33564688561365E-06,0.000779492902151,0.000609473890621,0.029757316056038,0.003114144916584,2.98855154272472E-05,1.54571240389337E-05,1.96310431840327E-06
0.006024817629886,0.000154993315736,3.32682570186648,1.15465751383039E-06,0.00306963737562,0.001992760571556,0.09139608729444,0.001866149523413,3.5442551050013E-05,8.81601668868351E-06,1.80284947561733E-06
0.001236281335071,3.27039500918008E-05,2.20471172942154,1.23291738850239E-06,0.001358104162145,0.001542802046879,0.014684496648777,0.000298242692919,2.26981759764772E-05,8.48197230780503E-08,3.35974396421358E-06
0.002598558745906,1.65772981492457E-06,6.85992851239211,2.98288121579704E-06,0.004405013875936,0.001886971646459,0.059927729714873,0.000218399436557,6.25325577705399E-05,1.94524342616193E-05,6.75125844353875E-06
9.34596109904845E-05,0.00023605116535,0.014458972785852,3.07411367944029E-07,0.000654535477856,0.000799105856244,0.000887457981561,0.002510893283061,1.12199475499334E-07,4.97354867014788E-06,1.39986853239923E-06
4.53261674198785E-10,0.000264631342158,1.4413600571908,3.93238394953077E-06,0.000739248593976,0.000474190086355,0.000400593534943,0.002630144065475,9.44823990563346E-06,2.32607932599286E-06,1.01049480607317E-05
0.005227467484064,0.000399459420219,3.94426908031873,9.65000603677291E-07,0.000540259498022,0.000235428465642,0.079165539785806,0.004446365936226,5.52588320386668E-05,1.16225522021748E-05,8.69370008538936E-07
0.003672756908969,0.000347743101729,1.28171653338124,3.27356274683218E-07,0.000204190506477,0.000673137976061,0.0412981520507,0.003923773056573,1.32441264698188E-05,2.21371797204015E-05,9.00970865582849E-07
0.000649276375726,0.000382641181271,0.336354142557063,1.41313021621245E-06,0.000622873304946,1.39290065496869E-06,7.72299537817922E-05,0.003537205120084,3.44369356894493E-06,7.42759845840647E-06,1.96523954439243E-06
0.000502774019837,0.000177876133965,3.26317548311248,2.6816024226833E-06,0.002222229592541,0.000118746503406,0.012068352136075,0.002219907771963,4.10095812695352E-05,1.18046610075911E-05,5.33990904347056E-06
0.006057846443781,0.000243710969888,2.05233816719283,2.75614043505728E-10,0.004509659598425,0.002312761256899,0.106589566275979,0.003662358746936,1.89215023883126E-05,2.33137608689546E-05,1.70069102146066E-07
0.0059144646156,1.19246548813769E-05,1.13574882834697,5.49606425586803E-09,0.00378149090979,0.001983135746723,0.088395181659656,0.000157837906943,9.66287021859897E-06,2.93691287023361E-06,1.73107050256597E-09
0.000977508658814,1.96914002810423E-06,0.008695040269643,5.13874590058343E-07,0.000618418987793,0.000623291498187,0.014678241543385,2.59264542366733E-05,3.10091736278458E-07,1.51958789516131E-07,1.00549468879875E-06
0.00150991083517,1.73420620196252E-07,0.003860225371575,6.90083991434352E-07,0.000727885471959,0.001148297745191,0.018604923992451,9.80210966392891E-07,2.18918911498637E-08,1.28993264331562E-07,1.4395152698803E-06
0.008477775997559,4.26057984032305E-05,0.104882200572603,1.39971992968062E-06,0.003959612839817,0.002460271984709,0.128146291073254,0.000592885618867,2.5230668676087E-07,2.44355209000224E-06,2.30567451794776E-06
0.004401777226388,2.87808723902879E-05,0.150537733813082,2.5957053456944E-06,0.001459518295716,0.000932405807209,0.067660563145939,0.000406713070936,3.50814992207618E-06,2.7816160299114E-06,5.06104315414489E-06
0.000485244474082,6.09611142755834E-05,0.524420185811574,1.20616379732507E-06,0.000110101492486,0.000166913984431,0.007810831422307,0.000820587521982,6.99818602341325E-06,8.42781344051071E-06,2.76018504211662E-06
0.001126140635462,2.04561910923768E-05,0.481149381899269,6.37800818311114E-07,0.000422156137573,0.000396204264026,0.017560310677146,0.00027052101946,6.84111106367594E-06,1.54870449839889E-06,1.19502558907449E-06
0.00377702868706,2.29502819710051E-06,0.429109314774217,1.54094086028764E-07,0.00235772658101,0.001724070038696,0.074945704838542,9.91457529830384E-05,3.06689074104458E-06,7.1927594375508E-08,1.86344678985513E-08
0.000994578469893,1.79633255860531E-05,0.277975443715635,5.64378913277618E-07,0.000501978755289,0.000409108225878,0.016083274889254,0.000218485574712,3.73791687483101E-06,2.1567332106543E-06,1.34737975245636E-06
0.00738503661282,1.0967453524611E-05,0.209635873319958,8.56569972403741E-07,0.003533431370888,0.002975268893964,0.11535913581574,0.000133795393864,1.29258401244767E-06,2.7026196456378E-06,2.39455766717151E-06
0.009625229136287,3.89169224697038E-06,0.290582780784426,4.40908257140203E-07,0.001348281303328,0.002788905856103,0.137505627968246,4.42940109231516E-05,5.40798973377723E-07,3.77118645119823E-07,1.45851463988066E-06
0.000679831888598,8.92070352864861E-07,0.04883173868535,5.75929574268445E-09,0.00042082644771,0.000265206547639,0.018796728913415,1.22495421883055E-06,5.35689520849761E-08,7.27186733092092E-07,2.78798466283601E-07
0.017573931567962,3.82340036706317E-05,3.86773788750652,2.45997606902351E-07,0.009967020658672,0.007498931155639,0.267017453809641,0.000498076037523,3.88731971813577E-05,3.19757894383543E-06,6.24100089846261E-07
0.018479839804048,7.54796218232476E-05,3.88053045456629,1.17770871933053E-07,0.007371995121701,0.007999377144829,0.280102468812653,0.000979951342769,3.15337735200858E-05,7.51797565558828E-06,2.75188577899376E-07
0.003119173207573,0.000107849049506,0.415005071259981,1.36540275031602E-07,0.000837051120743,0.001798999132297,0.028440065106258,0.001045535741491,6.89847366640688E-06,4.24113711891729E-07,4.1580135032192E-07
0.006117187795626,0.00057233322506,1.0694000588068,7.3599205605052E-09,0.003118627327434,0.002551980356221,0.09578684755331,0.007671149654474,9.8450414663788E-06,5.65204518456814E-05,6.32358530776988E-08
0.000705487087855,0.000387415121468,0.055621482339637,1.50445456356288E-06,0.00099734607577,0.000390817321963,0.004807305152774,0.004726945764887,4.85752190355784E-07,2.68300560524656E-05,3.18314615718431E-06
0.011787347664973,2.55507439429361E-05,0.764402456613664,1.32655614202346E-06,0.00657430117986,0.004914973273111,0.179323509495531,0.00033709698596,6.63330246899093E-06,2.65819497193777E-06,2.78837020771693E-06
0.012616051566775,9.22920901276423E-07,1.19209234371465,3.67076361362921E-07,0.007177123395428,0.005618227653798,0.188704470182647,1.2405544065855E-05,1.14626170315935E-05,9.93621213603646E-08,7.697087916198E-07
0.004295800503052,2.78020644868034E-05,0.0004240865108,1.20087789912215E-06,0.002304355496454,0.001829025787918,0.064739392567539,0.000370132165063,7.27863471395E-08,2.85273928178459E-06,2.43095606255037E-06
0.006056320200666,6.95514981381825E-06,0.529756538001361,6.42734759232519E-07,0.002968100840665,0.0021130278838,0.093332708439114,9.33464367746587E-05,4.2631922860925E-06,2.20156696341998E-07,1.6272687591085E-06
0.005977876471526,5.12443870680959E-05,1.29534083720321,3.24960227519463E-07,0.004138185483808,0.002290022991299,0.095060857130265,0.000773805996875,1.23888486448799E-05,5.02304895501115E-06,9.90749813762405E-07
0.005354658901308,7.38160811427159E-07,0.781714591569013,1.2970100876992E-06,0.004306570593612,0.000986343219367,0.056703132427287,1.94883954245977E-05,1.20126291651736E-05,7.83725937704746E-10,9.69493651660272E-07
0.007600145616201,3.27018544034657E-05,0.426129265477955,7.33038539957583E-06,0.003723181723906,0.001836586317419,0.082450586043437,0.000151495311924,7.49473563845917E-06,4.06653568682596E-06,8.8848958606987E-06
0.004855605247963,1.96784516009497E-05,0.693996717899105,2.64830805747551E-06,0.004338187327822,0.000665026343913,0.055902202980138,7.77251302906699E-05,6.85081693163613E-06,1.03936650948927E-05,1.41945314525069E-06
0.001407333607597,1.4783240584764E-05,0.671930190721419,2.95302994986604E-06,0.000656395832549,0.000129509933352,0.011428308184807,5.46865474829485E-05,8.21484663279874E-06,6.52876192323689E-06,2.12273714480151E-06
7.87643613301561E-05,7.56666697530993E-05,0.133512814931832,1.66965810709073E-08,0.00062442953748,0.000998710074518,0.002307984880403,0.001427797517613,3.72975136530724E-06,5.50186178904317E-06,5.74044097613891E-07
0.000258815254076,5.37258865499104E-06,2.17046943487957,2.57751701492527E-06,0.000283907313754,1.87137344829127E-05,0.000454101517479,0.000183132385974,2.64734634892838E-05,3.58604940437949E-07,9.98463617947967E-06
0.000262812813977,6.95594049859916E-06,0.04204946805289,3.75620298021163E-09,0.000124940229561,7.83290992042683E-05,0.007373988261405,4.27777618722653E-05,1.04818807569963E-06,2.53406284779934E-06,3.67800688063915E-07
2.97521981309998E-05,3.52157667643646E-06,0.987361771880983,1.40091655777826E-06,1.59484884175265E-06,1.27185338245355E-05,0.000541716801453,6.93079499460705E-07,1.3090529142249E-05,1.82247637157644E-06,6.17004082788937E-06
0.006818372028279,0.000158509222877,1.01565201566601,5.16478493006295E-06,0.003375221191042,0.001511179465831,0.072157061405574,0.001409249914434,1.23935919874338E-05,2.15548142404882E-05,5.12999013294207E-06
2.40030004155823E-06,1.63618356719955E-05,0.086630060110761,3.78087601767073E-06,0.000151010124035,0.000377283217186,0.001375646439314,0.000505076765479,1.18499227891024E-06,1.44525429773848E-08,2.70031832211263E-06
0.001611868637131,1.14466447813286E-06,2.96244627006993,9.89022540343844E-07,0.00060456300804,0.000509953515948,0.010288780260894,0.000121477753076,3.5022622874498E-05,3.84870534993037E-07,5.71490209403045E-06
0.000289390892342,3.25402375021084E-05,2.58112446945575,4.21076946787182E-06,4.62964080512714E-05,0.000123829942613,0.001682534566232,0.000595580497823,3.00235789084325E-05,1.90229827821433E-06,1.13686970166877E-05
0.002144253032369,9.81974839364418E-05,3.64336539577834,3.16380688853159E-06,0.00114165893306,0.00095976104818,0.02542587522002,0.001484946591088,4.09355645510783E-05,7.8306012150892E-06,8.18523233555309E-06
0.004540155878644,9.3604622797687E-08,5.68799659667937,2.18049624061992E-06,0.008953006442821,9.4205130193081E-05,0.060544147073585,1.74227507250287E-05,6.16093723782955E-05,3.55071168562429E-06,8.70154552788591E-06
0.010453742547173,7.55743345808547E-05,6.94223937896325,3.75405173283337E-07,0.0071511996891,0.003606009054391,0.123590044584748,0.000728192806152,7.70351935137788E-05,1.67776189039899E-05,2.96598724692188E-06
0.000836427233507,7.68109468808091E-05,0.272188308114335,1.52267100182102E-08,0.000759465105793,0.000354041997838,0.005352950421836,0.001328279255845,3.75739801961655E-06,6.89159724237217E-06,5.1136611218535E-07
0.000220864134562,0.000229331088766,0.395355352201133,7.69957505845098E-07,0.000829456848927,4.07602951453715E-05,0.000222775983682,0.003701368466677,3.63414479709985E-06,1.25262751928631E-05,4.73794048972349E-06
9.33035860556826E-05,5.84345870614151E-05,1.10628096737884,6.85300251838973E-07,0.00017176415009,0.000259409063598,0.000201997145915,0.00126502487579,1.09149499646792E-05,3.49046290481226E-06,4.35495540318291E-06
0.003443421068133,0.00015180426731,0.084239858293258,1.07740563198636E-07,0.001792151534561,0.002275495905404,0.072449304718849,0.002516340434663,7.50964255686656E-07,1.26238112421504E-05,1.31420921085305E-06
0.007927167051063,0.00023699542581,1.48946782656677,1.65364025135511E-07,0.004467174117901,0.00291588389938,0.1401587829915,0.003587909316201,1.36160258083216E-05,2.62148185862877E-05,9.04487270301921E-07
0.002054437179929,0.000154836059445,0.29376927325482,6.1416514988656E-09,0.001165763441059,0.001052861285343,0.0468404334333,0.002588252962796,2.43280409078634E-06,1.32712525369459E-05,6.21493188628463E-07
0.001761183331063,1.369898920364E-05,0.446080400370857,3.19468745028562E-06,0.001221906851795,0.000762852913686,0.031066731852989,0.000246288856253,5.61268623414087E-06,8.32525811303962E-07,7.92983603399929E-06
0.005385485719503,3.58836260302975E-05,0.027047718379532,8.46637609768873E-07,0.003707790987073,0.001956528871941,0.091821332518768,0.000615238159565,6.67794195801815E-08,4.82577372821181E-06,2.34584863300335E-06
0.000279418874714,3.83097569227893E-06,0.204133653937328,1.15719979712029E-07,0.000218476477662,0.000154350135656,0.00985983407123,0.000120895453933,3.08472548143697E-06,3.28953088171902E-08,5.7528349827601E-09
6.47350485416162E-05,1.02523768526391E-06,0.444989144768161,5.55988835620931E-06,0.000282470716551,2.36507352960895E-05,0.008810164623237,0.000146377570966,3.18818332120486E-06,1.29914910923581E-10,5.57581428116599E-06
0.000738276625156,2.78003361012808E-05,1.0688521104603,3.34748086465927E-06,0.000660126949368,0.00024191650986,0.0266699393908,0.000778103993221,8.89968705185318E-06,1.51415342817548E-06,2.51759437282478E-06
0.002797236467648,0.000309505562932,2.44820134894273,5.87400077258373E-07,0.002066459860428,0.001034333090062,0.047629803419342,0.004359249858777,2.44807286856901E-05,3.20222290579588E-05,7.60558563179366E-07
0.000302030494505,8.50017134523514E-05,0.137886323820614,9.10380103783153E-07,3.84181921001E-05,0.000345887275693,0.000272784579999,0.001652297507925,6.34913951578514E-07,7.32507554931089E-06,3.12937836670732E-07
0.001339316694876,8.08977591236158E-05,0.783234176100365,6.23884043183763E-07,0.001257808013624,0.000470654917644,0.038422865524908,0.001668297595552,6.26852653643191E-06,6.0546570986794E-06,3.48314741123187E-08
0.013194286734589,1.22038748033103E-06,1.03197657935615,1.12041216400762E-06,0.005682526992627,0.004085327276223,0.200130812967987,1.35857718992308E-05,7.76668294029108E-06,1.34198467501699E-08,2.68147884936992E-06
0.015333016663174,0.000146271376253,4.10312281245401,1.54081188566541E-07,0.008358391110402,0.005800293094484,0.252107281287717,0.002185189561628,3.80139435267619E-05,1.13816768295502E-05,1.02542227448282E-06
0.000447368278029,0.000256143465684,0.152764072906511,1.88724791825785E-07,0.000206747242925,0.000371341137144,0.001705869773705,0.003932930892321,8.18854254459995E-07,2.41900844898029E-05,3.13598160675335E-09
0.008159479524831,2.2064697236502E-05,5.25463943683379,1.96712972135209E-07,0.004311153608563,0.004295828689586,0.102502900505399,0.000170904891187,6.10054426890187E-05,1.86302595378089E-06,9.59492374177619E-07
0.012097857939983,8.23184980726967E-05,1.96598793966649,1.78120826470123E-06,0.0070489135997,0.006475666145077,0.134390189270999,0.000682786168204,2.5324628663938E-05,1.0089729822322E-05,1.16492129365258E-06
0.000405060228892,8.9139514878909E-08,0.023939893355548,2.07698944255273E-08,0.000632393612331,0.000160202604256,0.022278877880128,6.62526128533993E-05,4.12370805675821E-09,1.68982228589237E-07,7.28944094548435E-07
0.000392797633692,2.57140502951698E-06,0.005656071829841,2.61499528734643E-07,5.24085541719237E-05,0.000919756353516,0.013514418224054,0.000164769634911,3.23394820311614E-08,1.20709715608371E-06,1.34346580663124E-07
0.000860791212268,4.19376783062304E-05,0.039516263403724,9.70985557737355E-09,0.000373037316196,0.000957481962575,0.024540608327462,0.000891229431574,3.19762739296076E-07,1.44393505581248E-07,9.00499198864886E-07
0.005470112691815,0.000101822914989,0.480915395719615,5.4562602856499E-06,0.004697728418706,0.00075583452216,0.062335741334227,0.000835484590466,4.13730293919151E-06,2.24778053535787E-05,4.93389302248255E-06
1.87956204890375E-06,1.71873394577257E-06,0.138438181893714,3.57801487980885E-08,5.28551876960999E-06,3.22316056269046E-05,0.00243503929503,0.000118534668037,2.09434334849279E-06,6.07101009365903E-07,1.46426698288036E-06
0.00275772761178,1.89311866692319E-05,0.141492509344686,2.12076429622914E-07,0.00186913146612,0.001306816347868,0.056510971729373,0.000414893887235,9.48408543586885E-07,1.44381367774884E-06,1.40473880468172E-06
0.000356288298562,4.03950387517774E-05,0.041393312448331,1.99307602222724E-09,0.000503634464515,0.000218405624925,0.017284442743721,0.000959234161162,9.04565192915985E-08,1.55151250687994E-06,9.28179147426721E-07
0.000647535392479,1.18920661144757E-05,0.002595906841024,3.92869217108244E-08,0.000564099545171,0.000419680913078,0.022935446842147,0.000389977862781,2.46895822962927E-07,3.64974076933943E-08,5.0492306777795E-07
0.0005393219531,1.09368741113901E-05,0.032179629097979,6.15058790025839E-07,6.68791075282035E-06,0.001327304788392,0.015466860934466,0.000351442746044,5.83499223000139E-07,1.43079344161125E-06,1.17019205733978E-08
0.007310803422144,2.51094022423541E-05,4.48395179754074,2.42433899952868E-08,0.003341067766011,0.001928897406081,0.14245291104349,0.000462547205882,4.92442168778741E-05,1.10348235052355E-05,5.96764623403026E-08
0.001300755455139,7.23053111099108E-06,0.009267710954965,3.64863747723519E-06,0.000437770846705,0.000159785060912,0.040183167094058,2.51168805425545E-05,3.63980302004058E-08,6.95496160445572E-07,8.31111833430255E-06
0.000736902693313,9.09395005768631E-05,0.045452114637595,9.24869444221087E-08,0.000689249200605,0.000923643575195,0.023470417177603,0.001726132802642,3.27907391815564E-07,3.60120109565466E-06,3.34881485398451E-07
0.000769479697538,1.5667502128479E-05,1.94230939810655,1.36607451697379E-07,0.003061815128834,6.6995777708988E-06,0.070983998931105,0.000759229353812,1.92853427332471E-05,3.24987012924371E-05,4.75502095614871E-11
0.000910410552743,2.48766754445034E-06,1.82841224161638,3.8301566629091E-08,0.001604764542843,0.00011963520297,0.050472150458214,0.000281533918081,1.83026340113458E-05,1.13171848971195E-05,6.49843231837127E-07
0.004270222832453,0.000534167437643,0.562468668648911,1.2686717230739E-07,3.36773694913464E-05,0.000852420930304,0.007360951743149,0.005341769314128,4.18020039963107E-06,1.94087152211101E-05,1.69008502932993E-06
0.011662411206226,4.6134549638343E-05,1.21164136609138,6.81894296754938E-10,0.004125980330063,0.004018680074168,0.171820054521618,0.000723330207112,8.66783706534591E-06,2.58512412259451E-07,2.99672015827193E-07
0.00142042759124,2.02730139579817E-05,0.628863776644268,1.11716835734951E-06,0.000346948997265,0.00059279732292,0.022038161280008,0.000268207454389,9.31831459736165E-06,2.02879810454691E-06,2.2718868821555E-06
0.013928413263636,0.000164302001623,1.32622057235185,9.57328442973131E-07,0.007719022726391,0.005679828813338,0.216227251062107,0.002159224752961,1.32837657583456E-05,1.53323084640239E-05,2.2291172234697E-06
0.001041272767616,4.02464047990702E-05,0.113112961280871,3.13695269012675E-06,0.001502827936742,0.001320775937601,0.013120019615395,0.000325988730703,2.42983380224896E-06,5.15804943120846E-08,4.63426820448764E-06
0.002179028452777,0.000270238030201,0.145623540653634,1.05576012950805E-06,0.000787141699626,0.000279601069567,0.043496994090832,0.00336367614674,2.3605796750095E-06,1.62993856085642E-05,3.35518776293914E-06
0.000290649812431,0.000103540652441,1.78977045050495,3.19296576983416E-06,0.001184361003425,0.000571368462569,4.8898607955974E-05,0.002149035754063,1.77526361922102E-05,7.05807303565454E-06,1.28291704199403E-05
0.000474227432988,1.47204035147729E-09,0.008983492981866,5.72499632725636E-08,0.000268827718579,0.000174241866631,0.012633008461221,1.02090068525107E-05,4.76016349409285E-07,4.35610218745711E-07,3.70647360170358E-08
0.001151452204328,2.47789232471128E-06,0.042286112928452,1.18461461041586E-10,0.000604626786655,0.00050155126702,0.02087961556289,5.82064806272814E-05,8.54937116767009E-07,3.64156403955084E-08,1.35808772133155E-07
0.000161871811096,1.23245276032638E-05,0.070229849849303,3.94667171475626E-08,9.50991992408058E-05,3.88233324145861E-05,0.006727460060896,6.71719381130604E-05,1.60235916609273E-06,3.66732701048676E-06,9.18887798687157E-07
0.009326366178595,6.24493463587822E-05,6.52289968821892,8.482335324198E-08,0.004990852669244,0.003611296750686,0.107500286606954,0.000558554930557,7.33474596248149E-05,1.24520513026367E-05,1.50289329918438E-06
0.003273490154053,2.91443814444973E-05,0.964816061482319,3.79293527464813E-12,0.001960900428436,0.001237207278713,0.036778464578087,0.000535999622147,1.1198888890335E-05,1.21478263401906E-06,2.91648460319574E-07
0.004525082191513,2.88497400787361E-05,1.18645716355424,1.25295586620706E-07,0.00243406711264,0.002259043102914,0.088966817795098,0.000617836746982,8.61359802957653E-06,8.4378717455683E-07,7.31316275604391E-08
0.003652097760375,0.000235846895453,1.76395405852176,2.30300996993826E-06,0.002686904237609,0.002255322530197,0.03703077896783,0.002612961898808,1.81554797658024E-05,1.58768602813022E-05,5.75820816069018E-06
0.00386637192989,0.000240906516236,1.9857731342207,3.54091890822697E-06,0.000611087398616,0.003768778456986,0.010930457285249,0.0019277697895,2.11279981017107E-05,1.86417667312333E-06,1.03177942420214E-05
0.001154499717821,9.13585650683687E-05,0.208106016844127,1.09666381029083E-06,0.000647206148192,0.000922439655657,0.0339170287239,0.001871201475233,1.61593596611923E-06,5.67215218575309E-07,1.18120201913179E-09
0.000195132983602,7.2138976976832E-06,0.269177441132607,7.18389290561026E-07,0.000220599441616,0.000108392646061,0.006265822740007,4.01276781544572E-05,3.56643455943991E-06,1.59894196713795E-06,2.74629096062971E-06
0.000469384471026,3.38060865938742E-06,0.017639926587297,2.82352031172137E-07,0.000762831951107,0.000334237383951,0.02187933064697,2.21943081946731E-06,3.68073819095633E-09,1.41865343952638E-06,7.79456163003579E-08
0.000239904759115,1.22713074864951E-05,0.002072712425928,3.00060023791962E-07,0.000199555780717,0.000402112172668,0.011947513852184,0.000420993477171,1.62129557799134E-08,9.17045083840369E-07,2.93123728417749E-07
0.000154513068972,3.12497974936898E-05,0.003379011806109,1.15725639796896E-07,0.000137392250079,0.000230375433909,0.011494307419306,0.00084808678455,1.3345335519557E-08,3.03106548617257E-08,6.83937436903446E-07
1.5528668703576E-05,3.05613866593367E-05,0.01987251549582,9.97330171879015E-10,9.91183755606371E-07,6.48885189576544E-05,0.005972004708284,0.00082153655999,4.90738586100051E-07,7.38386508863215E-09,1.63860737829719E-06
0.000313141990784,5.02076648219967E-05,0.004081020289636,5.22077130439138E-08,7.13341132459904E-05,0.00047039066475,0.012427976851157,0.001006663514516,1.02915971660991E-07,7.89187265919845E-08,2.14267756435262E-06
0.000112835233049,7.73432997327974E-05,1.28804459325577,2.44553871191718E-06,5.70005364000621E-06,2.90150680467464E-05,0.001371461094688,0.001067559222975,1.81014269349221E-05,5.31899025713142E-06,4.01759105673794E-06
0.000140070973099,7.42412375649223E-05,2.09239240612135,1.53550446758174E-06,0.000183581183381,0.000648970693097,0.000526866790985,0.000880067879913,2.73277609350264E-05,3.82432118714835E-06,3.09735809242585E-06
0.012227195129163,4.32636591327338E-05,1.60960887662293,8.43828904889485E-07,0.006212481401411,0.004827204844885,0.165082570751177,0.000497636409593,1.50520132330561E-05,3.9064719746207E-06,1.28447820726699E-06
0.011574309848654,9.44291989184884E-05,1.74319926142641,7.24316814301977E-07,0.006761606843001,0.005086091485915,0.168185576346556,0.001214908543023,1.83386286271973E-05,9.10631788454173E-06,1.40152197316836E-06
0.007471047247182,8.1322018378651E-05,0.009605026507682,3.78006896737849E-06,0.003609914356195,0.002918982177095,0.102732049255978,0.000988791889418,8.44286148049425E-09,7.39485442246228E-06,6.98325756490797E-06
0.00015046847842,7.38733855297546E-08,0.049372514380342,1.85345116418554E-07,0.000309148412986,9.34985849656617E-05,0.014960125826745,0.000125653314265,9.80316415731303E-08,4.13000134122551E-07,4.09090423616348E-07
0.000223053153474,6.95958955442907E-05,1.66303416398265,1.23352450941751E-05,4.01358797682564E-05,7.1103223560832E-05,0.007298629973431,0.000882842403728,1.42634721662234E-05,2.78041853098017E-06,2.37941746184495E-05
7.51893705535629E-05,0.000158842439077,2.74594649891755,1.20944932114862E-05,0.000178955662027,1.16607624005309E-05,8.80460434104631E-06,0.002578951998921,2.42730403018416E-05,1.16855778466069E-05,1.81563838144633E-05
3.3956094782804E-05,2.29882029734072E-07,0.003040543718622,2.04075013615746E-08,0.000202393202564,9.47943456476078E-06,0.007810809749692,0.000124869138736,3.66715594663226E-07,4.558233743568E-08,1.56348486952207E-06
0.000759763441847,2.78026975671174E-05,0.206965144041598,3.61839843245139E-08,0.001025720523781,0.00026890778681,0.026650753795554,0.000736202182014,1.14229722913719E-06,2.04204537315426E-06,1.32460114347332E-06
9.77649563280783E-06,3.61421605589152E-05,0.394033460755322,1.23423415718903E-07,6.18908777053754E-07,8.61207854660134E-05,0.004023352009744,0.000818219203399,4.92368420515755E-06,9.30905263172667E-07,2.11632382943299E-06
0.000559430250631,2.41076383808267E-05,0.079586684792006,6.01762637089583E-09,0.000691147637618,0.000335702172091,0.020941884482391,0.000626980256065,3.25332068348437E-07,7.72509479396556E-07,1.08175102265835E-06
7.86249496901338E-05,3.07633177423374E-05,0.008878742094481,6.68283603959833E-08,0.00011912356086,0.000113531851533,0.006508985534774,0.000686577032503,3.00635699004569E-07,3.08526809842425E-07,1.75035898826031E-06
8.6817383128743E-05,4.31767816325115E-05,0.025530599503095,7.70958832609929E-08,3.81818143290356E-05,0.000130153618851,0.006801930756526,0.000917982519989,5.07789172493461E-07,3.95503906731982E-07,2.07663807494555E-06
1.7247115562096E-05,7.17412664443467E-05,0.021012827199198,1.90124992211776E-09,2.55657796802042E-07,7.48686266197411E-05,0.00342919212081,0.001397019006551,3.70049325743576E-07,1.10826581755345E-06,1.31762639818284E-06
6.89181034823765E-05,1.13268575600422E-05,0.863123281776936,5.95207544773103E-07,5.71912701387724E-06,1.32626481109911E-05,6.87498090736387E-05,4.54568806613351E-05,1.09152696778421E-05,3.44799134057856E-06,3.451615823086E-06
0.0024100976008,2.53044538065696E-05,0.002071603941073,7.40693643961097E-09,0.001299656407744,0.001062187332468,0.039752974050023,0.000381326315507,1.06031335626522E-08,1.31120706584964E-06,1.48289825382636E-07
0.011118576134494,8.91422711537688E-05,1.59583345854602,6.85637636739866E-07,0.006796904410718,0.004704038633362,0.178788236035879,0.001380699522896,1.46478087940991E-05,6.39492468638294E-06,2.49325853350417E-06
0.000667230763729,0.000207848778717,0.723205255948759,2.54950950588827E-06,0.000679101007409,8.09160703847241E-05,0.013778720384179,0.002810045771139,1.06221196879691E-05,2.81548767165572E-05,4.86654584396385E-06
0.00029543573897,1.2590462713833E-05,0.040853534151094,1.97525852710768E-06,0.001142489049097,0.000628362413514,0.006263515055434,0.000275330047526,1.51651851044179E-07,4.09470368539148E-07,2.39050063806335E-06
0.002035960217636,8.91647201839115E-05,0.003895129674162,1.0316301577179E-08,0.001350800851297,0.000932109821706,0.036776726299587,0.001354220731408,1.65369564067234E-07,6.73945278145949E-06,2.65385158227349E-07
0.000230093324978,1.21610504773171E-05,0.890844264585644,4.95436063433494E-06,3.35037038866201E-05,1.88081404985259E-05,0.000163673670112,0.000360099601576,7.08339827829848E-06,9.0665814269497E-07,6.00624562471008E-06
0.009366187308725,7.75525221948413E-05,3.71456129673947,1.00247180578717E-06,0.003617920602297,0.002638348148232,0.163417331410912,0.001099001131694,4.23322230463028E-05,1.75546778696205E-05,1.69960695665246E-06
0.007690933517221,0.000176462893963,0.802393917248722,7.58009500569569E-06,0.002491878952371,0.001970706938242,0.109920189571939,0.002122712452866,1.06771366340947E-05,2.44123352888737E-05,1.24952941150414E-05
0.000288484623604,0.000134107553346,0.098348358587833,3.25683440510988E-06,0.000906819763249,8.81864721185583E-06,0.033359591569799,0.000950334134264,8.94181507993077E-07,9.66321007866682E-07,1.00551282400492E-05
0.010804368213127,0.000286429307863,3.63644735524751,2.91796348062147E-06,0.004514947035361,0.003242055815094,0.188382870043806,0.004037986729726,4.17733729422411E-05,4.14152202796336E-05,6.05831428694407E-06
0.004221520620612,6.37126643180016E-06,0.759821700182486,3.13299225589847E-06,0.002821593545701,0.000923918222664,0.11084314630453,0.000274548726681,8.80820868417914E-06,7.76227986091775E-06,8.37457888684341E-06
0.005306815341303,1.13529943935689E-05,1.20478755164776,2.17054620591605E-06,0.003502918564758,0.001346962970383,0.13345447224043,0.000379779844534,1.33464407787626E-05,1.00022787365008E-05,6.00449927672948E-06
0.000277357987936,7.23741319118162E-05,1.13345012783557,2.78104585007694E-07,1.90600128414636E-05,0.000119101742943,0.001900726200131,0.00075938549939,1.4319087684662E-05,4.11387988417789E-06,7.72568212026534E-07
0.0045950462944,2.21180930397256E-06,0.421282387212665,2.04910755990463E-08,0.004771785535205,0.002670707534138,0.081374874497532,8.62144331657984E-07,3.50499688746692E-06,2.14069501845492E-10,9.02033935230428E-09
0.009995358601373,5.36617276410278E-05,3.61881596319776,1.89171694986394E-06,0.008179218490425,0.005925446876647,0.116084679320886,0.000566898847528,3.65215940851697E-05,1.88540626032938E-06,4.36679914020347E-06
8.03509526815712E-05,5.10351914301009E-05,0.580150669913122,2.99056169769255E-08,6.1691606864815E-06,5.39976873909464E-05,4.76180429041999E-05,0.000387090075833,7.90480348938408E-06,2.04521662739839E-06,4.02809994738847E-07
0.000611431710693,4.78048369902999E-05,0.7794953259587,1.32106796315486E-06,0.000822352640893,0.000331588937146,0.004999495377194,0.000798904631763,1.08258140559611E-05,4.78644092908622E-06,1.65252227551274E-06
0.002721074083108,1.99828283492742E-05,0.154565997519748,1.1179561066296E-06,0.0023672732782,0.001530595566507,0.032333196943815,0.000372215096548,2.43336083498182E-06,2.46900900332684E-06,1.5075492631268E-06
0.001374112096467,3.64642613687676E-06,0.203962583603194,1.14068395045232E-07,0.001198031912123,0.000257641450411,0.037509747813634,1.16765351124455E-08,1.00060368033733E-06,1.03506061383179E-09,4.03284947463687E-09
0.015153664862812,4.39575341282265E-06,1.646640457166,2.15209372953609E-06,0.009744717801571,0.005693560077695,0.226932265597824,8.03652371491583E-05,1.36061805011883E-05,5.80032066717702E-08,3.59863662457402E-06
0.011823412139493,3.97951268844882E-05,3.12533230493917,1.30100527007512E-09,0.00743264608163,0.003569661733475,0.181752356055131,0.000555352576286,2.75584539217462E-05,9.21766524485933E-06,5.17703990275202E-08
0.002589889641939,1.51680058034186E-05,2.03595952030857,1.75259828551512E-06,0.002773080585141,0.001266458884639,0.064927435937395,0.000503425339486,1.85339135521732E-05,2.80462264423084E-06,1.2854150849535E-06
0.001904942939116,1.44268439403232E-05,2.11386641531439,1.09187421132457E-06,0.001902119069095,0.00065312106767,0.052200153422955,0.000471209099581,1.86106015235883E-05,1.27172022134319E-06,3.82856470780766E-07
0.000811891796534,8.56022847011536E-06,0.007194486290954,5.1049182157274E-08,0.000589142393744,3.51685827416369E-05,0.022114094967124,2.8416418215694E-05,7.47574627058821E-08,5.67786819885913E-07,6.69633003971941E-07
0.001348140796962,1.34093077822095E-05,0.209726482083017,1.44113783765775E-07,0.001251477960462,0.000297758257751,0.035485247656525,0.000388544780554,9.94508309319593E-07,1.37031254081838E-06,1.4332299656637E-06
0.000724354211369,6.74184346121809E-08,0.079739307892157,1.51783176117851E-07,0.000782955764363,0.00013241005122,0.02675466273667,6.90832970408421E-05,1.93458508897282E-07,8.06735694962877E-08,1.65986725719595E-06
0.00210873165965,5.19239427043353E-05,1.88102483012624,2.55356599184281E-07,0.002139552934852,0.000650246002945,0.051710132485647,0.001133889572582,1.64697594327806E-05,4.33873266512363E-06,9.3857794287326E-09
7.22986115273458E-05,9.26150856514086E-05,1.34705211113309,8.05998348352506E-07,0.000225528585859,0.000675814750033,2.22073228109289E-05,0.001086899825484,1.90832489065712E-05,6.0575844932451E-06,1.9057997862921E-06
5.80852020501814E-05,6.14283856567895E-05,0.417327102121351,3.57084372964016E-07,3.30232517154242E-07,0.000137337006902,0.003665534089059,0.000643448934967,7.28235582975552E-06,4.00128345051654E-06,1.155481496971E-06
3.2595381086972E-05,5.60016599899079E-05,1.42074127093147,1.81100778957495E-06,9.74967648068122E-08,0.000106486712201,0.001092388316481,0.000714500190408,1.94628613691565E-05,3.07562210933773E-06,3.30269833197654E-06
0.000108032601439,4.12613163950386E-05,0.674321799015996,1.37855111131465E-06,6.27429683415529E-08,2.36779253491158E-05,0.000707104993032,0.000639558300107,1.04961489083732E-05,2.06431194870746E-06,1.67979660875403E-06
0.001920236053201,3.85253807638513E-05,0.135288910011599,1.35078070436694E-06,0.000855393578657,0.000241097428957,0.027216077145404,0.00055612575039,3.1822299308736E-06,1.54456844410512E-06,1.8516712754198E-06
0.008593579471087,4.90296039182396E-05,0.110531263562741,4.57447107420612E-06,0.004604599270188,0.003087878739456,0.124755625172143,0.000698703173739,6.73839394282423E-07,3.88455140595913E-06,8.24310002229349E-06
0.01390948193585,6.51449238029773E-05,1.0510181878666,5.35441523814498E-08,0.006352453956167,0.008663296708205,0.118764277637368,0.000342244038796,1.05818251462892E-05,1.89065588273993E-08,8.45540966426039E-08
0.008258568053688,0.000353315462046,2.02783647768276,9.15926426682503E-07,0.002418430774014,0.006181234429501,0.048364828275075,0.003156862061774,2.12249837352457E-05,6.90379921510458E-06,3.65791683882042E-06
0.019319518520597,1.82723680720277E-05,1.59214026281744,7.54836712115072E-07,0.008758796664411,0.011797989410983,0.17563384959773,1.67654589265214E-05,1.65322279931593E-05,1.94142656637645E-06,3.83939890222151E-07
0.015752605897544,2.38012604317364E-06,2.133649919074,3.85962924127436E-07,0.011113393524829,0.008137776748792,0.212206950867014,5.54567750407193E-06,2.12868762300046E-05,2.53067945042483E-09,5.00229842776028E-07
0.001353143328362,5.10319745853911E-06,0.078314050759572,5.0738532491446E-06,0.00286531996499,3.97107345318036E-06,0.083108943862066,0.000451067931739,7.92391346494319E-07,2.21215453873044E-05,1.40058664240329E-05
2.90987573594248E-07,0.000195058351834,0.598815195484893,3.94826815589214E-06,1.07400754425779E-05,2.94991332517521E-05,0.001581156777489,0.002066962106323,5.97641253309013E-06,1.05715402686333E-05,9.08265940154686E-06
0.003227534470384,0.000569730616019,0.929858729150996,2.56771781142535E-08,0.002890618131362,0.001371425274071,0.04842901173045,0.007153702153423,8.04045877948272E-06,5.36309322389997E-05,6.91178677903984E-08
0.00022211328743,1.31071061168144E-05,1.78547958736972,1.13207745389444E-05,0.000368467438556,1.49582339430836E-06,0.022269945181004,1.24345895986471E-05,1.97432638938609E-05,1.48078400888555E-06,2.72329837529792E-05
0.005813079688538,0.000267025834957,2.10733881875109,3.26036869038338E-06,0.005766034460895,0.002421675614663,0.128083167039361,0.004909059222044,1.99103229814215E-05,7.18958841481541E-05,7.31868596577592E-06
0.001777002871194,9.49473055897616E-06,1.32525741466191,4.17320318118934E-07,0.001438902824763,0.001242603000782,0.019003607821128,0.000137330066556,1.26694633333121E-05,2.33393394740955E-06,4.43394908381348E-07
0.000971395220654,0.000111296780365,0.051776629046005,1.78597702213495E-07,0.000823425606775,0.000521419722723,0.014692820007872,0.001442510187612,8.33678668004131E-07,8.09326191504114E-06,2.37204422798304E-07
0.008124636366213,9.46203948696475E-05,1.34109804542061,2.77858160673132E-06,0.005211290142016,0.004334656594827,0.111190317921755,0.001275517232335,1.61607844299753E-05,1.0288004972571E-05,5.19639423827524E-06
0.004373226517766,1.0393676782158E-05,4.77788980507485,5.48474493804494E-08,0.002515404403307,0.002223265269648,0.074984763880867,0.000328392891961,5.27341132326039E-05,7.65939513817225E-06,7.97739034840532E-08
0.003235907560804,6.12760012665818E-05,3.37144642516534,8.30989035290768E-07,0.001770661003479,0.002319800333821,0.039339379500518,0.000761853065848,4.08591165577367E-05,5.33532298343308E-06,1.94127195812412E-06
0.001933044291399,5.02170673084078E-05,1.0437915278885,9.63622913454256E-09,0.001676884140648,0.001827769779555,0.022428289108022,0.000574126041604,1.22346917127175E-05,2.18325466850539E-06,4.29032000263999E-09
0.006120414200888,3.81784536212362E-05,1.73699170815637,7.78216964504878E-07,0.004807583945324,0.003735008577504,0.093886104741286,0.000863241717441,1.60028731088688E-05,2.0180821025242E-05,1.07745947146065E-06
0.000128368671886,0.000325948997044,0.000380284523373,2.33608718366502E-08,2.13645224034571E-05,7.81759216416178E-05,0.001917638061298,0.00429539061845,1.43404975338998E-08,2.75789903212927E-05,6.16851311177019E-09
0.005899126642534,0.000550056595229,0.616870368554177,1.27017189632713E-06,0.003160146354745,0.002206543024787,0.091096424086832,0.007248186505057,5.86954852514948E-06,5.28354784791696E-05,2.84455001350892E-06
0.000765922534377,0.000253319840391,0.760016327058119,3.78220747850189E-06,0.000105124071588,2.21764237983393E-05,0.01937459168324,0.003217932681235,8.39430053834898E-06,1.83411803220885E-05,9.43992743754166E-06
0.000565323240939,0.000183308237562,3.07929878320168,3.07684050133121E-06,0.001056743104638,0.001087548066636,0.002133362985041,0.002305251804251,3.10526010395642E-05,1.05448286361967E-05,8.63064690034285E-06
1.86644139320903E-06,0.000241376065092,0.006318864321271,2.69870858491023E-08,0.00020215040117,0.000397302491112,0.001126523829393,0.002790444211742,7.42756140164728E-07,8.4288487092948E-06,5.1225050087791E-07
0.017121553238616,0.000115639581768,4.06570673389153,6.90215615257952E-07,0.0098067486661,0.006879536752183,0.256273560298976,0.001511172130215,4.06238830862147E-05,1.23702417533804E-05,1.35812269882794E-06
0.006032008135056,0.00020324488103,0.016392914912706,1.17729455402865E-06,0.003679095330516,0.002815341581212,0.090951319175249,0.002733216841003,1.72036001387835E-07,2.08176218511026E-05,2.49636655778289E-06
0.005457058908649,0.000196841714099,1.07544817757669,1.84041911376749E-08,0.003345949274354,0.002482505065966,0.0805729097609,0.002625073863512,1.15367641300368E-05,2.0396105796483E-05,4.15010581393463E-08
0.003027517454916,0.000300302314393,0.000297208096184,1.88732074575186E-07,0.001680074898169,0.00121624832085,0.048118672731122,0.003973285097359,2.9518123334804E-09,2.69544610489685E-05,5.73208791510319E-07
0.01389870709985,0.000211659448096,3.63643538806306,3.743851874816E-09,0.007339829206182,0.004598005760531,0.226555307531882,0.002709253547246,3.98734877856101E-05,1.49250777671377E-05,4.40853990088641E-08
0.003432179150486,0.000281588666418,2.48183959411319,8.47735767181275E-07,0.001826584830683,0.001525932350124,0.050514189746064,0.003671164749866,2.63073212484109E-05,2.28486763522585E-05,1.35370997113801E-06
0.008311214026461,9.86051373059653E-05,5.73729552854805,3.13088188357726E-06,0.004575760559367,0.003340168965336,0.124467562116091,0.001237063159421,5.98398802321956E-05,6.21856944866749E-06,5.51320801154023E-06
0.00306432775106,0.000294987489052,4.36816674163591,2.71497910052708E-06,0.001417931109275,0.00109055052128,0.048421550996626,0.003646892965498,4.85104534416686E-05,1.88139725728518E-05,4.38660666800304E-06
0.005983517671589,0.000242637776509,3.88867665213227,2.40423731730668E-06,0.003046519314356,0.001976814346894,0.090779933574128,0.002981865823098,4.14549702062639E-05,1.5833984091885E-05,4.05402464340151E-06
0.000666244818691,0.000164778007744,0.856500277708874,1.81490889307622E-07,0.000871407831647,0.001089010218831,0.007287976315345,0.001869215653256,8.5890109127386E-06,6.70884451316099E-06,7.54508106418088E-07
0.003732098825106,2.84911563581072E-05,7.26782621876795,1.24739096830899E-06,0.005521047351929,0.002523244226173,0.080397495174695,0.000873363529793,6.65744961398834E-05,3.27024866526734E-05,3.02210393327403E-06
0.001037340000393,0.000255313233372,1.32104600293142,1.00156226174681E-06,5.27147063085208E-05,2.16648063420376E-08,0.017057745346435,0.002740590837331,2.02207097141403E-05,5.89827691997534E-06,1.01677202121512E-06
1.95734510447466E-05,0.000315000021045,0.831630956741073,1.60800215657724E-06,0.000938962428934,0.000611704969521,0.001360086703676,0.003213352885639,4.52700827522348E-06,4.01359813744391E-06,4.71484069564314E-06
0.004014184825128,0.000524099327446,3.2859306880789,3.00052080571012E-07,0.000263368740549,8.71905530115442E-05,0.061061733831553,0.005972871416238,4.71355940337153E-05,1.890507066623E-05,1.0241933311242E-07
0.008706771732999,0.000351603976797,2.52657945136554,8.43122128952054E-07,0.001595424344884,0.002295285447363,0.107910321255092,0.003971093215481,2.64049788758602E-05,2.2452045485967E-05,2.06452567485308E-06
0.000772350520143,0.000340265679236,0.20982908250062,7.63554103679932E-07,0.000535708437445,7.46211746523792E-06,0.000311071598607,0.003069974529684,2.12042095907396E-06,5.59448624747979E-06,9.17928748408921E-07
0.000302326488865,0.000257026279811,1.83753532331675,7.81611921095059E-07,0.001865489690918,5.64869394874307E-05,0.008202935507654,0.003242945769638,2.42647591003959E-05,1.85435405400208E-05,1.56022053291638E-06
0.005100901802682,0.000222052767255,2.21472702105999,7.11742201647031E-08,0.003859534476333,0.001917169203051,0.091157013993837,0.003355671537217,2.0540234220743E-05,2.11524564135059E-05,3.58256678677467E-09
0.006289900760458,1.62783231323624E-05,1.71749190109197,8.61102076265939E-10,0.004016880022289,0.002129487680841,0.093953793016113,0.000215629195261,1.5296083180063E-05,3.61582188215282E-06,3.51271767066829E-08
3.43675661845158E-08,7.73781640520173E-05,0.814971768171394,1.48808551404944E-06,2.41040717873866E-07,1.67626558135843E-05,4.44516419380164E-06,0.001027910349346,7.33347224172833E-06,7.71541626415846E-06,2.92944773062431E-06
0.000899863812159,6.33729609154846E-05,0.053091396516894,1.36188788013034E-06,0.000401210125658,0.000780460447462,0.010498835983628,0.000874289039821,1.62955826565643E-07,9.39292041500152E-06,2.80116494574518E-06
0.008497006172442,3.17358387693146E-05,0.19719744098712,1.53142678763052E-06,0.003969921660502,0.002467229791836,0.128432660652884,0.000444729548554,8.03464646803925E-07,1.62432896231385E-06,2.54439597695617E-06
0.003236024966858,3.99164495358297E-05,0.166968138500816,2.27580658689021E-06,0.00094765048828,0.000584797400454,0.050123277954936,0.000559044256089,3.7659888115861E-06,3.90326723398072E-06,4.43179208992874E-06
7.70423925593426E-06,7.22524436942445E-05,1.03830109122361,7.14144559337075E-07,2.12305127846024E-05,9.13951220853269E-11,0.000214189210571,0.000971668544249,1.30448624237684E-05,9.776215477104E-06,1.70201285728599E-06
0.000747476363548,2.0965057215E-05,0.747341627413798,9.41831346477201E-07,0.000245530480607,0.000247407214054,0.01181533427819,0.000277271499855,1.00842049736692E-05,1.59397455715226E-06,1.78312880674771E-06
0.003029308412661,2.50724608163809E-06,0.152230889571202,2.66262021519011E-08,0.001894185090211,0.001384707812633,0.062089508244426,1.80932499450343E-06,7.7955653285989E-07,1.61009378221529E-06,8.45650457210802E-07
0.001989919986268,2.7674040342515E-05,0.13088235367867,9.38599635587068E-07,0.00106650828491,0.000841268853954,0.031289439218314,0.000342635651608,1.93488696429345E-06,3.23553935762485E-06,2.15308388216261E-06
0.006148246276631,1.25936500022501E-05,0.114856289899255,9.39968199993199E-07,0.002866546677987,0.00244948708494,0.096609436996748,0.000154546496113,5.57983909488111E-07,2.96019858466618E-06,2.59032909952167E-06
0.009993515358606,4.74066374147717E-06,0.32875082190907,3.02059796650706E-07,0.001457505293127,0.002922344885172,0.142838117714117,5.4783813075621E-05,7.18867312967671E-07,3.00335351407926E-07,1.09510433696093E-06
0.000506302012861,2.60118716542876E-08,0.065240703530272,6.27536699447264E-09,0.000313716966826,0.000192823784499,0.015231905588745,2.64243633968564E-05,1.18580630960792E-07,2.45630785884604E-07,2.73869337833984E-07
0.017138989453721,6.03409868810655E-05,4.21354801343869,1.40445300209033E-08,0.009710175846681,0.007308166346652,0.260522900927052,0.000789492061807,4.24695148536336E-05,5.28982267790622E-06,6.66128975628485E-08
0.018290934119966,9.91814421899415E-05,4.28804789085669,2.35042478986783E-08,0.00727847121982,0.007915917060958,0.277285333842022,0.001291747272545,3.53560193304822E-05,9.93778438503513E-06,6.60686289690557E-08
0.002498407538145,7.1458420961689E-05,0.106806841660527,1.36194191587376E-07,0.00112441966551,0.001480375409614,0.021367167988577,0.000639488759098,2.51562996130094E-06,7.47174772772357E-10,4.14950219733902E-07
0.008631461797406,0.000539954460939,2.7282327909007,4.08642460991193E-07,0.00453860011229,0.003646268848665,0.13379077579984,0.007238711922974,2.66486091556338E-05,5.32354532508137E-05,5.93219199133638E-07
0.001603467548305,0.000421740924596,0.432186817509873,1.66130760396771E-06,0.000441255246591,0.000830773324697,0.014635272649064,0.005164735632109,4.69135400497426E-07,2.97616586179994E-05,3.5043974575406E-06
0.012324714119398,7.18314073265488E-06,1.15588697000728,1.27948363226309E-06,0.006889245958972,0.005148101279768,0.187350067964339,9.40498302990534E-05,1.04575184867769E-05,7.45534341993094E-07,2.69217806525535E-06
0.012504189986374,4.13097155557061E-07,1.40707913909586,4.16626186624986E-07,0.007110953586551,0.005568098465734,0.187047346788685,5.41415365091679E-06,1.36530654853509E-05,4.10666043671557E-08,8.70728775435246E-07
0.004146182705659,3.38197680302597E-05,0.001002666272943,1.85854222364181E-06,0.002218460673965,0.001763481219419,0.062514382168285,0.000450226217556,9.36861252245558E-08,3.47557192576785E-06,3.74811908983661E-06
0.00439460719,6.47695262377781E-07,0.194599823257282,8.72324828857059E-07,0.002064469234036,0.00146110199953,0.068297752610559,8.8629278797848E-06,1.2654444475869E-06,1.50397770303111E-08,2.13755467066869E-06
0.005858984333735,4.66697966043872E-05,1.32347489713692,3.8223282845903E-07,0.004060576206023,0.002240626961392,0.093244497401777,0.000708867636983,1.26741498814252E-05,4.56081265075327E-06,1.13056387549214E-06
0.007867768808061,5.75073359357303E-05,1.36195248429119,2.38854390581124E-06,0.006053036765467,0.001749903143636,0.088559564611329,0.000404579706868,1.93002559966063E-05,4.59574335299934E-06,2.42617587965336E-06
0.005101958193679,3.78499885412392E-06,0.108068154513956,7.67163261627502E-06,0.002368174275918,0.001041866635231,0.051443407206058,2.11729390502737E-06,2.80704119258933E-06,6.36734710761736E-07,9.41597877977821E-06
0.004882454663225,3.43701689433748E-05,1.11279031344854,2.8897894769683E-06,0.004358088076442,0.000671706673752,0.056251214684745,0.000196562182033,1.11859768212678E-05,1.35767922485687E-05,1.67359877340552E-06
0.00090015926936,1.72342252743223E-05,0.35596999351521,3.17385505881561E-06,0.000389210930769,4.01411599037279E-05,0.0061044048045,7.24736939978782E-05,4.55778355281002E-06,7.04446686450398E-06,2.38970848079E-06
4.5817560918973E-08,9.42755612445467E-05,0.313881851707685,9.95141828304838E-09,0.001010073680292,0.000664926442364,0.000221043793724,0.001720076506843,6.6048897583735E-06,7.14013473391583E-06,1.89230704816823E-07
8.22672956754411E-05,2.09969081033672E-05,1.59336550671917,1.86475355543885E-06,0.000128717329418,1.49559855339569E-07,3.10251508051596E-05,0.000474918373273,1.98353871999041E-05,1.75559422482961E-08,7.96250585951465E-06
0.000549607464089,2.875668447961E-06,0.028045681148829,1.03433092267172E-07,0.000283928248843,0.000187886115527,0.012898963467739,9.64447863046647E-06,8.11056621126164E-07,1.65829515065735E-06,9.47298462841811E-07
9.35977004183621E-05,1.24790581279668E-07,0.528644300405223,5.28186862921323E-07,4.19047439756416E-06,4.09633982669728E-05,5.05624435537694E-05,5.33130547230689E-05,7.53080621359691E-06,3.96650714659582E-07,3.38638641333088E-06
0.006748497603898,0.000182826954983,0.98323993509207,4.86266733001263E-06,0.003336672942746,0.001489112805847,0.071286791295562,0.001675856727065,1.20222638026239E-05,2.44382660586542E-05,4.70835096059323E-06
6.38529335405489E-05,2.61676599461465E-06,0.03808260591073,3.01914464971252E-06,0.000300708547579,0.0002279491877,0.000154173002256,0.000185488233287,5.82863528970173E-07,8.17564928108556E-07,1.82721768181307E-06
0.001116486951147,2.2888903561889E-05,1.97640866486018,2.356123615459E-07,0.000372719960747,0.000326156239633,0.00572132399637,0.000603733949195,2.3856867133102E-05,3.35553988942941E-07,2.79961326919968E-06
0.000545175375111,0.000106848519426,0.979406315729103,3.02329645221925E-06,0.000617630419191,0.000255237827657,0.012899263005738,0.001705900741645,1.19512541543745E-05,8.2678272766634E-06,8.58687431674003E-06
0.001186052480682,0.000296605914121,1.21414472404916,3.11784723210133E-07,0.000599305349709,0.000529494934988,0.012996143866226,0.004252450322347,1.40861436696281E-05,2.66275194647865E-05,1.30275406293183E-06
0.005052858830875,1.67529821752991E-06,5.14934956889797,7.61224069790839E-07,0.009511041369502,0.00014865791985,0.067724888936474,0.000100232433277,5.57977278589287E-05,1.86999693551956E-06,4.40365351264795E-06
0.011569032732059,5.82155886835075E-05,6.32075507554164,6.0849335311796E-12,0.007873763657626,0.004047496602051,0.138321017875715,0.000533878592844,7.02463565738902E-05,1.40818820038888E-05,7.43568730045035E-07
6.05197627017963E-05,0.000210257652212,0.023055164351338,3.10337834586883E-07,0.000120476949302,2.13293644217297E-05,6.10788044367622E-05,0.00329129526855,7.26359575012188E-08,2.00507735337059E-05,5.94277322995788E-08
0.000465749071158,0.000245808401555,0.333394207081127,2.17903219181396E-08,0.001160821810859,3.50346464455722E-06,0.001653591638734,0.003942457380791,3.02048105654206E-06,1.37782791224501E-05,1.31841158759929E-06
2.24081443020352E-05,5.29033440362927E-05,0.436835158143517,1.59086301194875E-09,8.54237650086991E-05,0.000376903411688,0.001094247286959,0.001170641107722,4.09062476631468E-06,3.05733405452008E-06,9.53634572464317E-07
0.002227780485874,0.000120013495973,0.089810211681518,4.46817015666395E-09,0.001110793859062,0.001599351969557,0.050709189919311,0.002041309773795,8.05567877756806E-07,9.68374231485908E-06,6.05365414569042E-07
0.007420456820999,0.000213589239423,2.78084076217226,7.84322607642473E-08,0.004169048346965,0.00270987130174,0.131985729401691,0.003255157270112,2.65816238318921E-05,2.36986934208008E-05,2.75948950148219E-10
0.001233918959105,0.000103608854603,0.20587977898805,7.75512801089176E-10,0.000683509913276,0.000655302798568,0.03145732947116,0.001815993043512,1.61394805169485E-06,8.47741589708155E-06,5.14316210965515E-07
0.002586362934157,9.49992938548099E-05,0.046979741275479,9.92070096280208E-07,0.001757993882928,0.00112827192862,0.04422967628744,0.001424814518551,7.925679177373E-07,8.20823997007278E-06,2.89304866186996E-06
0.004332300621091,4.51300347414513E-05,0.046497972010372,3.79353193684288E-07,0.003020336962146,0.001532875786795,0.075098722403559,0.000753949342064,1.81611076370188E-07,5.9134619702101E-06,1.2164822649931E-06
0.000557878733549,1.16901786540618E-05,0.108996248304128,1.3248790453787E-07,0.000407867854681,0.000291040209515,0.015810501995957,0.000266592337607,1.84285866433591E-06,4.27062041851102E-07,1.78866896893878E-09
0.000511588217942,4.5511099781884E-06,0.852636330533181,4.39768674072319E-06,0.000797308756837,0.000214603712542,0.022404061622544,0.00026202295217,6.89442795628317E-06,1.22915288188504E-07,3.97487979714282E-06
0.001013057307582,2.01307982271652E-05,1.14157057480754,2.49070547429048E-06,0.000861178992306,0.000348990298662,0.032814724813731,0.00062639111231,9.5890564017358E-06,9.53927751145625E-07,1.5188519072908E-06
0.003835852025264,0.000301091605944,3.92023378445221,1.01207471011651E-06,0.002761813027572,0.001461949402503,0.063952911216582,0.00424403977977,3.98047667630847E-05,3.11481479968421E-05,1.46343490847909E-06
0.000374507202289,9.98484294656877E-05,0.423438305696883,2.02192078660527E-06,5.99985226060793E-05,0.000396930784357,0.000579559601669,0.001889418166086,2.93319116412759E-06,8.73840048189311E-06,1.48499435887674E-06
0.001136050322372,8.39402432955431E-05,1.07438994131724,6.78161433449208E-07,0.001102094243006,0.00039017752344,0.034203834854978,0.001718606208052,9.00235622427148E-06,6.32393471035345E-06,5.4773837615883E-08
0.011529299440988,9.5235414607024E-08,0.938614273838915,1.57858169070399E-06,0.004831141743774,0.003467495573153,0.175279360150753,6.11236977044945E-07,6.93098045914199E-06,1.39106128719049E-07,3.67265687964771E-06
0.013783289057595,0.000106951986082,4.33871644823981,1.05489254724913E-09,0.007462437505698,0.005161763997254,0.228002146286339,0.00162837644468,4.03671057620978E-05,7.88291299419376E-06,1.71178771373023E-07
5.19873313980031E-05,0.000308019992787,1.35740178474032,1.640432772639E-06,6.18768193529738E-05,5.0264898481657E-08,0.00453342952568,0.004672089981535,1.18529467644027E-05,2.93511461183951E-05,1.55910294035802E-06
0.00948821878462,2.19881969571992E-05,3.67037241231862,4.87257039652887E-07,0.005070957546492,0.004941466193776,0.120596745183289,0.000170128449517,4.32504125833344E-05,1.85584712485075E-06,3.95724984960964E-07
0.007524755796542,2.65823827684686E-07,0.236146166841246,3.18439753287537E-06,0.004319894928946,0.004207003674563,0.077037990517835,2.586409543504E-05,4.11724695333732E-06,1.70234772052919E-07,2.93518120909337E-06
0.00030868392756,2.08182392650375E-07,0.041570382590506,2.26941657981882E-08,0.000535557396013,0.000119687173168,0.019451352070026,0.000118659025425,5.07924793116539E-08,2.79828070173243E-08,7.13320765914329E-07
0.000420037483886,1.96327170783079E-08,0.002940393452764,1.19392810963709E-07,6.03627680134624E-05,0.000947485126371,0.01412286284789,5.62180291221214E-05,1.2333152476923E-08,2.46910589182985E-06,3.60263126676756E-07
0.000433669973111,2.74616596658527E-05,0.026923459240367,3.42430367881858E-10,0.000159666390598,0.000636315729224,0.015386207587778,0.000642440624616,2.04049662885275E-07,3.63327379526694E-10,1.12725774765181E-06
0.004086824311124,5.58852330128322E-05,0.367766109330184,4.72114801593695E-06,0.003681035104539,0.000430791012196,0.044624757441522,0.000375016317334,3.05798127099076E-06,1.51824074322599E-05,3.96602376080746E-06
0.000143510539777,2.6712698465756E-07,0.45606937527371,1.07904071199086E-07,6.67872123412462E-05,1.08127223640593E-05,3.20703467283858E-06,1.78057074160463E-05,5.95973299959949E-06,1.87558662123621E-06,1.97797249756099E-06
0.001231807550952,3.51350840632672E-06,0.012683351650735,1.77584208651811E-07,0.000874541589136,0.000597977145775,0.029243677017658,0.000128479071115,1.20996705812464E-08,1.61374207607727E-07,1.27713877826911E-06
0.000212478970676,2.35756902147012E-05,0.020650046688986,2.24020361495009E-08,0.000363663831165,0.000141410180235,0.013225915457424,0.000650195150724,1.10024478546785E-08,5.7920812654796E-07,1.53075691553254E-06
0.000607864549708,1.41059662540787E-05,0.007207287535599,3.8932246372324E-09,0.000534984598253,0.000398177175923,0.02202601980144,0.000435508839106,2.66097480760182E-09,8.42712137140975E-08,8.13527885413785E-07
0.000497933634138,9.44351929575117E-06,0.025363312409457,3.04386525391192E-07,1.08832007503357E-05,0.001283203998716,0.014613070490902,0.000320158803689,4.87052101049289E-07,1.61736084438913E-06,1.89973807216763E-07
0.005273100986473,9.73777146751876E-08,1.99892174987825,8.29804728801053E-07,0.002274726957074,0.001243611836868,0.107628316471135,1.90637940069588E-05,2.21906207358781E-05,3.25528262073365E-06,1.71218897653274E-06
0.00065671328058,1.47513007255497E-05,0.239198475723421,5.30172231763342E-06,0.000162175338647,3.16960636827547E-05,0.025750776511362,8.48823983854581E-05,2.18570149227486E-06,2.13412573778415E-07,1.18050704972021E-05
0.000294247119314,5.27739520286867E-05,0.000484097475344,3.6581267949596E-08,0.000339155927863,0.000560797824266,0.013208165596932,0.001106237620895,2.9264423238984E-09,1.35487437664808E-06,5.44224083017152E-07
0.001622359113426,2.27820344926414E-05,1.60560208829429,7.93757605059469E-09,0.004246935998002,3.40147588039526E-05,0.098883023765436,0.000931866682347,1.58141233044234E-05,3.55685327191391E-05,1.61741907150221E-07
0.001144267411672,1.45021751885033E-06,2.35865036874344,1.24757305846488E-07,0.001842598358518,0.000179335935238,0.056956742183455,0.000237726703115,2.38144328646045E-05,1.05211800795161E-05,1.0569256213709E-06
0.006563186126493,0.000580649590811,1.11453235201467,7.50371098564315E-07,4.20509835079216E-05,0.001577448844982,0.021258782879653,0.005879683888562,9.28269174022611E-06,2.23118195410383E-05,4.07541213244552E-06
0.011218437619445,5.84297603230843E-05,1.36242361587868,1.36320094741072E-08,0.003919496677051,0.003843906685239,0.165292599038666,0.000900098160703,9.99856360346382E-06,6.13902326175435E-07,1.76144353970169E-07
0.001243457970522,1.48658731447929E-05,0.465439970818349,8.24482797409113E-07,0.000279687779746,0.000516123163004,0.019365708125977,0.000196480710125,7.23321097686034E-06,1.47723562441132E-06,1.68321189991573E-06
0.014225018531329,0.000247485219917,2.10031711016839,2.90578630971443E-07,0.00789225780034,0.005807059436228,0.220702887051375,0.003259940075886,2.13473654148354E-05,2.35873938632303E-05,7.63672777054248E-07
0.000860978744496,5.2510364875653E-05,0.146957687235183,2.691371963482E-06,0.001330140947479,0.001181799693292,0.01067789716432,0.000455692452774,2.93419610543267E-06,4.13974345095445E-09,3.87576843646433E-06
0.003839617002303,0.000386771152195,1.32691205892419,4.87385806351021E-08,0.001603549382067,0.00072822389371,0.071344643080803,0.004867975050859,1.64956915641206E-05,2.58032022701215E-05,4.82924705048317E-07
2.69138132995747E-05,0.000182351709348,0.395314673414206,4.81827699569662E-07,0.000288107660722,0.001508242002917,0.006112027014571,0.003422094911869,3.56839880284132E-06,1.39252915691451E-05,4.16960964250856E-06
0.00050632088989,1.92256924485691E-07,0.041593908239295,1.52494571921746E-08,0.000287793068921,0.000187328972663,0.013264801179824,2.16659090902172E-05,1.09784290767514E-06,2.81730805678919E-07,4.95185497511951E-07
0.001324729623793,2.47619632989007E-07,0.011711096830236,4.69670587110942E-08,0.000703395274452,0.000578397230198,0.023695946279008,1.37074703580194E-05,3.66378933635131E-07,2.9000371971731E-07,4.7505655418673E-07
0.000123817235508,6.86276203439068E-06,0.04636069087981,1.21267680646496E-07,7.22570815633743E-05,2.66187478319065E-05,0.005762261958121,2.44613154036263E-05,1.21649270812787E-06,2.6480144024556E-06,1.36738693455624E-06
0.008843354720713,1.23803704839072E-05,4.07414289944215,3.73439639287247E-07,0.004713982859572,0.003409667665829,0.10122981152899,5.83999414940208E-05,4.63597123922124E-05,4.46409668543853E-06,2.07820296556384E-09
0.001097174959206,0.00017093595706,0.006127474035333,2.86242663349176E-07,0.000644484468956,0.000360840548466,0.009900577300729,0.002616455754248,1.46887836142397E-07,1.28253352909077E-05,4.69177435423973E-08
0.005229033453956,6.10446776385664E-05,1.09041642687988,3.39368105527668E-08,0.002840031310139,0.002592462814352,0.100863798998694,0.001140008503487,7.76921304039681E-06,2.91474341192106E-06,2.5972284595415E-07
0.007066985807315,0.000241277830871,4.36529450517142,3.36114890605397E-06,0.004952144597147,0.004014592432464,0.080063514308737,0.002678939707397,4.56448600143531E-05,1.6332601957331E-05,8.09172364724383E-06
0.005121437063107,0.000201218359888,2.55132457373261,4.46887703153403E-06,0.001029156521531,0.004582238818123,0.019738224668966,0.001523560103138,2.7176932543489E-05,8.7206645200467E-07,1.25272546145336E-05
