Geodesic,Myelin,Michigan_FEOBV,Aghourian_FEOBV,Bedard_FEOBV,Tuominen_FEOBV,functional,structural,wresidC
0.7182084321975708,0.7251578569412231,0.307165265083313,0.28461378812789917,0.04092264175415039,0.1965680718421936,0.5636404156684875,0.80569464,0.100993544
0.75660640001297,0.6358538866043091,0.39378368854522705,0.40191978216171265,0.10744667053222656,0.20968025922775269,0.16417385637760162,0.11259901,0.050152425
0.7566084265708923,0.6478914022445679,0.3411223888397217,0.30387717485427856,0.04239964485168457,0.19218295812606812,0.13873982429504395,0.43365976,0.051173445
0.7190535068511963,0.6711803674697876,0.2803725600242615,0.22771048545837402,0.032227158546447754,0.17107552289962769,0.3776974678039551,0.731491,0.044552784
0.7797939777374268,0.6324316263198853,0.18180976808071136,0.2798050045967102,0.0768665075302124,0.14732909202575684,0.3153318166732788,0.6845521,0.02648763
0.7903956770896912,0.5997022390365601,0.1901121586561203,0.2912258505821228,0.11328363418579102,0.13243138790130615,0.26642975211143494,0.52737963,0.017112218
0.662257969379425,0.5495150089263916,0.2583124041557312,0.3488702178001404,0.1492084264755249,0.15952622890472412,0.24138718843460083,0.30757168,0.04512954
0.7027470469474792,0.8189829587936401,0.5805100798606873,0.7099366784095764,0.2126915454864502,0.3814290761947632,0.4423264265060425,0.5809013,0.020168599
0.7267811894416809,0.7175637483596802,0.6966718435287476,0.6098620295524597,0.19881832599639893,0.3894627094268799,0.41865769028663635,0.46898258,0.022883149
0.6933476328849792,0.5073950290679932,0.3442539572715759,0.5635427832603455,0.20221960544586182,0.265777051448822,0.32252928614616394,0.27718413,0.5306959
0.5628862380981445,0.44846010208129883,0.6356420516967773,0.5820282101631165,0.21294283866882324,0.2841033935546875,0.222480908036232,0.0593417,0.62657183
0.6215696334838867,0.4386507272720337,0.2901375889778137,0.5857078433036804,0.23552632331848145,0.19593727588653564,0.2696601152420044,0.22215973,0.04330607
0.915524423122406,0.6606465578079224,0.16927547752857208,0.2905265688896179,0.03451681137084961,0.14484339952468872,0.04071765020489693,0.5779287,0.026289923
0.5678372979164124,0.6135401725769043,0.42866623401641846,0.4949571490287781,0.03435790538787842,0.1302596926689148,0.7280911207199097,0.5363513,0.087641574
0.7605973482131958,0.5132261514663696,0.29092901945114136,0.3713371157646179,0.1243441104888916,0.17200112342834473,0.5644991397857666,0.54096705,0.05063882
0.9315353035926819,0.6292089223861694,1e-06,0.22573012113571167,0.07661187648773193,0.1589716672897339,1e-06,0.3825088,0.019892203
0.9292739033699036,0.5098406076431274,0.06805860996246338,0.27967947721481323,0.05909895896911621,0.12902235984802246,0.07068199664354324,0.3074273,0.07789114
0.6152114868164062,0.44256591796875,0.22771455347537994,0.31181007623672485,0.1720031499862671,0.2219240665435791,0.38339000940322876,0.3148212,0.03571191
0.9502975344657898,0.5800395011901855,0.2288186103105545,0.3189464211463928,0.048328399658203125,0.12145918607711792,0.03374512121081352,0.26363713,0.040945932
0.8643897771835327,0.539612889289856,0.22878141701221466,0.3971326947212219,0.12378442287445068,0.1471325159072876,0.11171229928731918,0.25447786,0.019002022
0.7881872653961182,0.503483772277832,0.07679232954978943,0.3182240128517151,0.13583886623382568,0.09243381023406982,0.1430159956216812,0.26988488,0.030232558
0.740086555480957,0.48847973346710205,0.27924877405166626,0.2993311285972595,0.14790940284729004,0.12749046087265015,0.26109302043914795,0.29891506,0.036949027
0.7746907472610474,0.6574627161026001,0.4183189868927002,0.3897098898887634,0.1453266143798828,0.2446323037147522,0.19326134026050568,0.18641947,0.0026011486
0.3609270453453064,0.9714533090591431,0.7679041028022766,0.9029662013053894,0.4104485511779785,0.6409364938735962,0.755704939365387,0.090280205,0.107125156
0.5479764342308044,0.33194124698638916,0.43570876121520996,0.43092912435531616,0.19757306575775146,0.260994017124176,0.2850204110145569,0.1637783,0.07515538
0.589565634727478,0.25830698013305664,0.38626015186309814,0.4289398789405823,0.049543142318725586,0.16393226385116577,0.2244507521390915,0.31034037,0.054733917
0.763440728187561,0.37756025791168213,0.4330470561981201,0.5152408480644226,0.13376951217651367,0.2558492422103882,0.5494740009307861,0.4131846,0.046214577
0.559222400188446,0.3873555660247803,0.34231871366500854,0.45401114225387573,0.19384300708770752,0.20781797170639038,0.39386749267578125,0.10784009,0.1225855
0.8119564652442932,0.36935853958129883,0.30696529150009155,0.42521971464157104,0.11045098304748535,0.18891072273254395,0.4284757673740387,0.43434453,0.07804668
0.7256050109863281,0.449634313583374,0.4146525263786316,0.4483782649040222,0.16468966007232666,0.25311946868896484,0.480436772108078,0.47677988,0.5886876
0.6134819984436035,0.4891645908355713,0.39990800619125366,0.32037514448165894,0.08612847328186035,0.22287911176681519,0.600840151309967,0.4373589,0.4618214
0.5652311444282532,0.42100369930267334,0.6173728108406067,0.7713475823402405,0.35986340045928955,0.47006869316101074,0.5848949551582336,0.46616092,0.10742361
0.6292189359664917,0.5092638731002808,0.39751237630844116,0.3418591618537903,0.14884793758392334,0.2598751187324524,0.5567086338996887,0.36744592,0.61159235
0.6460944414138794,0.5709832906723022,0.5167187452316284,0.6228405833244324,0.2989773750305176,0.349063515663147,0.5938389897346497,0.37565276,0.39607576
0.6939668655395508,0.4411808252334595,0.4033561944961548,0.5162331461906433,0.2564646005630493,0.25647467374801636,0.47502246499061584,0.3630708,0.4810231
0.7594814300537109,0.6164842844009399,0.5298331379890442,0.5212478041648865,0.1328338384628296,0.36338210105895996,0.3655417859554291,0.33387527,0.015990445
0.7064301371574402,0.3681687116622925,0.46258747577667236,0.5550748705863953,0.1407456398010254,0.2448684573173523,0.441604346036911,0.30843756,0.27639496
0.6394298672676086,0.3148624897003174,0.4564105272293091,0.7495360970497131,0.25406312942504883,0.3416866064071655,0.4863329231739044,0.29759896,0.53302884
0.8349652290344238,0.35994064807891846,0.3091975450515747,0.38882988691329956,0.11513006687164307,0.22261005640029907,0.38094964623451233,0.39986256,0.0076595694
0.6069415211677551,0.5683014392852783,0.74660724401474,0.8621073365211487,0.29249119758605957,0.5115699768066406,0.5034055709838867,0.2712925,0.047516745
0.5154669284820557,0.3688894510269165,0.8221296668052673,1.0,0.4316288232803345,0.4801863431930542,0.5205392837524414,0.1260737,0.16621391
0.8776761293411255,0.33949553966522217,0.24545861780643463,0.40248745679855347,0.11578404903411865,0.14743316173553467,0.3030063509941101,0.46813998,0.107713155
0.551213800907135,0.3706543445587158,0.5990015864372253,0.6557253003120422,0.19625496864318848,0.3467806577682495,0.410680890083313,0.28249305,0.57899594
0.6820024251937866,0.2937197685241699,0.3144908547401428,0.4546188712120056,0.09595155715942383,0.20364809036254883,0.4349495470523834,0.3347329,0.44515675
0.8391299247741699,0.3055872917175293,0.33567774295806885,0.3834846615791321,0.11294841766357422,0.17859035730361938,0.31480303406715393,0.4694314,0.16002956
0.8804463744163513,0.4062349796295166,0.16281311213970184,0.3384619355201721,0.08501791954040527,0.15198403596878052,0.24726234376430511,0.41018534,0.10632977
0.8170822858810425,0.4348496198654175,0.19591616094112396,0.32928770780563354,0.06969606876373291,0.14477062225341797,0.26604360342025757,0.39982098,0.07984669
0.8344098329544067,0.5397859811782837,0.273809552192688,0.3055979609489441,0.04465651512145996,0.14975231885910034,0.07338979095220566,0.32189766,0.14344576
0.9013212323188782,0.42853331565856934,0.22443543374538422,0.36083656549453735,0.08217942714691162,0.12470352649688721,0.13578733801841736,0.42062944,0.07950154
0.8985251188278198,0.46304523944854736,0.2566367983818054,0.29355114698410034,0.0811539888381958,0.09052681922912598,0.15440432727336884,0.33739215,0.16333893
0.7186684608459473,0.59136962890625,0.34262609481811523,0.4972640872001648,0.09366106986999512,0.1544208526611328,0.33041679859161377,0.50846153,0.02743421
0.7344973683357239,0.49062418937683105,0.4057777523994446,0.43037110567092896,0.10660028457641602,0.21582847833633423,0.3546995520591736,0.44637814,0.020938765
0.6844684481620789,0.7213624715805054,0.5732730627059937,0.7135209441184998,0.20018362998962402,0.3897794485092163,0.4368213415145874,0.3961037,0.01631737
0.7887510657310486,0.576134204864502,0.39886564016342163,0.5416556000709534,0.14068281650543213,0.21974539756774902,0.47652289271354675,0.42364025,0.018031048
0.7118364572525024,0.5368071794509888,0.5060608386993408,0.6241244673728943,0.14248788356781006,0.28019195795059204,0.5129588842391968,0.4547922,0.058352616
0.5470870137214661,0.40907764434814453,0.2831522226333618,0.6033911108970642,0.19726026058197021,0.14700573682785034,0.3565749526023865,0.17031367,0.36798084
0.4815993905067444,0.20862925052642822,0.8215161561965942,0.9971359372138977,0.43320131301879883,0.7185605764389038,0.6348780989646912,0.3891472,0.51025164
0.3840537667274475,0.07834804058074951,0.7296780347824097,0.8537238240242004,0.20007526874542236,0.4366875886917114,0.7209872007369995,0.54610515,0.297688
0.38222169876098633,0.16691863536834717,0.8814597129821777,0.9829450249671936,0.4043753147125244,0.6309499740600586,0.46244633197784424,0.41748676,0.87913567
0.4234510660171509,0.2827802896499634,0.7857735753059387,0.9226972460746765,0.3791193962097168,0.4590129852294922,0.39542368054389954,0.14250174,0.90476
0.19098995625972748,0.139365553855896,0.5466333031654358,0.5582382082939148,0.2937321662902832,0.4296424388885498,0.7465062737464905,0.5769382,0.25158226
0.3413086533546448,0.23351752758026123,0.5269193053245544,0.5520188212394714,0.17010045051574707,0.28384459018707275,0.6088516116142273,0.2242178,0.098999955
0.4599398970603943,0.27062177658081055,0.49592864513397217,0.4284971356391907,0.04485905170440674,0.21757203340530396,0.4155854880809784,0.2994331,0.041947022
0.23321379721164703,0.22304439544677734,0.367523193359375,0.5265936255455017,0.24401593208312988,0.2905881404876709,0.7134171724319458,0.3250408,0.16907641
0.2210129052400589,0.26646196842193604,0.4967615604400635,0.46326500177383423,0.22284722328186035,0.29742300510406494,0.6839633584022522,0.41782257,0.44433907
0.157104030251503,0.4867243766784668,0.35467028617858887,0.4644891619682312,0.20416045188903809,0.24317008256912231,0.6611219048500061,0.106739,0.04482581
0.6029301881790161,0.3373299837112427,0.28366029262542725,0.39061254262924194,0.13261330127716064,0.17626023292541504,0.3098210096359253,0.23087464,0.20636284
0.6417213082313538,0.31084156036376953,0.35952556133270264,0.4335464835166931,0.10701417922973633,0.18034106492996216,0.5282010436058044,0.11678081,0.47754055
0.36765432357788086,0.19977128505706787,0.46418052911758423,0.39521104097366333,0.05874741077423096,0.1956632137298584,0.4300633370876312,0.48185894,0.20321068
0.5596038103103638,0.23456954956054688,0.3083667755126953,0.38465481996536255,0.06332409381866455,0.10898768901824951,0.2752217948436737,0.3393628,0.1937871
0.5540307760238647,0.23528480529785156,0.29490846395492554,0.3916035294532776,0.12410032749176025,0.18860459327697754,0.43019452691078186,0.27467722,0.367333
0.37573033571243286,0.23178601264953613,0.3447452187538147,0.3521377444267273,0.07873058319091797,0.24379920959472656,0.5510587096214294,0.53230846,0.4217421
0.5172063708305359,0.3833197355270386,0.3179914951324463,0.40096980333328247,0.14976298809051514,0.18067443370819092,0.40574899315834045,0.14392266,0.01981823
0.352580726146698,0.3402351140975952,0.4096682071685791,0.5545530915260315,0.20658385753631592,0.24440568685531616,0.2451244294643402,0.17087625,0.1136586
0.25555914640426636,0.3956313133239746,0.34315723180770874,0.5050004124641418,0.19176030158996582,0.21691632270812988,0.2741454541683197,0.20731393,0.10465284
0.18304328620433807,0.3044242858886719,0.40549206733703613,0.49125128984451294,0.09541857242584229,0.1722327470779419,0.29303741455078125,0.24764068,0.056203786
0.26107919216156006,0.25158607959747314,0.3431827425956726,0.49310535192489624,0.16891801357269287,0.16547352075576782,0.3265637159347534,0.44819137,0.0424256
0.44265997409820557,0.33138346672058105,0.48101043701171875,0.5889589190483093,0.20468378067016602,0.28281307220458984,0.2350216507911682,0.15195338,0.8975899
0.4684610962867737,0.44762587547302246,0.41363245248794556,0.5980780720710754,0.10312259197235107,0.14685022830963135,0.3606409728527069,0.019927245,0.24130529
0.5083379745483398,0.4278475046157837,0.5411208271980286,0.5198538899421692,0.12083494663238525,0.13748037815093994,0.2749905586242676,0.015712896,0.34023145
0.4074553847312927,0.4528360366821289,0.4089595675468445,0.49916404485702515,0.13157951831817627,0.19053101539611816,0.41190019249916077,0.093380496,0.052847683
0.35341060161590576,0.37222039699554443,0.413793683052063,0.5261926054954529,0.14952313899993896,0.2393997311592102,0.31858915090560913,0.19301303,0.4281227
0.4520167112350464,0.35427749156951904,0.20493073761463165,0.4269011616706848,0.17869806289672852,0.24525326490402222,0.31762418150901794,0.14884166,0.17668335
0.5030767917633057,0.26340413093566895,0.2980915904045105,0.4402005076408386,0.21476292610168457,0.2621176242828369,0.3180820345878601,0.17297757,0.6096873
0.38306576013565063,0.31039106845855713,0.34954601526260376,0.4872792363166809,0.19255542755126953,0.2664896249771118,0.37733861804008484,0.28187817,0.12184161
0.5054610967636108,0.2798597812652588,0.4023587703704834,0.44110530614852905,0.16305327415466309,0.23579955101013184,0.4358116388320923,0.24400422,0.3223972
0.49555766582489014,0.23556053638458252,0.30754905939102173,0.3941313624382019,0.10050106048583984,0.2238560914993286,0.35513168573379517,0.41474485,0.13132632
0.21146659553050995,0.17046654224395752,0.46919018030166626,0.3825508952140808,0.17106008529663086,0.2978247404098511,0.654655396938324,0.5471215,0.23346418
0.3656107187271118,0.2704240083694458,0.3573470115661621,0.4360014796257019,0.18435776233673096,0.29932093620300293,0.40961673855781555,0.56393313,0.0632254
0.3028273582458496,0.21046769618988037,0.17303262650966644,0.36906546354293823,0.1430056095123291,0.21990931034088135,0.5628690123558044,0.6773028,0.06993704
0.21643607318401337,0.26115262508392334,0.3414648771286011,0.3747820258140564,0.2086479663848877,0.2713239789009094,0.5373368859291077,0.48255384,0.28249556
0.10814951360225677,0.31224918365478516,0.4300616383552551,0.4077429175376892,0.2747722864151001,0.2847493290901184,0.7538653612136841,0.32427025,0.1310427
0.10340613126754761,0.24892914295196533,0.3718565106391907,0.423684298992157,0.26080548763275146,0.33592987060546875,0.8702793121337891,0.6093265,0.025403712
0.07739830017089844,0.27005815505981445,0.5318211913108826,0.4706248641014099,0.2510324716567993,0.28651708364486694,0.6232189536094666,0.3277028,0.091765575
0.8072344660758972,0.5076708793640137,0.23178716003894806,0.35883861780166626,0.04275190830230713,0.07332342863082886,0.21839234232902527,0.17847084,0.29529896
0.7502326369285583,0.41245555877685547,0.35285836458206177,0.492609441280365,0.12633931636810303,0.24895095825195312,0.3997231125831604,0.2052765,0.28270918
0.6855394840240479,0.38242554664611816,0.33751219511032104,0.4299336075782776,0.15301179885864258,0.19200009107589722,0.3947008550167084,0.1915856,0.17229646
0.660232424736023,0.27996015548706055,0.33502185344696045,0.37691622972488403,0.08300578594207764,0.13252639770507812,0.3507419526576996,0.16745616,0.13931826
0.40574848651885986,0.39194178581237793,0.576448917388916,0.737342894077301,0.27951180934906006,0.39906978607177734,0.3716104328632355,0.13548581,0.437197
0.4344337582588196,0.3653886318206787,0.5267797112464905,0.6155371069908142,0.2141484022140503,0.3104696273803711,0.40361955761909485,0.1825807,0.20378695
0.408244788646698,0.4772489070892334,0.6927961111068726,0.6467676758766174,0.302700400352478,0.5740469694137573,0.40961721539497375,0.07921434,0.04785375
0.344474732875824,0.4817744493484497,0.760657548904419,0.7459505200386047,0.34068942070007324,0.5638860464096069,0.4979296326637268,0.050498404,0.0702641
0.28237855434417725,0.4125934839248657,0.9555410146713257,0.79619961977005,0.4563194513320923,0.6651571989059448,0.5896949768066406,0.1966005,0.21716188
0.42472362518310547,0.610459566116333,0.7026514410972595,0.49868112802505493,0.14390099048614502,0.46937084197998047,0.4937349855899811,0.07574343,0.051402677
0.47967809438705444,0.4243907928466797,0.5911240577697754,0.55300372838974,0.21525728702545166,0.4260728359222412,0.3706941306591034,0.13207135,0.38805562
0.19089405238628387,0.22620463371276855,0.8131208419799805,0.9438508152961731,0.7715792655944824,0.6470553874969482,0.5344556570053101,0.5235012,0.37720403
0.22952128946781158,0.32516932487487793,0.5768206119537354,0.43279772996902466,0.22381281852722168,0.3456639051437378,0.4646506905555725,0.22460726,0.09077661
0.26671844720840454,0.2482520341873169,0.6238914132118225,0.6680387854576111,0.3411508798599243,0.4414660930633545,0.31766900420188904,0.06952874,0.97562027
0.18709969520568848,0.14706122875213623,0.7858650088310242,0.7830139994621277,0.7454684972763062,0.7265738248825073,0.3930091857910156,0.16364756,0.86167055
0.08656643331050873,0.4559900760650635,0.6973612308502197,0.7229260802268982,0.5062799453735352,0.46000707149505615,0.8768957257270813,0.8558232,0.1307
0.13742905855178833,0.29009413719177246,0.5288938283920288,0.5140288472175598,0.29657232761383057,0.30464470386505127,0.5143929719924927,0.06155854,0.34241793
0.08107878267765045,0.1567462682723999,0.6977729201316833,0.5876143574714661,0.4640352725982666,0.4615755081176758,0.8534955978393555,0.4234794,0.1687822
0.3453400135040283,0.31209325790405273,0.6726773381233215,0.681187093257904,0.2711421251296997,0.4404059648513794,0.32313239574432373,0.061383888,0.6768079
0.2510998249053955,0.24454879760742188,0.9750211238861084,0.9468041062355042,1.0,1.0,0.3753197193145752,0.024438368,0.6875698
0.29919159412384033,0.3107808828353882,0.681942880153656,0.7322946190834045,0.38474881649017334,0.5029085874557495,0.42829862236976624,0.025657283,0.2270201
0.6024115085601807,0.37385714054107666,0.4275660514831543,0.5232793688774109,0.1393413543701172,0.19775032997131348,0.24035707116127014,0.13431177,0.29480293
0.7196713089942932,0.45626533031463623,0.3431969881057739,0.45620208978652954,0.06104302406311035,0.13511818647384644,0.1804257482290268,0.09779915,0.32781804
0.2755069136619568,0.4077877998352051,0.4108960032463074,0.29183775186538696,0.05144393444061279,0.13725602626800537,0.9093495011329651,0.50120777,0.298555
0.3853951096534729,0.8549691438674927,0.20349396765232086,0.1600480079650879,0.091644287109375,0.2844110131263733,0.925393283367157,0.6143709,0.36415488
,0.010317087173461914,,,,,0.9004124999046326,0.6894486,0.23599347
0.5601634383201599,0.507396936416626,0.40311968326568604,0.3452240824699402,0.09630441665649414,0.21550142765045166,0.5807234644889832,0.5119718,0.061931096
0.31574124097824097,0.15120768547058105,0.5301127433776855,0.43275707960128784,0.25384247303009033,0.18638908863067627,0.8225717544555664,0.7453956,0.06464186
0.2420337051153183,0.16285014152526855,0.4486067295074463,0.4378967881202698,0.2157580852508545,0.257754921913147,0.41819557547569275,0.37522006,0.055951826
0.39110541343688965,0.649070143699646,0.7229567766189575,0.701663076877594,0.27413344383239746,0.41877079010009766,0.5065973401069641,0.21120451,0.015478454
0.3920236825942993,0.40437841415405273,0.3946692943572998,0.5819941163063049,0.23772692680358887,0.26060914993286133,0.35263121128082275,0.2504308,0.0061740107
0.4122512936592102,0.43639814853668213,0.41336745023727417,0.2818215489387512,0.11958897113800049,0.25536900758743286,0.744394063949585,0.50462365,0.3200295
0.47703903913497925,0.3234124183654785,0.4928331971168518,0.3639633059501648,0.2297959327697754,0.2578766345977783,0.586239755153656,0.4419052,0.037879437
0.3800705075263977,0.318392276763916,0.4462260603904724,0.5091884732246399,0.2827666997909546,0.30623698234558105,0.4148620367050171,0.25645447,0.052986834
0.5051047801971436,0.4207037687301636,0.45086556673049927,0.5075585246086121,0.20188987255096436,0.30208730697631836,0.22431732714176178,0.10906118,0.012514683
0.5321599245071411,0.3593388795852661,0.451147198677063,0.4838539958000183,0.18684709072113037,0.21996593475341797,0.2574158310890198,0.09222067,0.12644452
0.24973641335964203,0.09594547748565674,0.408441960811615,0.3493357300758362,0.1947932243347168,0.1972002387046814,0.6458534002304077,0.9366114,0.31247354
0.42604637145996094,0.23993456363677979,0.314474880695343,0.4210759997367859,0.22003638744354248,0.11633914709091187,0.3803789019584656,0.21367508,0.5715599
0.6207961440086365,0.2902001142501831,0.2530006170272827,0.3994547724723816,0.2262122631072998,0.18749839067459106,0.3807964324951172,0.278421,0.050273824
0.5001673102378845,0.2576730251312256,0.35615575313568115,0.3551725745201111,0.19967401027679443,0.15006518363952637,0.6519799828529358,0.33767414,0.03329154
0.43435680866241455,0.27880072593688965,0.32024872303009033,0.3188033699989319,0.2040550708770752,0.22817957401275635,0.7704976797103882,0.42412007,0.024541589
0.5477234721183777,0.2961372137069702,0.42788076400756836,0.3581034541130066,0.19979143142700195,0.20526480674743652,0.5161197781562805,0.24361564,0.24087724
0.6824892163276672,0.3108776807785034,0.262320339679718,0.410067617893219,0.23563754558563232,0.22920387983322144,0.27373233437538147,0.24999432,0.42987725
0.6754951477050781,0.3757030963897705,0.3098675608634949,0.3291831612586975,0.18932592868804932,0.20548611879348755,0.22102296352386475,0.2699069,0.16368712
0.5774770379066467,0.4718058109283447,0.305536687374115,0.41343873739242554,0.18564045429229736,0.25067806243896484,0.3045334219932556,0.09367326,0.102642745
0.6891695261001587,0.477666974067688,0.3122038245201111,0.45971566438674927,0.1989532709121704,0.2391977310180664,0.3155929148197174,0.13264468,0.31915998
0.7461963891983032,0.46016407012939453,0.3759806752204895,0.42252177000045776,0.15083777904510498,0.2123212218284607,0.4515256881713867,0.14078873,0.01960199
0.7369714975357056,0.4614037275314331,0.3638629913330078,0.3325018286705017,0.09204649925231934,0.15605223178863525,0.4091241955757141,0.41682342,0.031760383
0.8293489217758179,0.3608435392379761,0.22276301681995392,0.35569626092910767,0.11297225952148438,0.14113962650299072,0.3355359137058258,0.41798374,0.05779855
0.7623162865638733,0.448999285697937,0.30437469482421875,0.3497926592826843,0.07502484321594238,0.11638462543487549,0.27076202630996704,0.12223597,0.1469202
0.8635294437408447,0.4303072690963745,0.2865487337112427,0.3346603512763977,0.08198666572570801,0.06636852025985718,0.3256980776786804,0.35200116,0.07684179
0.9253625273704529,0.43712830543518066,0.36138802766799927,0.36781197786331177,0.08831632137298584,0.10618525743484497,0.20840921998023987,0.35539258,0.09639197
0.5170154571533203,0.3322880268096924,0.4126632809638977,0.5975649952888489,0.22514593601226807,0.2349441647529602,0.2995544970035553,0.21926248,0.57807356
0.5995794534683228,0.29821884632110596,0.32068586349487305,0.42373281717300415,0.17591309547424316,0.2112317681312561,0.22841154038906097,0.24744686,0.7238216
0.7131633162498474,0.3288027048110962,0.22233428061008453,0.36654430627822876,0.12308919429779053,0.17549371719360352,0.32853150367736816,0.26718742,0.10483613
0.697452962398529,0.3711737394332886,0.32178395986557007,0.42486363649368286,0.13704383373260498,0.2069879174232483,0.36758333444595337,0.16374232,0.46747547
0.797668993473053,0.33001816272735596,0.2355775386095047,0.365670382976532,0.11080217361450195,0.15332090854644775,0.43038102984428406,0.38196138,0.6753002
0.8474200367927551,0.5209410190582275,0.27023863792419434,0.32153958082199097,0.05025959014892578,0.14018064737319946,0.05935656279325485,0.42741606,0.046122383
0.513268768787384,0.5406221151351929,0.3948855996131897,0.31225043535232544,0.15750491619110107,0.2819618582725525,0.3369622826576233,0.4561239,0.047445018
0.580661416053772,0.5129350423812866,0.42275917530059814,0.3396832346916199,0.18970751762390137,0.17300331592559814,0.24293804168701172,0.31016612,0.07413875
0.45126038789749146,0.2509148120880127,0.5365699529647827,0.3715828061103821,0.2867625951766968,0.33394432067871094,0.626923143863678,0.44885278,0.2411527
0.7723392844200134,0.5324130058288574,0.4046214818954468,0.36475926637649536,0.14191770553588867,0.20723313093185425,0.15333108603954315,0.21230078,0.046319384
0.73469477891922,0.423553466796875,0.2910059094429016,0.423973023891449,0.1656782627105713,0.20534151792526245,0.19473817944526672,0.18485664,0.1869041
0.8924218416213989,0.5087425708770752,0.17080889642238617,0.304657518863678,0.10346341133117676,0.16890519857406616,0.10569954663515091,0.3439939,0.031081231
0.8294351100921631,0.4916876554489136,0.22898416221141815,0.42104655504226685,0.16671061515808105,0.16784757375717163,0.11748623102903366,0.256144,0.045897055
0.5293586254119873,0.45978379249572754,0.3463209867477417,0.2693938612937927,0.11607241630554199,0.16437721252441406,0.33691123127937317,0.4490272,0.06903141
0.7108951210975647,0.41364526748657227,0.45048922300338745,0.5154688954353333,0.235864520072937,0.22747433185577393,0.4454413652420044,0.34987313,0.4505656
0.6678637266159058,0.33432304859161377,0.436898410320282,0.5693967938423157,0.295620322227478,0.3937128782272339,0.5680802464485168,0.33149853,0.16212665
0.5735850930213928,0.513994574546814,0.4103609323501587,0.33148056268692017,0.19932925701141357,0.250571608543396,0.40755409002304077,0.353572,0.07151766
0.07295387983322144,0.1760014295578003,0.638257622718811,0.5221579670906067,0.35584092140197754,0.47553133964538574,0.8264150619506836,0.7285953,0.18429217
0.13384950160980225,0.19862616062164307,0.46782398223876953,0.5175040364265442,0.31966912746429443,0.4036372900009155,0.6992640495300293,0.42508724,0.19023019
0.0046125054359436035,0.35582780838012695,0.8317691683769226,0.9552821516990662,0.6141513586044312,0.5906552076339722,0.9619186520576477,0.92937034,0.08646597
0.21458174288272858,0.2387523651123047,0.9290276765823364,0.9387012124061584,0.807686448097229,0.8025989532470703,0.5303639769554138,0.46345246,0.50099117
0.3116522431373596,0.4467209577560425,1.0000001192092896,0.8426255583763123,0.634302020072937,0.9073389768600464,0.5482973456382751,0.07492344,0.08467146
0.20204763114452362,0.3719973564147949,0.5085651278495789,0.5581452250480652,0.1851719617843628,0.20639532804489136,0.40355393290519714,0.05407535,0.796296
0.4246225953102112,0.2984350919723511,0.2999652028083801,0.45472222566604614,0.16813671588897705,0.289914608001709,0.5561096668243408,0.4760897,0.12669142
0.3060777187347412,0.30393195152282715,0.2907673120498657,0.5014249682426453,0.18782198429107666,0.2504640817642212,0.2633382976055145,0.28692162,0.13808744
0.35307878255844116,0.12811899185180664,0.4071643352508545,0.3374655842781067,0.21253907680511475,1e-06,0.5730620622634888,0.61150026,0.049316224
0.2912464737892151,0.7058237791061401,0.7401609420776367,0.7738237977027893,0.4179558753967285,0.5883392095565796,0.6422075033187866,0.15950048,0.04939283
0.3913142681121826,0.8193711042404175,0.7242044806480408,0.6472973227500916,0.25077033042907715,0.388100266456604,0.6405588984489441,0.13814515,0.060625155
0.4006437063217163,0.5036715269088745,0.396149218082428,0.6563251614570618,0.22519290447235107,0.21410197019577026,0.3990723192691803,0.27256984,0.017497832
0.4039120674133301,0.28814053535461426,0.520620584487915,0.4646833539009094,0.24693870544433594,0.19810932874679565,0.4310751259326935,0.19659208,0.43598625
0.5412256717681885,0.33142149448394775,0.27061009407043457,0.3813355565071106,0.18275415897369385,0.13585031032562256,0.5091068744659424,0.14080268,0.18449306
0.17368263006210327,0.1775374412536621,0.575626790523529,0.416526734828949,0.301460862159729,0.31482481956481934,0.5477954745292664,0.3250216,0.27143702
0.35619354248046875,0.24241435527801514,0.6301192045211792,0.7392346262931824,0.30137181282043457,0.37467825412750244,0.6501393914222717,0.17355771,0.19188283
0.25636887550354004,1e-06,0.6462001204490662,0.6517894864082336,0.32518696784973145,0.4940570592880249,0.6948028206825256,0.5387734,0.20684022
0.7475879788398743,0.7203987836837769,0.29299700260162354,0.27376264333724976,0.08050084114074707,0.18606555461883545,0.528965175151825,0.7992426,0.09488337
0.7711116075515747,0.6649254560470581,0.29349374771118164,0.4053496718406677,0.15530967712402344,0.19579797983169556,0.19638629257678986,0.122461766,0.027403468
0.7952916026115417,0.6764127016067505,0.3674582839012146,0.31986838579177856,0.058228135108947754,0.10954433679580688,0.12960198521614075,0.44023246,0.048565544
0.7642902135848999,0.6690129041671753,0.2606312036514282,0.2505488991737366,0.07448434829711914,0.15589028596878052,0.3334648013114929,0.73297185,0.03387643
0.8287122845649719,0.6309702396392822,0.12663792073726654,0.277016818523407,0.08301687240600586,0.12563085556030273,0.2989238500595093,0.6856488,0.02301606
0.818083643913269,0.603181004524231,0.21812056005001068,0.27612870931625366,0.11121070384979248,0.12547439336776733,0.23244544863700867,0.5171465,0.009189166
0.6867645978927612,0.5973098278045654,0.11166568100452423,0.25055843591690063,0.163671612739563,0.16914045810699463,0.21762266755104065,0.31097853,0.032003667
0.6896474361419678,0.8233908414840698,0.6611530780792236,0.6926622986793518,0.20482444763183594,0.3492065668106079,0.4200369715690613,0.5881895,0.010027088
0.7350448966026306,0.7163907289505005,0.7772786617279053,0.5691624283790588,0.20687079429626465,0.3940833806991577,0.3942861557006836,0.47009504,0.030441264
0.6788952350616455,0.47434675693511963,0.46084386110305786,0.5095344185829163,0.1989452838897705,0.2752174735069275,0.24479500949382782,0.27985027,0.60970485
0.5562010407447815,0.42512595653533936,0.5348733067512512,0.5409786105155945,0.22749733924865723,0.20743107795715332,0.21839483082294464,0.064792514,0.6248588
0.6167808771133423,0.40657103061676025,0.4638969898223877,0.482793390750885,0.15235495567321777,0.21776950359344482,0.3593524992465973,0.2369177,0.32381368
0.9413314461708069,0.642938494682312,0.16672830283641815,0.3271324038505554,0.06797528266906738,0.12888401746749878,0.06350000947713852,0.585646,0.025157446
0.5494001507759094,0.7856181859970093,0.4435226321220398,0.533412754535675,0.07251429557800293,0.13170266151428223,0.7135202884674072,0.5334969,0.06650467
0.7967575788497925,0.5167189836502075,0.32987844944000244,0.36644989252090454,0.10651934146881104,0.15333318710327148,0.5024866461753845,0.528823,0.019064084
0.9734532237052917,0.6545370817184448,0.1993819624185562,0.25827640295028687,0.1098090410232544,0.16088497638702393,0.008349270559847355,0.42577782,0.020791369
0.9491214156150818,0.517664909362793,0.24816198647022247,0.31568557024002075,0.06626200675964355,0.06559431552886963,0.05676928907632828,0.3215968,0.063429445
0.6162286996841431,0.4925280809402466,0.3067362904548645,0.31533879041671753,0.18304669857025146,0.18883097171783447,0.41510894894599915,0.32432204,0.011726439
0.9999999403953552,0.6105890274047852,0.29730796813964844,0.2913742661476135,0.08848750591278076,0.061438798904418945,0.019390743225812912,0.27665782,0.046118725
0.8825329542160034,0.5588048696517944,0.290030837059021,0.27520936727523804,0.10037505626678467,0.12821495532989502,0.08309275656938553,0.23897566,0.010913809
0.8052391409873962,0.5209999084472656,0.1831771582365036,0.3346715569496155,0.12676739692687988,0.1390935182571411,0.11570179462432861,0.27588022,0.011691291
0.7668681740760803,0.5068758726119995,0.1738366037607193,0.30468493700027466,0.14232075214385986,0.14526718854904175,0.21009157598018646,0.3000289,0.0058374656
0.8063143491744995,0.6594117879867554,0.31449198722839355,0.4313357472419739,0.21321594715118408,0.23124349117279053,0.18830999732017517,0.19529393,0.004315194
0.37517261505126953,1.0000001192092896,0.8679099082946777,0.7151150107383728,0.368108868598938,0.7065292596817017,0.710594892501831,0.09744184,0.11369678
0.5332244634628296,0.3503274917602539,0.44347119331359863,0.49011117219924927,0.12268197536468506,0.2182956337928772,0.2607226073741913,0.16995,0.58085394
0.5453987121582031,0.27036798000335693,0.42950284481048584,0.5231102108955383,0.08985114097595215,0.11218792200088501,0.34226882457733154,0.3133126,0.12432735
0.7135445475578308,0.37591350078582764,0.3752765655517578,0.537027895450592,0.14436757564544678,0.23096150159835815,0.44859713315963745,0.42689466,0.07265611
0.5812572836875916,0.43594861030578613,0.3739834427833557,0.409280002117157,0.18160033226013184,0.24634826183319092,0.4251744747161865,0.10669786,0.18753086
0.7912840247154236,0.3472076654434204,0.27949631214141846,0.36970704793930054,0.10481405258178711,0.1326780915260315,0.3727005422115326,0.43873695,0.016413582
0.7418093681335449,0.41374945640563965,0.40204328298568726,0.44217246770858765,0.18848872184753418,0.23964518308639526,0.507154107093811,0.46920693,0.5273774
0.6586081385612488,0.502967119216919,0.4030086398124695,0.32102686166763306,0.09328579902648926,0.19210785627365112,0.5976688861846924,0.43106452,0.40935472
0.5132635235786438,0.3770064115524292,0.5888880491256714,0.7989361882209778,0.3681403398513794,0.4896671772003174,0.553322970867157,0.432672,0.21247807
0.6619020104408264,0.5400887727737427,0.4137483239173889,0.40239793062210083,0.16308939456939697,0.274708092212677,0.5868169665336609,0.3657791,0.5960754
0.5979642271995544,0.47646379470825195,0.5450139045715332,0.5929668545722961,0.3472081422805786,0.3748968839645386,0.591199517250061,0.35816944,0.34637904
0.6433395147323608,0.4328587055206299,0.45653605461120605,0.5567572712898254,0.23173010349273682,0.21759521961212158,0.5233324766159058,0.36346245,0.35658658
0.7004473209381104,0.6228823661804199,0.4690553545951843,0.5872372984886169,0.1523141860961914,0.3523455858230591,0.32052725553512573,0.3364952,0.014387204
0.6626914143562317,0.4011077880859375,0.4268109202384949,0.5128805041313171,0.13695120811462402,0.21915048360824585,0.35191091895103455,0.32023093,0.27306372
0.5990340113639832,0.32983553409576416,0.4840470552444458,0.6785027384757996,0.21647882461547852,0.23325210809707642,0.40158355236053467,0.3044941,0.53610444
0.7851554155349731,0.37261176109313965,0.35573476552963257,0.4332450032234192,0.09450578689575195,0.1897599697113037,0.36072251200675964,0.39358857,0.0043659373
0.5493676662445068,0.5865892171859741,0.7311090230941772,0.8067331910133362,0.2648993730545044,0.5111680030822754,0.4529172480106354,0.28824908,0.0479926
0.47011905908584595,0.40827763080596924,0.7610529065132141,0.951564371585846,0.4274318218231201,0.4818406105041504,0.4886627197265625,0.14994486,0.13157114
0.8474465608596802,0.3618978261947632,0.2533172369003296,0.32993239164352417,0.05165421962738037,0.12085598707199097,0.2723439931869507,0.46400088,0.08855126
0.5020753145217896,0.3705333471298218,0.5774450898170471,0.6375225186347961,0.14262700080871582,0.3496580123901367,0.33712002635002136,0.28279588,0.7355654
0.6378389000892639,0.30190086364746094,0.32075297832489014,0.43302780389785767,0.1050945520401001,0.1559160351753235,0.3575068414211273,0.32598114,0.5853897
0.7859545946121216,0.3094007968902588,0.19817377626895905,0.3536584973335266,0.09828484058380127,0.14719289541244507,0.24629519879817963,0.4703329,0.18165061
0.8672600984573364,0.4066438674926758,0.19225569069385529,0.2890557646751404,0.06306982040405273,0.09366703033447266,0.20989255607128143,0.40603045,0.12651764
0.8627307415008545,0.4327085018157959,0.16754819452762604,0.24466180801391602,1e-06,0.09070557355880737,0.24937278032302856,0.385408,0.05525602
0.8732902407646179,0.5599195957183838,0.290820837020874,0.3215574622154236,0.06311929225921631,0.11878305673599243,0.03155112639069557,0.32184926,0.09847394
0.8740286231040955,0.451221227645874,0.28658974170684814,0.30569833517074585,0.05315887928009033,0.10508209466934204,0.09311182796955109,0.40077287,0.07077233
0.8989329934120178,0.4708455801010132,0.16805152595043182,0.2801392674446106,0.06458747386932373,0.07212811708450317,0.12268518656492233,0.33194405,0.1430191
0.7322152256965637,0.5712463855743408,0.35715800523757935,0.4227535128593445,0.04828178882598877,0.14972347021102905,0.30253222584724426,0.5106145,0.032460935
0.7456042766571045,0.4830101728439331,0.4919915795326233,0.4284413456916809,0.1285099983215332,0.26377058029174805,0.3313243091106415,0.4363233,0.021397403
0.7133814096450806,0.740026593208313,0.7383010387420654,0.7740281224250793,0.22191846370697021,0.3683605194091797,0.4215698540210724,0.39278978,0.00948797
0.756243109703064,0.5513452291488647,0.4863963723182678,0.5202171206474304,0.09805107116699219,0.20865482091903687,0.41161778569221497,0.41527593,0.010447912
0.666050136089325,0.5095502138137817,0.4085146188735962,0.5370442271232605,0.17144715785980225,0.2612711191177368,0.49634072184562683,0.44137862,0.0725268
0.5462192296981812,0.36868107318878174,0.4760575294494629,0.5929862856864929,0.17362260818481445,0.16008877754211426,0.3184490501880646,0.16863671,0.4899726
0.4239113926887512,0.2239227294921875,0.790930986404419,0.9741286635398865,0.45523524284362793,0.688718318939209,0.526292622089386,0.33693388,0.59780955
0.3140185475349426,0.1569535732269287,0.7236179709434509,0.8886720538139343,0.2390056848526001,0.47533702850341797,0.7525578141212463,0.5467226,0.37737733
0.313653826713562,0.17719364166259766,0.8857308626174927,0.8965744376182556,0.3664604425430298,0.6656678915023804,0.4171653091907501,0.40573895,0.94848675
0.3788936734199524,0.28742480278015137,0.7406129837036133,0.8040313124656677,0.287738561630249,0.4343785047531128,0.35196682810783386,0.14769574,0.87895477
0.1404530107975006,0.09663152694702148,0.6046743392944336,0.4898044466972351,0.2721114158630371,0.4332578182220459,0.7570497989654541,0.62023026,0.21616492
0.2936795949935913,0.22212302684783936,0.5652686357498169,0.5744311213493347,0.2028658390045166,0.26139843463897705,0.6022869944572449,0.22014505,0.0479117
0.42033833265304565,0.2763075828552246,0.5361166000366211,0.5080912709236145,0.04726564884185791,0.24109476804733276,0.41834527254104614,0.2937302,0.23468643
0.18165673315525055,0.19211363792419434,0.5251529812812805,0.5043064951896667,0.23281347751617432,0.3053017854690552,0.6999001502990723,0.35196534,0.07427698
0.18206380307674408,0.25942158699035645,0.4520522356033325,0.4738968014717102,0.2154611349105835,0.3096696138381958,0.7383981347084045,0.3855184,0.39188564
0.1451297402381897,0.5109269618988037,0.46895068883895874,0.5778754353523254,0.1999359130859375,0.2662000060081482,0.7747000455856323,0.14911753,0.11229866
0.5937004685401917,0.32051384449005127,0.2186901718378067,0.3597751259803772,0.13435447216033936,0.169921875,0.38091352581977844,0.2311298,0.07585224
0.6133409142494202,0.3117116689682007,0.37547457218170166,0.42468708753585815,0.13075685501098633,0.1720653772354126,0.5454169511795044,0.10450096,0.50141436
0.3170841336250305,0.2034776210784912,0.46415114402770996,0.4011445641517639,0.06435692310333252,0.2101430892944336,0.5789048671722412,0.48310015,0.31043187
0.49718308448791504,0.24125897884368896,0.3365476131439209,0.38609403371810913,0.014690876007080078,0.12198126316070557,0.38496649265289307,0.3222664,0.21032946
0.5076833367347717,0.22800135612487793,0.40299367904663086,0.39602941274642944,0.135939359664917,0.19748228788375854,0.41524744033813477,0.2743188,0.18528996
0.32034140825271606,0.24174296855926514,0.37796664237976074,0.36469048261642456,0.050811171531677246,0.2355930209159851,0.5676872730255127,0.5401345,0.39970475
0.5191418528556824,0.37081336975097656,0.34278404712677,0.4050930142402649,0.16389477252960205,0.17906880378723145,0.45940864086151123,0.15090589,0.012600686
0.341874897480011,0.32570433616638184,0.40909498929977417,0.5249350666999817,0.1853170394897461,0.19508147239685059,0.3145070970058441,0.17678119,0.3212827
0.2570527195930481,0.3532695770263672,0.28676050901412964,0.4883970618247986,0.1804898977279663,0.18221187591552734,0.3709193468093872,0.2009255,0.17239152
0.18914036452770233,0.3253903388977051,0.4219253659248352,0.4988904595375061,0.10159575939178467,0.18863099813461304,0.4421840012073517,0.2369382,0.081086315
0.29993677139282227,0.2610511779785156,0.3834535479545593,0.4812135100364685,0.2008829116821289,0.22046822309494019,0.35768431425094604,0.4414114,0.042937383
0.4381912350654602,0.318050742149353,0.5070012807846069,0.5578727126121521,0.20956134796142578,0.26723629236221313,0.21421435475349426,0.14190187,0.91436785
0.45639222860336304,0.4633207321166992,0.38541215658187866,0.5172218680381775,0.14307332038879395,0.17859560251235962,0.45462989807128906,0.025784384,0.35249668
0.5063761472702026,0.46185362339019775,0.4736834168434143,0.5687850117683411,0.14428257942199707,0.0982932448387146,0.31521502137184143,0.0026212635,0.3319276
0.3908155560493469,0.428760290145874,0.3519584536552429,0.49105721712112427,0.19339287281036377,0.24125534296035767,0.5244891047477722,0.11047188,0.20026399
0.3252783417701721,0.32746589183807373,0.3817998766899109,0.5226492285728455,0.20492947101593018,0.24957311153411865,0.3027688264846802,0.19836539,0.73056144
0.46505117416381836,0.33084678649902344,0.3733973503112793,0.41773921251296997,0.2165907621383667,0.2468336820602417,0.3050062954425812,0.1493993,0.1978508
0.5283713936805725,0.2677110433578491,0.34180140495300293,0.4526253342628479,0.2068331241607666,0.2655543088912964,0.3289119303226471,0.16801478,0.46075186
0.39449161291122437,0.2893768548965454,0.3532789945602417,0.45455318689346313,0.228052020072937,0.27699100971221924,0.3026973009109497,0.26047587,0.20855035
0.511849582195282,0.263427734375,0.4119768738746643,0.4723131060600281,0.21808695793151855,0.27547383308410645,0.38737738132476807,0.23815447,0.32341328
0.4266069531440735,0.2254542112350464,0.3638226389884949,0.4113937020301819,0.1162041425704956,0.24298059940338135,0.3916747272014618,0.41800293,0.06420872
0.19559113681316376,0.21706926822662354,0.5041701197624207,0.37822824716567993,0.16489160060882568,0.2853507995605469,0.6838627457618713,0.55687493,0.28343275
0.3513336777687073,0.25313103199005127,0.3544553518295288,0.42132824659347534,0.1958075761795044,0.24648046493530273,0.4052562117576599,0.5533258,0.08080722
0.2736032009124756,0.23864734172821045,0.32500404119491577,0.410966694355011,0.1382976770401001,0.10707420110702515,0.6165733337402344,0.6923086,0.060614407
0.2074183076620102,0.2586503028869629,0.41413551568984985,0.4040631651878357,0.21442079544067383,0.22308731079101562,0.4611316919326782,0.48995283,0.22938426
0.0924726277589798,0.30403220653533936,0.5332241058349609,0.40891069173812866,0.24515390396118164,0.32256531715393066,0.6766316890716553,0.32747337,0.3344909
0.10470184683799744,0.24284064769744873,0.4767083525657654,0.4183740019798279,0.19377243518829346,0.28123849630355835,0.8856531381607056,0.600548,0.025686901
0.0827292650938034,0.3326733112335205,0.5460758805274963,0.6027244925498962,0.27475154399871826,0.27297598123550415,0.6444396376609802,0.3136159,0.129759
0.8217695355415344,0.4929708242416382,0.33408433198928833,0.3126959204673767,0.11041951179504395,0.11180442571640015,0.18384335935115814,0.15117043,0.2847216
0.724330723285675,0.4196932315826416,0.39638006687164307,0.5024526715278625,0.16304588317871094,0.23192429542541504,0.3467077314853668,0.19003785,0.3216971
0.6639216542243958,0.35883045196533203,0.3694514036178589,0.3789387345314026,0.13638877868652344,0.16963207721710205,0.37983644008636475,0.18672356,0.012403949
0.6141507625579834,0.2726938724517822,0.27155959606170654,0.3790685534477234,0.0869607925415039,0.1658879518508911,0.36477580666542053,0.19119677,0.16324781
0.42586809396743774,0.3570133447647095,0.5977330207824707,0.7472196221351624,0.2979491949081421,0.4125407934188843,0.3776520788669586,0.1459372,0.4253294
0.4463534355163574,0.3684253692626953,0.5581636428833008,0.5984951853752136,0.22901523113250732,0.38812267780303955,0.37116509675979614,0.17439161,0.1467461
0.41032272577285767,0.5361762046813965,0.6922034621238708,0.702300488948822,0.2797696590423584,0.5244960784912109,0.40819162130355835,0.06470256,0.026847988
0.3645399808883667,0.5260822772979736,0.7433198690414429,0.7224499583244324,0.33832037448883057,0.49596500396728516,0.49313831329345703,0.046387568,0.036959235
0.32001936435699463,0.4964632987976074,0.9385013580322266,0.7855412364006042,0.5636247396469116,0.9267128705978394,0.5629748106002808,0.19549426,0.17608398
0.4341757893562317,0.6861692667007446,0.7062804102897644,0.5760360360145569,0.26495373249053955,0.5030354261398315,0.47075387835502625,0.07559347,0.10637914
0.47037291526794434,0.4985783100128174,0.5786368250846863,0.5456348061561584,0.21218395233154297,0.38343799114227295,0.3915109634399414,0.11657111,0.30730355
0.2285814732313156,0.28478336334228516,0.7741308212280273,0.820613443851471,0.7338439226150513,0.6781524419784546,0.5119206309318542,0.44258204,0.39724913
0.25434309244155884,0.2861447334289551,0.6659578084945679,0.5400907397270203,0.20878946781158447,0.36786961555480957,0.4802815020084381,0.21583152,0.064730406
0.2660234570503235,0.24655795097351074,0.5802152156829834,0.6709946990013123,0.3442789316177368,0.36160409450531006,0.2608192265033722,0.06924581,0.9574864
0.20926888287067413,0.1710752248764038,0.6792124509811401,0.7175832390785217,0.5629465579986572,0.5694093704223633,0.3299349844455719,0.12948959,0.8670242
0.14332622289657593,0.38663387298583984,0.6082008481025696,0.4797303080558777,0.2667351961135864,0.331378698348999,0.8224248290061951,0.83566415,0.16805328
0.1519944816827774,0.332869291305542,0.5433109402656555,0.5961640477180481,0.26267290115356445,0.31390702724456787,0.4385487139225006,0.06155854,0.48604864
0.09166514873504639,0.18112576007843018,0.6554815769195557,0.6975780129432678,0.3970661163330078,0.4330505132675171,0.814315676689148,0.40560198,0.20345883
0.34909677505493164,0.279720664024353,0.6349570155143738,0.6179187893867493,0.27719759941101074,0.41998112201690674,0.3213772177696228,0.061630163,0.6551734
0.2659309506416321,0.25171518325805664,0.7612512111663818,0.9559583067893982,0.7195476293563843,0.7229052782058716,0.3674902617931366,0.025706993,0.6417221
0.3164970874786377,0.33867716789245605,0.6850000619888306,0.6899399161338806,0.41004133224487305,0.5143415927886963,0.43464577198028564,0.030756775,0.19214807
0.6261976957321167,0.34346961975097656,0.5080589056015015,0.4340803027153015,0.1700913906097412,0.24052369594573975,0.22430001199245453,0.12821001,0.21677713
0.7587025761604309,0.4456895589828491,0.2835630774497986,0.3938301205635071,0.06519818305969238,0.17390823364257812,0.1386289745569229,0.07485449,0.343133
0.3029928207397461,0.48684823513031006,0.5394706130027771,0.3134201169013977,0.1734541654586792,0.21317410469055176,0.866605818271637,0.5023647,0.42376325
0.44926148653030396,0.9066158533096313,0.38421714305877686,0.23336642980575562,0.1402130126953125,0.2877867817878723,0.9154981374740601,0.6055323,0.24906744
0.3138914108276367,0.2181103229522705,0.13482151925563812,1e-06,0.251459002494812,0.7211637496948242,0.8683129549026489,0.6877754,0.23813716
0.5687052011489868,0.46634042263031006,0.3742917776107788,0.15544390678405762,0.06747245788574219,0.19389837980270386,0.5497657060623169,0.4751397,0.037129976
0.34163475036621094,0.19396734237670898,0.5271965265274048,0.39718538522720337,0.1716848611831665,0.10368424654006958,0.8467249274253845,0.73369354,0.08963206
0.2649112939834595,0.11823344230651855,0.5212271213531494,0.47873419523239136,0.17896997928619385,0.22562885284423828,0.47416001558303833,0.33543292,0.035047907
0.38262325525283813,0.6400951147079468,0.6403639316558838,0.7164174914360046,0.34099531173706055,0.46588289737701416,0.49558404088020325,0.19979055,0.03630074
0.4246087074279785,0.40032005310058594,0.436534583568573,0.5988702178001404,0.23158156871795654,0.29752516746520996,0.4082000255584717,0.25392592,0.0061845435
0.43737101554870605,0.45382392406463623,0.4278971552848816,0.3034284710884094,0.15901315212249756,0.20103996992111206,0.7091311812400818,0.5113749,0.29015043
0.4972975254058838,0.33423030376434326,0.4596816897392273,0.38338953256607056,0.27095091342926025,0.2189505696296692,0.5570124387741089,0.4623581,0.012834753
0.387776255607605,0.2591888904571533,0.5563653707504272,0.51018887758255,0.31241893768310547,0.31611084938049316,0.5826206803321838,0.26929578,0.04547032
0.5294071435928345,0.4542490243911743,0.5175918340682983,0.40716975927352905,0.19085490703582764,0.3027580976486206,0.32853612303733826,0.116881125,0.040469363
0.5646515488624573,0.34357380867004395,0.5182458162307739,0.5112466216087341,0.26290977001190186,0.31840312480926514,0.41149935126304626,0.10135777,0.10871007
0.27591919898986816,0.09396660327911377,0.4807775616645813,0.28782790899276733,0.14607977867126465,0.17163705825805664,0.7154058218002319,0.92066383,0.33330935
0.4363938570022583,0.1626591682434082,0.38369476795196533,0.4087018370628357,0.151098370552063,0.08096826076507568,0.5841061472892761,0.35008016,0.52468246
0.6453168988227844,0.3030022382736206,0.2825692296028137,0.38394492864608765,0.22371840476989746,0.19930130243301392,0.4607827961444855,0.26215544,0.019323299
0.5152655839920044,0.20607590675354004,0.40674930810928345,0.38209670782089233,0.22670447826385498,0.18271100521087646,0.7690606117248535,0.39073035,0.052348297
0.4630153179168701,0.27296125888824463,0.4258795976638794,0.305783212184906,0.18663275241851807,0.1633371114730835,0.8073505163192749,0.45491353,0.017573515
0.5666804313659668,0.3565635681152344,0.32451629638671875,0.2966623902320862,0.19243621826171875,0.1813439130783081,0.5431269407272339,0.25032142,0.15716578
0.7119966745376587,0.31630992889404297,0.3445746898651123,0.40343791246414185,0.20827889442443848,0.21971678733825684,0.3344556987285614,0.2554686,0.29347026
0.6851286888122559,0.41978538036346436,0.2670319080352783,0.3640972971916199,0.19740700721740723,0.19139504432678223,0.24271108210086823,0.26755345,0.115566336
0.6102243661880493,0.4929370880126953,0.46087682247161865,0.43656259775161743,0.16339421272277832,0.2510101795196533,0.41730377078056335,0.110923246,0.13799302
0.7514281868934631,0.46352505683898926,0.2918749451637268,0.3869820237159729,0.1582188606262207,0.24868035316467285,0.3300345540046692,0.1567349,0.2763352
0.8031455278396606,0.5076333284378052,0.3261036276817322,0.3357256054878235,0.0977785587310791,0.1751648187637329,0.38828763365745544,0.14589284,0.0390725
0.7760685086250305,0.5020475387573242,0.29018330574035645,0.2754438519477844,0.033290982246398926,0.09541386365890503,0.3199743330478668,0.41973022,0.051239546
0.888177216053009,0.3802257776260376,0.2535310387611389,0.383419930934906,0.1459263563156128,0.17673718929290771,0.27680495381355286,0.42327723,0.075534515
0.7449320554733276,0.426619291305542,0.19810418784618378,0.34625929594039917,0.08212077617645264,0.15513074398040771,0.19844937324523926,0.08254031,0.23404643
0.8497895002365112,0.44752073287963867,0.1777264028787613,0.35415416955947876,0.1213449239730835,0.11400943994522095,0.32070520520210266,0.3503928,0.052865878
0.9508902430534363,0.473197340965271,0.2678970694541931,0.2887282967567444,0.11636602878570557,0.06429511308670044,0.1603473573923111,0.34267133,0.08169136
0.5356611609458923,0.30967986583709717,0.40661102533340454,0.5655105710029602,0.2512552738189697,0.29840517044067383,0.2411584109067917,0.20562732,0.52191466
0.5735330581665039,0.31739699840545654,0.3129727244377136,0.4180981516838074,0.1455674171447754,0.16725116968154907,0.2032616138458252,0.25037602,0.72240937
0.6893951892852783,0.3401312828063965,0.27141183614730835,0.3617320656776428,0.15644514560699463,0.1945641040802002,0.28155943751335144,0.25402874,0.09363347
0.7146695256233215,0.38287806510925293,0.31088340282440186,0.3539056181907654,0.15577363967895508,0.18672579526901245,0.4679812490940094,0.15642877,0.4960355
0.7866280674934387,0.35217833518981934,0.25581395626068115,0.36394768953323364,0.16563880443572998,0.16434359550476074,0.41633835434913635,0.3701566,0.42484307
0.8945615887641907,0.5400029420852661,0.19494102895259857,0.3090525269508362,0.04328739643096924,0.1500023603439331,0.04369964823126793,0.42250863,0.03584837
0.5460073947906494,0.6235980987548828,0.35935425758361816,0.2508178949356079,0.17162692546844482,0.23279958963394165,0.28716161847114563,0.41883653,0.051522758
0.6042764782905579,0.5567866563796997,0.34581947326660156,0.32243746519088745,0.1257704496383667,0.14200246334075928,0.22797000408172607,0.31724736,0.046391215
0.47176921367645264,0.25432372093200684,0.5300850868225098,0.4139924645423889,0.3783278465270996,0.3067058324813843,0.6161713600158691,0.46233436,0.17061251
0.785885214805603,0.5265181064605713,0.14202921092510223,0.422976553440094,0.17572224140167236,0.1731628179550171,0.16079679131507874,0.23576464,0.0033044382
0.7397106289863586,0.43407511711120605,0.26100921630859375,0.36737579107284546,0.1862102746963501,0.19654589891433716,0.21897362172603607,0.2065773,0.13087496
0.9626687169075012,0.5331374406814575,0.22315926849842072,0.3063458800315857,0.10725903511047363,0.12314963340759277,0.04775605350732803,0.3119887,0.023263842
0.8671589493751526,0.5158848762512207,0.22378204762935638,0.3867263197898865,0.14708948135375977,0.1735735535621643,0.0999104380607605,0.24995217,0.03945902
0.5586232542991638,0.47757935523986816,0.30002766847610474,0.2595446705818176,0.07217276096343994,0.13348114490509033,0.27419739961624146,0.44959795,0.069501504
0.6887081861495972,0.4312952756881714,0.4471554160118103,0.5423738360404968,0.19797897338867188,0.2217596173286438,0.4935220777988434,0.35473216,0.34130695
0.6383845806121826,0.3569234609603882,0.4044979214668274,0.6038824915885925,0.2747352123260498,0.3464006185531616,0.5114201307296753,0.3312778,0.16213815
0.5776821970939636,0.5497710704803467,0.3787909746170044,0.3308594822883606,0.21722674369812012,0.201011061668396,0.37432971596717834,0.35420886,0.03965794
0.020132191479206085,0.15789806842803955,0.6693813800811768,0.4943956732749939,0.3340728282928467,0.4789615869522095,0.8707748651504517,0.76206803,0.2527305
0.09031780064105988,0.19302117824554443,0.5209828615188599,0.49243563413619995,0.3184319734573364,0.40074610710144043,0.7406962513923645,0.43307608,0.15602165
1e-06,0.38618004322052,0.8607783317565918,0.8592771887779236,0.6541991233825684,0.5140340328216553,0.977668046951294,0.9202462,0.1313085
0.24320702254772186,0.2952944040298462,0.8518571853637695,0.8388753533363342,0.8602951765060425,0.8215905427932739,0.5305615067481995,0.45816553,0.4831626
0.33262574672698975,0.4791684150695801,0.8495081663131714,0.8275603652000427,0.630423903465271,0.8165245056152344,0.5228521227836609,0.06525677,0.06305134
0.2145121842622757,0.36628878116607666,0.4706319570541382,0.5257866978645325,0.19477510452270508,0.23229575157165527,0.33498209714889526,0.055492565,0.8188169
0.4218234419822693,0.2927433252334595,0.40394794940948486,0.48265665769577026,0.19741082191467285,0.27617835998535156,0.49952587485313416,0.43968526,0.10693425
0.29771918058395386,0.2653493881225586,0.3810606002807617,0.4816240668296814,0.21941161155700684,0.24873417615890503,0.26176008582115173,0.27846584,0.22025806
0.3661566972732544,0.12724030017852783,0.41627687215805054,0.3581544756889343,0.16441845893859863,0.014184057712554932,0.7906301617622375,0.63600564,0.05410879
0.3263435363769531,0.7597659826278687,0.8476048111915588,0.6794746518135071,0.3829416036605835,0.6618695259094238,0.6677647233009338,0.16157493,0.042284712
0.3953655958175659,0.8630374670028687,0.7966777682304382,0.7916739583015442,0.35971784591674805,0.5673381090164185,0.6272632479667664,0.12622663,0.08631859
0.4032319188117981,0.47810983657836914,0.5133122801780701,0.6026884913444519,0.13548290729522705,0.22679847478866577,0.41390562057495117,0.27144977,0.014575536
0.44233113527297974,0.25682342052459717,0.5545046925544739,0.4592898488044739,0.2543337345123291,0.24778318405151367,0.5951608419418335,0.20257963,0.4266535
0.5605677962303162,0.26604163646698,0.289936363697052,0.372813880443573,0.1752234697341919,0.1675105094909668,0.5499094724655151,0.16396181,0.110376686
0.21642442047595978,0.16169869899749756,0.6782565116882324,0.4262086749076843,0.31187427043914795,0.4378308057785034,0.5474361181259155,0.29443428,0.31726825
0.3098273277282715,0.2273780107498169,0.6957317590713501,0.6737378239631653,0.2807497978210449,0.3388932943344116,0.5578182935714722,0.18148196,0.41180667
0.1997298151254654,0.12619376182556152,0.7048327326774597,0.7110293507575989,0.26563024520874023,0.5164532661437988,0.7473202347755432,0.5911084,0.2165418
