Geodesic,Myelin,Michigan_FEOBV,Aghourian_FEOBV,Bedard_FEOBV,Tuominen_FEOBV,functional,structural,funcG1,diffG1,wresidC
0.71820843,0.72515786,0.30716527,0.2846138,0.04092264,0.19656807,0.5636404,0.80569464,0.66834295,0.91561025,0.100993544
0.7566064,0.6358539,0.3937837,0.40191978,0.10744667,0.20968026,0.16417386,0.11259901,0.5908189,0.75002474,0.050152425
0.7566084,0.6478914,0.3411224,0.30387717,0.042399645,0.19218296,0.13873982,0.43365976,0.61950356,0.9360747,0.051173445
0.7190535,0.67118037,0.28037256,0.22771049,0.03222716,0.17107552,0.37769747,0.731491,0.59127873,0.8975515,0.044552784
0.779794,0.6324316,0.18180977,0.279805,0.07686651,0.14732909,0.31533182,0.6845521,0.58959824,0.9302417,0.02648763
0.7903957,0.59970224,0.19011216,0.29122585,0.113283634,0.13243139,0.26642975,0.52737963,0.57303303,0.9327366,0.017112218
0.66225797,0.549515,0.2583124,0.34887022,0.14920843,0.15952623,0.24138719,0.30757168,0.59674543,0.8422956,0.04512954
0.70274705,0.81898296,0.5805101,0.7099367,0.21269155,0.38142908,0.44232643,0.5809013,0.50877285,0.59861314,0.020168599
0.7267812,0.71756375,0.69667184,0.609862,0.19881833,0.3894627,0.4186577,0.46898258,0.44730493,0.6997766,0.022883149
0.69334763,0.507395,0.34425396,0.5635428,0.2022196,0.26577705,0.3225293,0.27718413,0.8287966,0.55302614,0.5306959
0.56288624,0.4484601,0.63564205,0.5820282,0.21294284,0.2841034,0.22248091,0.0593417,0.86505276,0.6009922,0.62657183
0.62156963,0.43865073,0.2901376,0.58570784,0.23552632,0.19593728,0.26966012,0.22215973,0.5557999,0.5641595,0.04330607
0.9155244,0.66064656,0.16927548,0.29052657,0.03451681,0.1448434,0.04071765,0.5779287,0.59959936,0.99485165,0.026289923
0.5678373,0.6135402,0.42866623,0.49495715,0.034357905,0.1302597,0.7280911,0.5363513,0.32907668,0.56582355,0.087641574
0.76059735,0.51322615,0.29092902,0.37133712,0.12434411,0.17200112,0.56449914,0.54096705,0.37521002,0.7914086,0.05063882
0.9315353,0.6292089,0.0,0.22573012,0.07661188,0.15897167,1e-06,0.3825088,0.5826889,0.9634582,0.019892203
0.9292739,0.5098406,0.06805861,0.27967948,0.05909896,0.12902236,0.070682,0.3074273,0.6484579,0.9116446,0.07789114
0.6152115,0.44256592,0.22771455,0.31181008,0.17200315,0.22192407,0.38339,0.3148212,0.58478224,0.86842775,0.03571191
0.95029753,0.5800395,0.22881861,0.31894642,0.0483284,0.121459186,0.03374512,0.26363713,0.6037078,0.895848,0.040945932
0.8643898,0.5396129,0.22878142,0.3971327,0.12378442,0.14713252,0.1117123,0.25447786,0.56387687,0.8607825,0.019002022
0.78818727,0.5034838,0.07679233,0.318224,0.13583887,0.09243381,0.143016,0.26988488,0.5757714,0.851304,0.030232558
0.74008656,0.48847973,0.27924877,0.29933113,0.1479094,0.12749046,0.26109302,0.29891506,0.58414173,0.8476059,0.036949027
0.77469075,0.6574627,0.418319,0.3897099,0.14532661,0.2446323,0.19326134,0.18641947,0.4860553,0.81925845,0.0026011486
0.36092705,0.9714533,0.7679041,0.9029662,0.41044855,0.6409365,0.75570494,0.090280205,0.64055675,0.67114335,0.107125156
0.54797643,0.33194125,0.43570876,0.43092912,0.19757307,0.26099402,0.2850204,0.1637783,0.6024386,0.7255412,0.07515538
0.58956563,0.25830698,0.38626015,0.42893988,0.049543142,0.16393226,0.22445075,0.31034037,0.36930534,0.662569,0.054733917
0.7634407,0.37756026,0.43304706,0.51524085,0.13376951,0.25584924,0.549474,0.4131846,0.47298324,0.7189154,0.046214577
0.5592224,0.38735557,0.3423187,0.45401114,0.193843,0.20781797,0.3938675,0.10784009,0.61272234,0.71308786,0.1225855
0.81195647,0.36935854,0.3069653,0.4252197,0.11045098,0.18891072,0.42847577,0.43434453,0.36342028,0.8301227,0.07804668
0.725605,0.4496343,0.41465253,0.44837826,0.16468966,0.25311947,0.48043677,0.47677988,0.0264156,0.53199166,0.5886876
0.613482,0.4891646,0.399908,0.32037514,0.08612847,0.22287911,0.60084015,0.4373589,0.12174969,0.70887643,0.4618214
0.56523114,0.4210037,0.6173728,0.7713476,0.3598634,0.4700687,0.58489496,0.46616092,0.23720008,0.14376904,0.10742361
0.62921894,0.5092639,0.39751238,0.34185916,0.14884794,0.25987512,0.55670863,0.36744592,0.017358,0.5290718,0.61159235
0.64609444,0.5709833,0.51671875,0.6228406,0.29897738,0.34906352,0.593839,0.37565276,0.08476472,0.30936775,0.39607576
0.69396687,0.44118083,0.4033562,0.51623315,0.2564646,0.25647467,0.47502246,0.3630708,0.03673644,0.29481798,0.4810231
0.75948143,0.6164843,0.52983314,0.5212478,0.13283384,0.3633821,0.3655418,0.33387527,0.4186368,0.72658354,0.015990445
0.70643014,0.3681687,0.46258748,0.5550749,0.14074564,0.24486846,0.44160435,0.30843756,0.7267329,0.7754036,0.27639496
0.63942987,0.3148625,0.45641053,0.7495361,0.25406313,0.3416866,0.48633292,0.29759896,0.79297906,0.47597533,0.53302884
0.8349652,0.35994065,0.30919755,0.3888299,0.11513007,0.22261006,0.38094965,0.39986256,0.48168257,0.83538353,0.0076595694
0.6069415,0.56830144,0.74660724,0.86210734,0.2924912,0.51157,0.5034056,0.2712925,0.5312573,0.52339995,0.047516745
0.5154669,0.36888945,0.82212967,1.0,0.43162882,0.48018634,0.5205393,0.1260737,0.6380004,0.5102827,0.16621391
0.8776761,0.33949554,0.24545862,0.40248746,0.11578405,0.14743316,0.30300635,0.46813998,0.6721441,0.877747,0.107713155
0.5512138,0.37065434,0.5990016,0.6557253,0.19625497,0.34678066,0.4106809,0.28249305,0.83182096,0.6009247,0.57899594
0.6820024,0.29371977,0.31449085,0.45461887,0.09595156,0.20364809,0.43494955,0.3347329,0.8145519,0.64604264,0.44515675
0.8391299,0.3055873,0.33567774,0.38348466,0.11294842,0.17859036,0.31480303,0.4694314,0.68977314,0.9106063,0.16002956
0.8804464,0.40623498,0.16281311,0.33846194,0.08501792,0.15198404,0.24726234,0.41018534,0.6580593,0.9141343,0.10632977
0.8170823,0.43484962,0.19591616,0.3292877,0.06969607,0.14477062,0.2660436,0.39982098,0.65372354,0.8225945,0.07984669
0.83440983,0.539786,0.27380955,0.30559796,0.044656515,0.14975232,0.07338979,0.32189766,0.6985019,0.85652304,0.14344576
0.90132123,0.42853332,0.22443543,0.36083657,0.08217943,0.12470353,0.13578734,0.42062944,0.6539655,0.906429,0.07950154
0.8985251,0.46304524,0.2566368,0.29355115,0.08115399,0.09052682,0.15440433,0.33739215,0.7113282,0.889485,0.16333893
0.71866846,0.5913696,0.3426261,0.4972641,0.09366107,0.15442085,0.3304168,0.50846153,0.45446295,0.7221894,0.02743421
0.73449737,0.4906242,0.40577775,0.4303711,0.106600285,0.21582848,0.35469955,0.44637814,0.53625447,0.75382614,0.020938765
0.68446845,0.7213625,0.57327306,0.71352094,0.20018363,0.38977945,0.43682134,0.3961037,0.5170956,0.64912415,0.01631737
0.78875107,0.5761342,0.39886564,0.5416556,0.14068282,0.2197454,0.4765229,0.42364025,0.4990566,0.55750066,0.018031048
0.71183646,0.5368072,0.50606084,0.62412447,0.14248788,0.28019196,0.5129589,0.4547922,0.5914691,0.5925503,0.058352616
0.547087,0.40907764,0.28315222,0.6033911,0.19726026,0.14700574,0.35657495,0.17031367,0.78284323,0.5955794,0.36798084
0.4815994,0.20862925,0.82151616,0.99713594,0.4332013,0.7185606,0.6348781,0.3891472,0.7473853,0.17048892,0.51025164
0.38405377,0.07834804,0.72967803,0.8537238,0.20007527,0.4366876,0.7209872,0.54610515,0.6209973,0.13026495,0.297688
0.3822217,0.16691864,0.8814597,0.982945,0.4043753,0.63095,0.46244633,0.41748676,0.8594553,0.1474955,0.87913567
0.42345107,0.2827803,0.7857736,0.92269725,0.3791194,0.459013,0.39542368,0.14250174,0.9208841,0.49660224,0.90476
0.19098996,0.13936555,0.5466333,0.5582382,0.29373217,0.42964244,0.7465063,0.5769382,0.12881011,0.08203327,0.25158226
0.34130865,0.23351753,0.5269193,0.5520188,0.17010045,0.2838446,0.6088516,0.2242178,0.25297487,0.41982085,0.098999955
0.4599399,0.27062178,0.49592865,0.42849714,0.04485905,0.21757203,0.4155855,0.2994331,0.5164194,0.56651396,0.041947022
0.2332138,0.2230444,0.3675232,0.5265936,0.24401593,0.29058814,0.7134172,0.3250408,0.18256626,0.21770263,0.16907641
0.2210129,0.26646197,0.49676156,0.463265,0.22284722,0.297423,0.68396336,0.41782257,0.054892767,0.25836354,0.44433907
0.15710403,0.48672438,0.3546703,0.46448916,0.20416045,0.24317008,0.6611219,0.106739,0.35338518,0.65904474,0.04482581
0.6029302,0.33732998,0.2836603,0.39061254,0.1326133,0.17626023,0.309821,0.23087464,0.23501696,0.6025736,0.20636284
0.6417213,0.31084156,0.35952556,0.43354648,0.10701418,0.18034106,0.52820104,0.11678081,0.111923955,0.6355735,0.47754055
0.36765432,0.19977129,0.46418053,0.39521104,0.05874741,0.19566321,0.43006334,0.48185894,0.18888594,0.43140152,0.20321068
0.5596038,0.23456955,0.30836678,0.38465482,0.063324094,0.10898769,0.2752218,0.3393628,0.24234983,0.6259363,0.1937871
0.5540308,0.2352848,0.29490846,0.39160353,0.12410033,0.1886046,0.43019453,0.27467722,0.15452227,0.61121196,0.367333
0.37573034,0.23178601,0.34474522,0.35213774,0.07873058,0.24379921,0.5510587,0.53230846,0.08988308,0.44875062,0.4217421
0.5172064,0.38331974,0.3179915,0.4009698,0.14976299,0.18067443,0.405749,0.14392267,0.41988954,0.6123897,0.01981823
0.35258073,0.3402351,0.4096682,0.5545531,0.20658386,0.24440569,0.24512443,0.17087625,0.6072492,0.6246016,0.1136586
0.25555915,0.3956313,0.34315723,0.5050004,0.1917603,0.21691632,0.27414545,0.20731393,0.515451,0.6533505,0.10465284
0.18304329,0.3044243,0.40549207,0.4912513,0.09541857,0.17223275,0.2930374,0.24764068,0.40801886,0.67723274,0.056203786
0.2610792,0.25158608,0.34318274,0.49310535,0.16891801,0.16547352,0.32656372,0.44819137,0.4196478,0.5902082,0.0424256
0.44265997,0.33138347,0.48101044,0.5889589,0.20468378,0.28281307,0.23502165,0.15195338,0.96070683,0.62109536,0.8975899
0.4684611,0.44762588,0.41363245,0.5980781,0.10312259,0.14685023,0.36064097,0.01992744,0.70417523,0.63044,0.24130529
0.508338,0.4278475,0.5411208,0.5198539,0.12083495,0.13748038,0.27499056,0.015713776,0.74789834,0.62092143,0.34023145
0.40745538,0.45283604,0.40895957,0.49916404,0.13157952,0.19053102,0.4119002,0.093380496,0.5517045,0.63267666,0.052847683
0.3534106,0.3722204,0.41379368,0.5261926,0.14952314,0.23939973,0.31858915,0.19301303,0.78110415,0.6446989,0.4281227
0.4520167,0.3542775,0.20493074,0.42690116,0.17869806,0.24525326,0.31762418,0.14884166,0.65216416,0.60639054,0.17668335
0.5030768,0.26340413,0.2980916,0.4402005,0.21476293,0.26211762,0.31808203,0.17297757,0.8331964,0.60212535,0.6096873
0.38306576,0.31039107,0.34954602,0.48727924,0.19255543,0.26648962,0.37733862,0.28187817,0.60217386,0.5853077,0.12184161
0.5054611,0.27985978,0.40235877,0.4411053,0.16305327,0.23579955,0.43581164,0.24400422,0.6914997,0.58170044,0.3223972
0.49555767,0.23556054,0.30754906,0.39413136,0.10050106,0.22385609,0.3551317,0.41474485,0.27726826,0.5640322,0.13132632
0.2114666,0.17046654,0.46919018,0.3825509,0.17106009,0.29782474,0.6546554,0.5471215,0.16967316,0.2869674,0.23346418
0.36561072,0.270424,0.357347,0.43600148,0.18435776,0.29932094,0.40961674,0.56393313,0.39914757,0.4901039,0.0632254
0.30282736,0.2104677,0.17303263,0.36906546,0.14300561,0.21990931,0.562869,0.6773028,0.3614529,0.38466394,0.06993704
0.21643607,0.26115263,0.34146488,0.37478203,0.20864797,0.27132398,0.5373369,0.48255384,0.6809139,0.49277753,0.28249556
0.10814951,0.31224918,0.43006164,0.40774292,0.2747723,0.28474933,0.75386536,0.32427025,0.61252314,0.43639866,0.1310427
0.10340613,0.24892914,0.3718565,0.4236843,0.2608055,0.33592987,0.8702793,0.6093265,0.431747,0.16818899,0.025403712
0.0773983,0.27005816,0.5318212,0.47062486,0.25103247,0.28651708,0.62321895,0.3277028,0.3382676,0.5391034,0.091765575
0.80723447,0.5076709,0.23178716,0.35883862,0.04275191,0.07332343,0.21839234,0.17847084,0.7298181,0.7800558,0.29529896
0.75023264,0.41245556,0.35285836,0.49260944,0.12633932,0.24895096,0.3997231,0.2052765,0.7374519,0.6179046,0.28270918
0.6855395,0.38242555,0.3375122,0.4299336,0.1530118,0.19200009,0.39470086,0.1915856,0.46892214,0.61102766,0.17229646
0.6602324,0.27996016,0.33502185,0.37691623,0.083005786,0.1325264,0.35074195,0.16745616,0.28528586,0.6526663,0.13931826
0.4057485,0.3919418,0.5764489,0.7373429,0.2795118,0.3990698,0.37161043,0.13548581,0.8281391,0.61922556,0.437197
0.43443376,0.36538863,0.5267797,0.6155371,0.2141484,0.31046963,0.40361956,0.1825807,0.7135188,0.6231716,0.20378695
0.4082448,0.4772489,0.6927961,0.6467677,0.3027004,0.57404697,0.40961722,0.07921434,0.5689476,0.6220252,0.04785375
0.34447473,0.48177445,0.76065755,0.7459505,0.34068942,0.56388605,0.49792963,0.050498404,0.6019249,0.6283519,0.0702641
0.28237855,0.41259348,0.955541,0.7961996,0.45631945,0.6651572,0.589695,0.1966005,0.7319328,0.7881219,0.21716188
0.42472363,0.61045957,0.70265144,0.49868113,0.14390099,0.46937084,0.493735,0.07574343,0.584508,0.648099,0.051402677
0.4796781,0.4243908,0.59112406,0.5530037,0.21525729,0.42607284,0.37069413,0.13207135,0.79565305,0.6571762,0.38805562
0.19089405,0.22620463,0.81312084,0.9438508,0.77157927,0.6470554,0.53445566,0.5235012,0.8274185,0.5947087,0.37720403
0.22952129,0.32516932,0.5768206,0.43279773,0.22381282,0.3456639,0.4646507,0.22460726,0.6391189,0.8008741,0.09077661
0.26671845,0.24825203,0.6238914,0.6680388,0.34115088,0.4414661,0.317669,0.06952874,0.979613,0.6310763,0.97562027
0.1870997,0.14706123,0.785865,0.783014,0.7454685,0.7265738,0.3930092,0.16364756,0.97075915,0.6240732,0.86167055
0.08656643,0.45599008,0.69736123,0.7229261,0.50627995,0.46000707,0.8768957,0.8558232,0.5760449,0.43568286,0.1307
0.13742906,0.29009414,0.5288938,0.51402885,0.29657233,0.3046447,0.514393,0.06155854,0.7720728,0.645722,0.34241793
0.08107878,0.15674627,0.6977729,0.58761436,0.46403527,0.4615755,0.8534956,0.4234794,0.56335,0.50735325,0.1687822
0.34534,0.31209326,0.67267734,0.6811871,0.27114213,0.44040596,0.3231324,0.061383888,0.8978413,0.6354573,0.6768079
0.25109982,0.2445488,0.9750211,0.9468041,1.0,1.0,0.37531972,0.024438368,0.8923746,0.62651443,0.6875698
0.2991916,0.31078088,0.6819429,0.7322946,0.38474882,0.5029086,0.42829862,0.025657283,0.7106858,0.62541205,0.2270201
0.6024115,0.37385714,0.42756605,0.52327937,0.13934135,0.19775033,0.24035707,0.13431177,0.75356233,0.6437471,0.29480293
0.7196713,0.45626533,0.343197,0.4562021,0.061043024,0.13511819,0.18042575,0.09779915,0.7637484,0.69052464,0.32781804
0.2755069,0.4077878,0.410896,0.29183775,0.051443934,0.13725603,0.9093495,0.50120777,0.22963937,0.870422,0.298555
0.3853951,0.85496914,0.20349397,0.16004801,0.09164429,0.284411,0.9253933,0.6143709,0.18606493,0.8918065,0.36415488
,0.010317087,,,,,0.9004125,0.6894486,0.22852461,0.84513944,0.23599347
0.56016344,0.50739694,0.40311968,0.34522408,0.09630442,0.21550143,0.58072346,0.5119718,0.41098306,0.8542336,0.061931096
0.31574124,0.15120769,0.53011274,0.43275708,0.25384247,0.18638909,0.82257175,0.7453956,0.5035015,0.7897261,0.06464186
0.2420337,0.16285014,0.44860673,0.4378968,0.21575809,0.25775492,0.41819558,0.37522006,0.40485168,0.8064074,0.055951826
0.3911054,0.64907014,0.7229568,0.7016631,0.27413344,0.4187708,0.50659734,0.21120451,0.54889137,0.7396349,0.015478454
0.39202368,0.4043784,0.3946693,0.5819941,0.23772693,0.26060915,0.3526312,0.2504308,0.49482214,0.8329429,0.0061740107
0.4122513,0.43639815,0.41336745,0.28182155,0.11958897,0.255369,0.74439406,0.50462365,0.2007455,0.9018301,0.3200295
0.47703904,0.32341242,0.4928332,0.3639633,0.22979593,0.25787663,0.58623976,0.4419052,0.5048443,0.8749815,0.037879437
0.3800705,0.31839228,0.44622606,0.5091885,0.2827667,0.30623698,0.41486204,0.25645447,0.38460815,0.8704952,0.052986834
0.5051048,0.42070377,0.45086557,0.5075585,0.20188987,0.3020873,0.22431733,0.10906118,0.41515088,0.7479608,0.012514683
0.5321599,0.35933888,0.4511472,0.483854,0.18684709,0.21996593,0.25741583,0.09222067,0.28369758,0.71004915,0.12644452
0.24973641,0.09594548,0.40844196,0.34933573,0.19479322,0.19720024,0.6458534,0.9366114,0.21914446,0.7580526,0.31247354
0.42604637,0.23993456,0.31447488,0.421076,0.22003639,0.11633915,0.3803789,0.21367508,0.087866925,0.80623984,0.5715599
0.62079614,0.2902001,0.25300062,0.39945477,0.22621226,0.18749839,0.38079643,0.278421,0.37463912,0.79035705,0.050273824
0.5001673,0.25767303,0.35615575,0.35517257,0.19967401,0.15006518,0.65198,0.33767414,0.44117382,0.828417,0.03329154
0.4343568,0.27880073,0.32024872,0.31880337,0.20405507,0.22817957,0.7704977,0.42412007,0.4986957,0.8891657,0.024541589
0.5477235,0.2961372,0.42788076,0.35810345,0.19979143,0.2052648,0.5161198,0.24361564,0.73441976,0.8267346,0.24087724
0.6824892,0.31087768,0.26232034,0.41006762,0.23563755,0.22920388,0.27373233,0.24999432,0.8201694,0.76793635,0.42987725
0.67549515,0.3757031,0.30986756,0.32918316,0.18932593,0.20548612,0.22102296,0.2699069,0.6982625,0.82434404,0.16368712
0.57747704,0.4718058,0.3055367,0.41343874,0.18564045,0.25067806,0.30453342,0.09367326,0.63122386,0.7009659,0.102642745
0.6891695,0.47766697,0.31220382,0.45971566,0.19895327,0.23919773,0.3155929,0.13264468,0.77475446,0.72907805,0.31915998
0.7461964,0.46016407,0.37598068,0.42252177,0.15083778,0.21232122,0.4515257,0.14078873,0.55530673,0.7784161,0.01960199
0.7369715,0.46140373,0.363863,0.33250183,0.0920465,0.15605223,0.4091242,0.41682342,0.55910736,0.9291636,0.031760383
0.8293489,0.36084354,0.22276302,0.35569626,0.11297226,0.14113963,0.3355359,0.41798374,0.635689,0.9232724,0.05779855
0.7623163,0.4489993,0.3043747,0.34979266,0.07502484,0.116384625,0.27076203,0.12223597,0.6399603,0.71760494,0.1469202
0.86352944,0.43030727,0.28654873,0.33466035,0.081986666,0.06636852,0.32569808,0.35200116,0.42631093,0.87591,0.07684179
0.9253625,0.4371283,0.36138803,0.36781198,0.08831632,0.10618526,0.20840922,0.35539258,0.6686449,0.9121946,0.09639197
0.51701546,0.33228803,0.41266328,0.597565,0.22514594,0.23494416,0.2995545,0.21926248,0.8697755,0.6346972,0.57807356
0.59957945,0.29821885,0.32068586,0.42373282,0.1759131,0.21123177,0.22841154,0.24744686,0.90823704,0.7316556,0.7238216
0.7131633,0.3288027,0.22233428,0.3665443,0.123089194,0.17549372,0.3285315,0.26718742,0.38446757,0.7992733,0.10483613
0.69745296,0.37117374,0.32178396,0.42486364,0.13704383,0.20698792,0.36758333,0.16374232,0.1464081,0.76274455,0.46747547
0.797669,0.33001816,0.23557754,0.36567038,0.11080217,0.15332091,0.43038103,0.38196138,0.094050504,0.87741166,0.6753002
0.84742004,0.520941,0.27023864,0.32153958,0.05025959,0.14018065,0.059356563,0.42741606,0.6243374,0.9714632,0.046122383
0.51326877,0.5406221,0.3948856,0.31225044,0.15750492,0.28196186,0.33696228,0.4561239,0.59173447,0.86877364,0.047445018
0.5806614,0.51293504,0.42275918,0.33968323,0.18970752,0.17300332,0.24293804,0.31016612,0.62554294,0.8468195,0.07413875
0.4512604,0.2509148,0.53656995,0.3715828,0.2867626,0.33394432,0.62692314,0.44885278,0.24356478,0.8648613,0.2411527
0.7723393,0.532413,0.40462148,0.36475927,0.1419177,0.20723313,0.15333109,0.21230078,0.5619253,0.8253141,0.046319384
0.7346948,0.42355347,0.2910059,0.42397302,0.16567826,0.20534152,0.19473818,0.18485664,0.7090178,0.7914944,0.1869041
0.89242184,0.5087426,0.1708089,0.30465752,0.10346341,0.1689052,0.10569955,0.3439939,0.59247005,0.915822,0.031081231
0.8294351,0.49168766,0.22898416,0.42104656,0.16671062,0.16784757,0.11748623,0.256144,0.6039812,0.8778381,0.045897055
0.5293586,0.4597838,0.346321,0.26939386,0.11607242,0.16437721,0.33691123,0.4490272,0.59987736,0.84522337,0.06903141
0.7108951,0.41364527,0.45048922,0.5154689,0.23586452,0.22747433,0.44544137,0.34987313,0.06223607,0.44497362,0.4505656
0.6678637,0.33432305,0.4368984,0.5693968,0.29562032,0.39371288,0.56808025,0.33149853,0.28398246,0.39499912,0.16212665
0.5735851,0.5139946,0.41036093,0.33148056,0.19932926,0.2505716,0.4075541,0.353572,0.6166564,0.86974823,0.07151766
0.07295388,0.17600143,0.6382576,0.52215797,0.35584092,0.47553134,0.82641506,0.7285953,0.17117861,0.041560266,0.18429217
0.1338495,0.19862616,0.46782398,0.51750404,0.31966913,0.4036373,0.69926405,0.42508724,0.17506611,0.18732777,0.19023019
0.0046125054,0.3558278,0.83176917,0.95528215,0.61415136,0.5906552,0.96191865,0.92937034,0.5260704,0.06283305,0.08646597
0.21458174,0.23875237,0.9290277,0.9387012,0.80768645,0.80259895,0.530364,0.46345246,0.87105125,0.6727116,0.50099117
0.31165224,0.44672096,1.0000001,0.84262556,0.634302,0.907339,0.54829735,0.07492344,0.6202635,0.6464221,0.08467146
0.20204763,0.37199736,0.5085651,0.5581452,0.18517196,0.20639533,0.40355393,0.05407535,0.9297083,0.63817513,0.796296
0.4246226,0.2984351,0.2999652,0.45472223,0.16813672,0.2899146,0.55610967,0.4760897,0.27897775,0.5069664,0.12669142
0.30607772,0.30393195,0.2907673,0.50142497,0.18782198,0.25046408,0.2633383,0.28692162,0.6243164,0.63298905,0.13808744
0.35307878,0.12811899,0.40716434,0.33746558,0.21253908,0.0,0.57306206,0.61150026,0.4562405,0.92324346,0.049316224
0.29124647,0.7058238,0.74016094,0.7738238,0.41795588,0.5883392,0.6422075,0.15950048,0.59040636,0.74419284,0.04939283
0.39131427,0.8193711,0.7242045,0.6472973,0.25077033,0.38810027,0.6405589,0.13814515,0.6035349,0.6930612,0.060625155
0.4006437,0.5036715,0.39614922,0.65632516,0.2251929,0.21410197,0.39907232,0.27256984,0.55229664,0.78349906,0.017497832
0.40391207,0.28814054,0.5206206,0.46468335,0.2469387,0.19810933,0.43107513,0.19659208,0.1482659,0.8272436,0.43598625
0.5412257,0.3314215,0.2706101,0.38133556,0.18275416,0.13585031,0.5091069,0.14080268,0.24983962,0.75277305,0.18449306
0.17368263,0.17753744,0.5756268,0.41652673,0.30146086,0.31482482,0.5477955,0.3250216,0.757011,0.8008457,0.27143702
0.35619354,0.24241436,0.6301192,0.7392346,0.3013718,0.37467825,0.6501394,0.17355771,0.6086964,0.4286713,0.19188283
0.25636888,0.0,0.6462001,0.6517895,0.32518697,0.49405706,0.6948028,0.5387734,0.56299496,0.10554713,0.20684022
0.747588,0.7203988,0.292997,0.27376264,0.08050084,0.18606555,0.5289652,0.7992426,0.65956503,0.9142933,0.09488337
0.7711116,0.66492546,0.29349375,0.40534967,0.15530968,0.19579798,0.1963863,0.122461766,0.55782074,0.7562929,0.027403468
0.7952916,0.6764127,0.36745828,0.3198684,0.058228135,0.10954434,0.12960199,0.44023246,0.61617994,0.9375688,0.048565544
0.7642902,0.6690129,0.2606312,0.2505489,0.07448435,0.15589029,0.3334648,0.73297185,0.59144217,0.8956806,0.03387643
0.8287123,0.63097024,0.12663792,0.27701682,0.08301687,0.12563086,0.29892385,0.6856488,0.5837046,0.9304092,0.02301606
0.81808364,0.603181,0.21812056,0.2761287,0.111210704,0.1254744,0.23244545,0.5171465,0.55246234,0.9283511,0.009189166
0.6867646,0.5973098,0.11166568,0.25055844,0.16367161,0.16914046,0.21762267,0.31097853,0.57755536,0.84310037,0.032003667
0.68964744,0.82339084,0.6611531,0.6926623,0.20482445,0.34920657,0.42003697,0.5881895,0.4858863,0.599994,0.010027088
0.7350449,0.7163907,0.77727866,0.5691624,0.2068708,0.39408338,0.39428616,0.47009504,0.4290385,0.7003624,0.030441264
0.67889524,0.47434676,0.46084386,0.5095344,0.19894528,0.27521747,0.24479501,0.27985027,0.8605683,0.5459774,0.60970485
0.55620104,0.42512596,0.5348733,0.5409786,0.22749734,0.20743108,0.21839483,0.06479258,0.8631853,0.60007936,0.6248588
0.6167809,0.40657103,0.463897,0.4827934,0.15235496,0.2177695,0.3593525,0.2369177,0.7039524,0.5716349,0.32381368
0.94133145,0.6429385,0.1667283,0.3271324,0.06797528,0.12888402,0.06350001,0.585646,0.5964945,0.9884073,0.025157446
0.54940015,0.7856182,0.44352263,0.53341275,0.072514296,0.13170266,0.7135203,0.5334969,0.35575753,0.539533,0.06650467
0.7967576,0.516719,0.32987845,0.3664499,0.10651934,0.15333319,0.50248665,0.528823,0.47945082,0.8054178,0.019064084
0.9734532,0.6545371,0.19938196,0.2582764,0.10980904,0.16088498,0.008349271,0.42577782,0.5812567,0.9670382,0.020791369
0.9491214,0.5176649,0.24816199,0.31568557,0.06626201,0.065594316,0.05676929,0.3215968,0.63352185,0.9184772,0.063429445
0.6162287,0.49252808,0.3067363,0.3153388,0.1830467,0.18883097,0.41510895,0.32432204,0.53618777,0.8719961,0.011726439
0.99999994,0.610589,0.29730797,0.29137427,0.088487506,0.0614388,0.019390743,0.27665782,0.60997194,0.900693,0.046118725
0.88253295,0.55880487,0.29003084,0.27520937,0.100375056,0.12821496,0.08309276,0.23897566,0.5464673,0.8577168,0.010913809
0.80523914,0.5209999,0.18317716,0.33467156,0.1267674,0.13909352,0.115701795,0.27588022,0.54980886,0.8550582,0.011691291
0.7668682,0.5068759,0.1738366,0.30468494,0.14232075,0.14526719,0.21009158,0.3000289,0.5296598,0.85050017,0.0058374656
0.80631435,0.6594118,0.314492,0.43133575,0.21321595,0.23124349,0.18831,0.19529393,0.4804749,0.8252512,0.004315194
0.37517262,1.0000001,0.8679099,0.715115,0.36810887,0.70652926,0.7105949,0.09744184,0.644748,0.6796349,0.11369678
0.53322446,0.3503275,0.4434712,0.49011117,0.122681975,0.21829563,0.2607226,0.16995,0.8664495,0.71675336,0.58085394
0.5453987,0.27036798,0.42950284,0.5231102,0.08985114,0.11218792,0.34226882,0.3133126,0.6118635,0.6619756,0.12432735
0.71354455,0.3759135,0.37527657,0.5370279,0.14436758,0.2309615,0.44859713,0.42689466,0.5368991,0.74147624,0.07265611
0.5812573,0.4359486,0.37398344,0.40928,0.18160033,0.24634826,0.42517447,0.10669786,0.68605626,0.7085967,0.18753086
0.791284,0.34720767,0.2794963,0.36970705,0.10481405,0.13267809,0.37270054,0.43873695,0.45933887,0.84518576,0.016413582
0.74180937,0.41374946,0.40204328,0.44217247,0.18848872,0.23964518,0.5071541,0.46920693,0.048174333,0.529013,0.5273774
0.65860814,0.5029671,0.40300864,0.32102686,0.0932858,0.19210786,0.5976689,0.43106452,0.12248603,0.6822126,0.40935472
0.5132635,0.3770064,0.58888805,0.7989362,0.36814034,0.48966718,0.553323,0.432672,0.3821401,0.18538904,0.21247807
0.661902,0.5400888,0.41374832,0.40239793,0.1630894,0.2747081,0.58681697,0.3657791,0.031017045,0.49994624,0.5960754
0.5979642,0.4764638,0.5450139,0.59296685,0.34720814,0.37489688,0.5911995,0.35816944,0.092552945,0.28305703,0.34637904
0.6433395,0.4328587,0.45653605,0.5567573,0.2317301,0.21759522,0.5233325,0.36346245,0.09549496,0.289369,0.35658658
0.7004473,0.62288237,0.46905535,0.5872373,0.15231419,0.3523456,0.32052726,0.3364952,0.41771823,0.7354893,0.014387204
0.6626914,0.4011078,0.42681092,0.5128805,0.13695121,0.21915048,0.35191092,0.32023093,0.7128439,0.78332394,0.27306372
0.599034,0.32983553,0.48404706,0.67850274,0.21647882,0.23325211,0.40158355,0.3044941,0.79481626,0.509916,0.53610444
0.7851554,0.37261176,0.35573477,0.433245,0.09450579,0.18975997,0.3607225,0.39358857,0.47052896,0.8385612,0.0043659373
0.54936767,0.5865892,0.731109,0.8067332,0.26489937,0.511168,0.45291725,0.28824908,0.52600145,0.5385825,0.0479926
0.47011906,0.40827763,0.7610529,0.9515644,0.42743182,0.4818406,0.48866272,0.14994486,0.60722715,0.5079432,0.13157114
0.84744656,0.36189783,0.25331724,0.3299324,0.05165422,0.12085599,0.272344,0.46400088,0.66256595,0.8758146,0.08855126
0.5020753,0.37053335,0.5774451,0.6375225,0.142627,0.349658,0.33712003,0.28279588,0.9013723,0.59780204,0.7355654
0.6378389,0.30190086,0.32075298,0.4330278,0.10509455,0.15591604,0.35750684,0.32598114,0.8776471,0.6467796,0.5853897
0.7859546,0.3094008,0.19817378,0.3536585,0.09828484,0.1471929,0.2462952,0.4703329,0.70760703,0.9160502,0.18165061
0.8672601,0.40664387,0.19225569,0.28905576,0.06306982,0.09366703,0.20989256,0.40603045,0.67575824,0.9030374,0.12651764
0.86273074,0.4327085,0.1675482,0.24466181,1e-08,0.09070557,0.24937278,0.385408,0.6232029,0.82143843,0.05525602
0.87329024,0.5599196,0.29082084,0.32155746,0.06311929,0.11878306,0.031551126,0.32184926,0.66595346,0.8565743,0.09847394
0.8740286,0.45122123,0.28658974,0.30569834,0.05315888,0.105082095,0.09311183,0.40077287,0.6443627,0.901095,0.07077233
0.898933,0.47084558,0.16805153,0.28013927,0.064587474,0.07212812,0.12268519,0.33194405,0.6958345,0.88783133,0.1430191
0.7322152,0.5712464,0.357158,0.4227535,0.04828179,0.14972347,0.30253223,0.5106145,0.4433311,0.72377986,0.032460935
0.7456043,0.48301017,0.49199158,0.42844135,0.12851,0.26377058,0.3313243,0.4363233,0.52296245,0.7548179,0.021397403
0.7133814,0.7400266,0.73830104,0.7740281,0.22191846,0.36836052,0.42156985,0.39278978,0.48149747,0.6517508,0.00948797
0.7562431,0.5513452,0.48639637,0.5202171,0.09805107,0.20865482,0.4116178,0.41527593,0.47312233,0.550129,0.010447912
0.66605014,0.5095502,0.40851462,0.5370442,0.17144716,0.26127112,0.49634072,0.44137862,0.60854375,0.5915966,0.0725268
0.5462192,0.36868107,0.47605753,0.5929863,0.17362261,0.16008878,0.31844905,0.16863671,0.8283371,0.5960152,0.4899726
0.4239114,0.22392273,0.790931,0.97412866,0.45523524,0.6887183,0.5262926,0.33693388,0.78181094,0.25233507,0.59780955
0.31401855,0.15695357,0.723618,0.88867205,0.23900568,0.47533703,0.7525578,0.5467226,0.678809,0.08465157,0.37737733
0.31365383,0.17719364,0.88573086,0.89657444,0.36646044,0.6656679,0.4171653,0.40573895,0.8844397,0.16375804,0.94848675
0.37889367,0.2874248,0.740613,0.8040313,0.28773856,0.4343785,0.35196683,0.14769574,0.9145174,0.5120546,0.87895477
0.14045301,0.09663153,0.60467434,0.48980445,0.27211142,0.43325782,0.7570498,0.62023026,0.15304598,0.07484272,0.21616492
0.2936796,0.22212303,0.56526864,0.5744311,0.20286584,0.26139843,0.602287,0.22014505,0.42999762,0.4121752,0.0479117
0.42033833,0.27630758,0.5361166,0.5080913,0.04726565,0.24109477,0.41834527,0.2937302,0.6827676,0.5751466,0.23468643
0.18165673,0.19211364,0.525153,0.5043065,0.23281348,0.3053018,0.69990015,0.35196534,0.26353902,0.20716105,0.07427698
0.1820638,0.2594216,0.45205224,0.4738968,0.21546113,0.3096696,0.73839813,0.3855184,0.08207759,0.24715787,0.39188564
0.14512974,0.51092696,0.4689507,0.57787544,0.19993591,0.2662,0.77470005,0.14911753,0.331493,0.617007,0.11229866
0.59370047,0.32051384,0.21869017,0.35977513,0.13435447,0.16992188,0.38091353,0.2311298,0.32214078,0.6046264,0.07585224
0.6133409,0.31171167,0.37547457,0.4246871,0.13075686,0.17206538,0.54541695,0.10450096,0.11327476,0.63665,0.50141436
0.31708413,0.20347762,0.46415114,0.40114456,0.06435692,0.21014309,0.57890487,0.48310015,0.13428786,0.43709192,0.31043187
0.49718308,0.24125898,0.3365476,0.38609403,0.014690876,0.12198126,0.3849665,0.3222664,0.27177447,0.6359712,0.21032946
0.50768334,0.22800136,0.40299368,0.3960294,0.13593936,0.19748229,0.41524744,0.2743188,0.26325938,0.6067318,0.18528996
0.3203414,0.24174297,0.37796664,0.36469048,0.05081117,0.23559302,0.5676873,0.5401345,0.09832736,0.44327277,0.39970475
0.51914185,0.37081337,0.34278405,0.405093,0.16389477,0.1790688,0.45940864,0.15090589,0.48269802,0.6116523,0.012600686
0.3418749,0.32570434,0.409095,0.52493507,0.18531704,0.19508147,0.3145071,0.17678119,0.7516298,0.62718236,0.3212827
0.25705272,0.35326958,0.2867605,0.48839706,0.1804899,0.18221188,0.37091935,0.2009255,0.6234242,0.6541607,0.17239152
0.18914036,0.32539034,0.42192537,0.49889046,0.10159576,0.188631,0.442184,0.2369382,0.38179383,0.6762268,0.081086315
0.29993677,0.26105118,0.38345355,0.4812135,0.20088291,0.22046822,0.3576843,0.4414114,0.45152342,0.59470576,0.042937383
0.43819124,0.31805074,0.5070013,0.5578727,0.20956135,0.2672363,0.21421435,0.1419019,0.9615284,0.62125325,0.91436785
0.45639223,0.46332073,0.38541216,0.51722187,0.14307332,0.1785956,0.4546299,0.025784384,0.76016796,0.6329195,0.35249668
0.50637615,0.46185362,0.47368342,0.568785,0.14428258,0.098293245,0.31521502,0.0026221331,0.7505479,0.6230923,0.3319276
0.39081556,0.4287603,0.35195845,0.49105722,0.19339287,0.24125534,0.5244891,0.11047188,0.6799645,0.632644,0.20026399
0.32527834,0.3274659,0.38179988,0.5226492,0.20492947,0.24957311,0.30276883,0.19836539,0.89918005,0.64623606,0.73056144
0.46505117,0.3308468,0.37339735,0.4177392,0.21659076,0.24683368,0.3050063,0.1493993,0.6761032,0.60675734,0.1978508
0.5283714,0.26771104,0.3418014,0.45262533,0.20683312,0.2655543,0.32891193,0.16801478,0.79219127,0.6038683,0.46075186
0.3944916,0.28937685,0.353279,0.4545532,0.22805202,0.276991,0.3026973,0.26047587,0.6741396,0.58942735,0.20855035
0.5118496,0.26342773,0.41197687,0.4723131,0.21808696,0.27547383,0.38737738,0.23815447,0.7390551,0.5802254,0.32341328
0.42660695,0.22545421,0.36382264,0.4113937,0.11620414,0.2429806,0.39167473,0.41800293,0.33119142,0.56558,0.06420872
0.19559114,0.21706927,0.5041701,0.37822825,0.1648916,0.2853508,0.68386275,0.55687493,0.15862401,0.28616408,0.28343275
0.35133368,0.25313103,0.35445535,0.42132825,0.19580758,0.24648046,0.4052562,0.5533258,0.5342634,0.5003294,0.08080722
0.2736032,0.23864734,0.32500404,0.4109667,0.13829768,0.1070742,0.61657333,0.6923086,0.36562014,0.3992244,0.060614407
0.20741831,0.2586503,0.41413552,0.40406317,0.2144208,0.22308731,0.4611317,0.48995283,0.6486528,0.4796458,0.22938426
0.09247263,0.3040322,0.5332241,0.4089107,0.2451539,0.32256532,0.6766317,0.32747337,0.7388901,0.42525798,0.3344909
0.10470185,0.24284065,0.47670835,0.418374,0.19377244,0.2812385,0.88565314,0.600548,0.43900147,0.17389913,0.025686901
0.082729265,0.3326733,0.5460759,0.6027245,0.27475154,0.27297598,0.64443964,0.3136159,0.4266207,0.5344505,0.129759
0.82176954,0.49297082,0.33408433,0.31269592,0.11041951,0.111804426,0.18384336,0.15117043,0.7475225,0.7636402,0.2847216
0.7243307,0.41969323,0.39638007,0.5024527,0.16304588,0.2319243,0.34670773,0.19003785,0.7541172,0.6170968,0.3216971
0.66392165,0.35883045,0.3694514,0.37893873,0.13638878,0.16963208,0.37983644,0.18672356,0.45779753,0.6153349,0.012403949
0.61415076,0.27269387,0.2715596,0.37906855,0.08696079,0.16588795,0.3647758,0.19119677,0.4532126,0.65446186,0.16324781
0.4258681,0.35701334,0.597733,0.7472196,0.2979492,0.4125408,0.37765208,0.1459372,0.82408017,0.61632913,0.4253294
0.44635344,0.36842537,0.55816364,0.5984952,0.22901523,0.38812268,0.3711651,0.17439161,0.67199063,0.6218816,0.1467461
0.41032273,0.5361762,0.69220346,0.7023005,0.27976966,0.5244961,0.40819162,0.06470256,0.49124533,0.62533015,0.026847988
0.36453998,0.5260823,0.74331987,0.72244996,0.33832037,0.495965,0.4931383,0.046387568,0.5671248,0.62875205,0.036959235
0.32001936,0.4964633,0.93850136,0.78554124,0.56362474,0.9267129,0.5629748,0.19549426,0.7085652,0.7868377,0.17608398
0.4341758,0.68616927,0.7062804,0.57603604,0.26495373,0.5030354,0.47075388,0.07559347,0.63589287,0.648013,0.10637914
0.47037292,0.4985783,0.5786368,0.5456348,0.21218395,0.383438,0.39151096,0.11657111,0.75951236,0.6492986,0.30730355
0.22858147,0.28478336,0.7741308,0.82061344,0.7338439,0.67815244,0.51192063,0.44258204,0.8245417,0.60605043,0.39724913
0.2543431,0.28614473,0.6659578,0.54009074,0.20878947,0.36786962,0.4802815,0.21583152,0.6123394,0.79818743,0.064730406
0.26602346,0.24655795,0.5802152,0.6709947,0.34427893,0.3616041,0.26081923,0.06924581,0.9756259,0.631067,0.9574864
0.20926888,0.17107522,0.67921245,0.71758324,0.56294656,0.5694094,0.32993498,0.12948959,0.97418237,0.62759864,0.8670242
0.14332622,0.38663387,0.60820085,0.4797303,0.2667352,0.3313787,0.8224248,0.83566415,0.5813166,0.44693607,0.16805328
0.15199448,0.3328693,0.54331094,0.59616405,0.2626729,0.31390703,0.4385487,0.06155854,0.8313384,0.645722,0.48604864
0.09166515,0.18112576,0.6554816,0.697578,0.39706612,0.4330505,0.8143157,0.40560198,0.6252932,0.5143057,0.20345883
0.34909678,0.27972066,0.634957,0.6179188,0.2771976,0.41998112,0.32137722,0.061630163,0.88718045,0.6340265,0.6551734
0.26593095,0.25171518,0.7612512,0.9559583,0.7195476,0.7229053,0.36749026,0.025706993,0.87310886,0.62651145,0.6417221
0.3164971,0.33867717,0.68500006,0.6899399,0.41004133,0.5143416,0.43464577,0.030756775,0.6872037,0.6257919,0.19214807
0.6261977,0.34346962,0.5080589,0.4340803,0.17009139,0.2405237,0.22430001,0.12821001,0.7142476,0.6419651,0.21677713
0.7587026,0.44568956,0.28356308,0.39383012,0.06519818,0.17390823,0.13862897,0.07485449,0.77480316,0.6820299,0.343133
0.30299282,0.48684824,0.5394706,0.31342012,0.17345417,0.2131741,0.8666058,0.5023647,0.1696532,0.875298,0.42376325
0.4492615,0.90661585,0.38421714,0.23336643,0.14021301,0.28778678,0.91549814,0.6055323,0.2423716,0.881123,0.24906744
0.3138914,0.21811032,0.13482152,0.0,0.251459,0.72116375,0.86831295,0.6877754,0.22792286,0.84622395,0.23813716
0.5687052,0.46634042,0.37429178,0.1554439,0.06747246,0.19389838,0.5497657,0.4751397,0.39864495,0.84697163,0.037129976
0.34163475,0.19396734,0.5271965,0.3971854,0.17168486,0.10368425,0.8467249,0.73369354,0.45534146,0.79354,0.08963206
0.2649113,0.11823344,0.5212271,0.4787342,0.17896998,0.22562885,0.47416002,0.33543292,0.44707343,0.8085674,0.035047907
0.38262326,0.6400951,0.64036393,0.7164175,0.3409953,0.4658829,0.49558404,0.19979055,0.5803779,0.73319143,0.03630074
0.4246087,0.40032005,0.43653458,0.5988702,0.23158157,0.29752517,0.40820003,0.25392592,0.47833827,0.83562785,0.0061845435
0.43737102,0.45382392,0.42789716,0.30342847,0.15901315,0.20103997,0.7091312,0.5113749,0.23560257,0.8981099,0.29015043
0.49729753,0.3342303,0.4596817,0.38338953,0.2709509,0.21895057,0.55701244,0.4623581,0.48703194,0.8759284,0.012834753
0.38777626,0.2591889,0.5563654,0.5101889,0.31241894,0.31611085,0.5826207,0.26929578,0.39170986,0.8743012,0.04547032
0.52940714,0.45424902,0.51759183,0.40716976,0.1908549,0.3027581,0.32853612,0.116881125,0.56867045,0.754757,0.040469363
0.56465155,0.3435738,0.5182458,0.5112466,0.26290977,0.31840312,0.41149935,0.10135777,0.33788973,0.7247346,0.10871007
0.2759192,0.0939666,0.48077756,0.2878279,0.14607978,0.17163706,0.7154058,0.92066383,0.21804631,0.76686907,0.33330935
0.43639386,0.16265917,0.38369477,0.40870184,0.15109837,0.08096826,0.58410615,0.35008016,0.12421067,0.80066615,0.52468246
0.6453169,0.30300224,0.28256923,0.38394493,0.2237184,0.1993013,0.4607828,0.26215544,0.45047477,0.7873293,0.019323299
0.5152656,0.2060759,0.4067493,0.3820967,0.22670448,0.182711,0.7690606,0.39073035,0.42037958,0.8379598,0.052348297
0.46301532,0.27296126,0.4258796,0.3057832,0.18663275,0.16333711,0.8073505,0.45491353,0.5042513,0.8866225,0.017573515
0.56668043,0.35656357,0.3245163,0.2966624,0.19243622,0.18134391,0.54312694,0.25032142,0.6767352,0.82817245,0.15716578
0.7119967,0.31630993,0.3445747,0.4034379,0.2082789,0.21971679,0.3344557,0.2554686,0.70127857,0.77255076,0.29347026
0.6851287,0.41978538,0.2670319,0.3640973,0.197407,0.19139504,0.24271108,0.26755345,0.6577205,0.82457256,0.115566336
0.61022437,0.4929371,0.46087682,0.4365626,0.16339421,0.25101018,0.41730377,0.110923246,0.6500573,0.71399724,0.13799302
0.7514282,0.46352506,0.29187495,0.38698202,0.15821886,0.24868035,0.33003455,0.1567349,0.7528021,0.7389181,0.2763352
0.8031455,0.5076333,0.32610363,0.3357256,0.09777856,0.17516482,0.38828763,0.14589284,0.57445323,0.7813367,0.0390725
0.7760685,0.50204754,0.2901833,0.27544385,0.033290982,0.09541386,0.31997433,0.41973022,0.62299407,0.9366262,0.051239546
0.8881772,0.38022578,0.25353104,0.38341993,0.14592636,0.17673719,0.27680495,0.42327723,0.65444195,0.9266873,0.075534515
0.74493206,0.4266193,0.19810419,0.3462593,0.082120776,0.15513074,0.19844937,0.08254031,0.71862507,0.6916755,0.23404643
0.8497895,0.44752073,0.1777264,0.35415417,0.121344924,0.11400944,0.3207052,0.3503928,0.43114823,0.87527275,0.052865878
0.95089024,0.47319734,0.26789707,0.2887283,0.11636603,0.06429511,0.16034736,0.34267133,0.6539418,0.9103576,0.08169136
0.53566116,0.30967987,0.40661103,0.5655106,0.25125527,0.29840517,0.24115841,0.20562732,0.8592014,0.6302225,0.52191466
0.57353306,0.317397,0.31297272,0.41809815,0.14556742,0.16725117,0.20326161,0.25037602,0.936506,0.7253399,0.72240937
0.6893952,0.34013128,0.27141184,0.36173207,0.15644515,0.1945641,0.28155944,0.25402874,0.5687493,0.7859742,0.09363347
0.7146695,0.38287807,0.3108834,0.35390562,0.15577364,0.1867258,0.46798125,0.15642877,0.17506208,0.7580548,0.4960355
0.78662807,0.35217834,0.25581396,0.3639477,0.1656388,0.1643436,0.41633835,0.3701566,0.18886645,0.8704979,0.42484307
0.8945616,0.54000294,0.19494103,0.30905253,0.043287396,0.15000236,0.04369965,0.42250863,0.6077248,0.9681306,0.03584837
0.5460074,0.6235981,0.35935426,0.2508179,0.17162693,0.23279959,0.28716162,0.41883653,0.5937799,0.86338395,0.051522758
0.6042765,0.55678666,0.34581947,0.32243747,0.12577045,0.14200246,0.22797,0.31724736,0.59447247,0.8473922,0.046391215
0.4717692,0.25432372,0.5300851,0.41399246,0.37832785,0.30670583,0.61617136,0.46233436,0.28302324,0.8630908,0.17061251
0.7858852,0.5265181,0.14202921,0.42297655,0.17572224,0.17316282,0.16079679,0.23576464,0.46794754,0.84540075,0.0033044382
0.7397106,0.43407512,0.26100922,0.3673758,0.18621027,0.1965459,0.21897362,0.2065773,0.6650669,0.79634666,0.13087496
0.9626687,0.53313744,0.22315927,0.30634588,0.107259035,0.12314963,0.047756054,0.3119887,0.5794744,0.9128236,0.023263842
0.86715895,0.5158849,0.22378205,0.38672632,0.14708948,0.17357355,0.09991044,0.24995217,0.5924889,0.87519795,0.03945902
0.55862325,0.47757936,0.30002767,0.25954467,0.07217276,0.13348114,0.2741974,0.44959795,0.5982054,0.8399046,0.069501504
0.6887082,0.43129528,0.44715542,0.54237384,0.19797897,0.22175962,0.49352208,0.35473216,0.106615625,0.44247016,0.34130695
0.6383846,0.35692346,0.40449792,0.6038825,0.2747352,0.34640062,0.51142013,0.3312778,0.39713418,0.4168244,0.16213815
0.5776822,0.5497711,0.37879097,0.33085948,0.21722674,0.20101106,0.37432972,0.35420886,0.58067024,0.868365,0.03965794
0.020132191,0.15789807,0.6693814,0.49439567,0.33407283,0.4789616,0.87077487,0.76206803,0.13654488,0.034422483,0.2527305
0.0903178,0.19302118,0.52098286,0.49243563,0.31843197,0.4007461,0.74069625,0.43307608,0.18303445,0.13683365,0.15602165
0.0,0.38618004,0.86077833,0.8592772,0.6541991,0.51403403,0.97766805,0.9202462,0.5851542,0.061354794,0.1313085
0.24320702,0.2952944,0.8518572,0.83887535,0.8602952,0.82159054,0.5305615,0.45816553,0.86450034,0.66621757,0.4831626
0.33262575,0.47916842,0.84950817,0.82756037,0.6304239,0.8165245,0.5228521,0.06525677,0.60020274,0.6335716,0.06305134
0.21451218,0.36628878,0.47063196,0.5257867,0.1947751,0.23229575,0.3349821,0.055492565,0.93606657,0.6378907,0.8188169
0.42182344,0.29274333,0.40394795,0.48265666,0.19741082,0.27617836,0.49952587,0.43968526,0.31712008,0.5223476,0.10693425
0.29771918,0.2653494,0.3810606,0.48162407,0.21941161,0.24873418,0.2617601,0.27846584,0.66840726,0.63846874,0.22025806
0.3661567,0.1272403,0.41627687,0.35815448,0.16441846,0.014184058,0.79063016,0.63600564,0.54206026,0.9099038,0.05410879
0.32634354,0.759766,0.8476048,0.67947465,0.3829416,0.6618695,0.6677647,0.16157493,0.58604133,0.7464025,0.042284712
0.3953656,0.86303747,0.79667777,0.79167396,0.35971785,0.5673381,0.62726325,0.12622663,0.62548167,0.6861106,0.08631859
0.40323192,0.47810984,0.5133123,0.6026885,0.1354829,0.22679847,0.41390562,0.27144977,0.54751784,0.7788933,0.014575536
0.44233114,0.25682342,0.5545047,0.45928985,0.25433373,0.24778318,0.59516084,0.20257963,0.1523586,0.8248278,0.4266535
0.5605678,0.26604164,0.28993636,0.37281388,0.17522347,0.16751051,0.5499095,0.16396181,0.32893535,0.7621927,0.110376686
0.21642442,0.1616987,0.6782565,0.42620867,0.31187427,0.4378308,0.5474361,0.29443428,0.7961464,0.8016949,0.31726825
0.30982733,0.22737801,0.69573176,0.6737378,0.2807498,0.3388933,0.5578183,0.18148196,0.74207246,0.42761144,0.41180667
0.19972982,0.12619376,0.70483273,0.71102935,0.26563025,0.51645327,0.74732023,0.5911084,0.59039056,0.062918544,0.2165418
