0,1,2,3,4
0.2022685408592224,0.028343625366687775,0.01845126412808895,-0.016788868233561516,0.010158421471714973
0.056870799511671066,0.01032447163015604,0.011300978250801563,-0.004098078235983849,0.0010236953385174274
0.016674358397722244,0.0022197365760803223,0.0012208492262288928,-0.0014397958293557167,0.0008967116009443998
0.1509159803390503,0.025058818981051445,0.02366987243294716,-0.011448242701590061,0.005087008234113455
0.023635290563106537,0.00475388765335083,0.006123867817223072,-0.0013749286299571395,-0.00015785405412316322
0.0956248864531517,0.018263615667819977,0.019934413954615593,-0.00713006965816021,0.003013043897226453
0.08817675709724426,0.025584019720554352,0.036419328302145004,-0.0044037820771336555,-0.0009984554490074515
-0.005534333176910877,0.00044465274550020695,0.006875983905047178,-0.00015705703117419034,-0.0021048516500741243
0.004561050329357386,7.266068132594228e-05,-0.0006579105393029749,-0.0004489390121307224,0.00014242928591556847
0.12440641224384308,0.006210728082805872,-0.012072110548615456,-0.012174763716757298,0.0064066932536661625
0.08467967063188553,0.001607838785275817,-0.017283419147133827,-0.00913352333009243,0.007286920212209225
0.21706894040107727,0.011600151658058167,-0.018888797610998154,-0.020646361634135246,0.011679301038384438
0.04235173016786575,0.0037310037296265364,0.00046496724826283753,-0.003583246609196067,0.0014764305669814348
0.017595039680600166,0.0005342244985513389,-0.002717396942898631,-0.0017713408451527357,0.001231736270710826
0.1470244824886322,0.006257330998778343,-0.01584790088236332,-0.013881806284189224,0.008372756652534008
0.0042574964463710785,0.0002015119098359719,-0.00046206809929572046,-0.0004139077791478485,0.0002900350373238325
0.08693262934684753,0.0047697387635707855,-0.011578160338103771,-0.00907235499471426,0.009439326822757721
0.11289656162261963,0.015373178757727146,0.010400178842246532,-0.00974908098578453,0.0058201877400279045
0.1400008499622345,0.047563426196575165,0.06443846225738525,-0.007825514301657677,4.749818617710844e-05
-0.01841634511947632,-0.004267160780727863,0.005772956646978855,0.002776038832962513,-0.003805623622611165
-0.0016703078290447593,-0.0006333219935186207,0.0005522320279851556,0.0004650289483834058,-0.0001819028693716973
0.1364038586616516,0.024714866653084755,0.03679317235946655,-0.013061655685305595,-0.003403486218303442
0.06339889019727707,0.013099814765155315,0.016177771613001823,-0.005335456691682339,-0.001173254568129778
0.03007540851831436,0.001928109209984541,0.0011690643150359392,-0.0026795086450874805,-0.0003860468859784305
0.2223762571811676,0.03408480063080788,0.041202280670404434,-0.016514575108885765,-0.004232802893966436
0.09739744663238525,0.00493996124714613,0.001412306446582079,-0.007608333602547646,-0.0018618428148329258
0.23196204006671906,0.03260084241628647,0.03369929641485214,-0.015827329829335213,-0.0034508879762142897
0.04958795756101608,0.0011044571874663234,-0.010692141018807888,-0.005409498233348131,0.006087094079703093
0.053026147186756134,0.00345818605273962,-0.005566643550992012,-0.005433820653706789,0.005412313621491194
0.05922965705394745,0.004669278394430876,-0.004087388049811125,-0.006108750123530626,0.005616395268589258
0.04011387377977371,0.011693793348968029,0.014974398538470268,-0.0028826026245951653,0.0005899990792386234
0.08267912268638611,0.031225068494677544,0.051920633763074875,-0.006217204499989748,-0.0022266509477049112
-0.02965417318046093,-0.00018732427270151675,0.0312450360506773,0.003038812195882201,-0.003759845392778516
-0.030453598126769066,-0.016490299254655838,0.009828771464526653,0.005286082159727812,-0.004990282468497753
-0.05103340744972229,-0.013535537756979465,0.013209682889282703,0.018171535804867744,0.0030465032905340195
0.043282583355903625,0.016782699152827263,0.030526837334036827,-0.005291508976370096,-0.002754391636699438
0.14862005412578583,0.07287575304508209,0.12485110759735107,-0.012798787094652653,-0.013246351853013039
0.010468591935932636,0.003934172447770834,0.0064803361892700195,-0.0009341304539702833,-0.0005794711760245264
0.18532240390777588,0.08206085115671158,0.12213197350502014,-0.00900422502309084,-0.013823505491018295
0.003996670246124268,0.0012489455984905362,0.002066537505015731,-0.0002225953503511846,-0.0002579557476565242
0.01667165942490101,0.006190710701048374,0.008999991230666637,-0.0008333866135217249,-0.0009962344774976373
0.044398851692676544,0.004608805291354656,0.0017976771341636777,-0.0037135754246264696,0.0010858091991394758
0.03223225101828575,-0.00045202483306638896,-0.009503948502242565,-0.003598483046516776,0.004367480520159006
0.24053293466567993,0.008755289949476719,-0.04262856766581535,-0.026014860719442368,0.026866545900702477
0.02413506992161274,0.001694979378953576,-0.003564991522580385,-0.0028511863201856613,0.0030911050271242857
0.2004730999469757,0.026670580729842186,0.0035684965550899506,-0.02154563181102276,0.01832442544400692
0.03969402611255646,0.010794395580887794,0.017596203833818436,-0.0030863743741065264,-0.0007964684045873582
0.17738460004329681,0.05221769958734512,0.06876683235168457,-0.013261806219816208,0.0034264216665178537
0.012053050100803375,-0.008263031020760536,-0.002966604894027114,0.004563405178487301,-0.005976920947432518
0.03023795410990715,0.01366030890494585,0.038134120404720306,-0.0038319285959005356,-0.008490604348480701
0.10830020904541016,0.043984584510326385,0.08772537857294083,-0.003899160074070096,-0.0042099980637431145
0.0979396402835846,0.039271142333745956,0.06024688109755516,-0.0008581465226598084,-0.00048632928519509733
-0.02343633398413658,-0.03028111532330513,0.005982075352221727,-0.0035853220615535975,-0.007189496885985136
-0.07887240499258041,-0.04289794713258743,0.02544499561190605,0.007387966383248568,-0.008597462438046932
-0.08944585919380188,-0.026009665802121162,0.023792754858732224,0.03799013793468475,0.013737000524997711
0.004227461293339729,0.001520460587926209,0.004338586702942848,0.0013207363663241267,0.0005097549874335527
-0.04442623257637024,-0.06282056123018265,-0.0005467089940793812,0.004666980355978012,-0.021583424881100655
-0.04761454090476036,-0.051021069288253784,0.008162450045347214,0.03563961759209633,-0.009934271685779095
-0.0026239026337862015,-0.007895010523498058,-0.0015825389418751001,0.0018288183491677046,-0.0035261332523077726
-0.005720528308302164,-0.05917757377028465,-0.01813279278576374,0.018419276922941208,-0.02843155525624752
0.003636003704741597,-0.015487385913729668,-0.003239660058170557,0.013597022742033005,-0.006770675536245108
-0.0014020688831806183,-0.0052328831516206264,-0.0012182509526610374,0.0013427975354716182,-0.002401120960712433
-0.0009319298551417887,-0.007677969988435507,-0.0022905669175088406,0.002188111422583461,-0.003647127188742161
0.01765594631433487,0.009546645916998386,0.017684606835246086,-0.0020615030080080032,-0.0017032130854204297
0.12833526730537415,0.07864499092102051,0.12461680918931961,0.0031098362524062395,-0.017556926235556602
0.02103493921458721,0.011000613681972027,0.0188843235373497,-0.001611792598851025,-0.001965726027265191
0.15304380655288696,0.08816422522068024,0.12989941239356995,0.005239489022642374,-0.018610099330544472
0.029995465651154518,0.011020232923328876,0.01569047011435032,-0.001765561755746603,-0.0014777409378439188
0.1694062501192093,0.08879164606332779,0.12848635017871857,-0.0015335031785070896,-0.016199994832277298
0.005765936803072691,0.003526712767779827,0.004972191993147135,0.00035244025639258325,-0.000736341520678252
0.014961130917072296,0.0008697088342159986,-0.0007367386133410037,-0.0013353481190279126,0.0004256930551491678
0.08031705021858215,0.03493479639291763,0.0490562878549099,-0.003207729896530509,-0.005405429285019636
0.07906432449817657,0.04930315911769867,0.06909383088350296,0.005415813997387886,-0.010385343804955482
0.15710581839084625,-0.00968002900481224,-0.060723207890987396,-0.01678137481212616,0.017682338133454323
0.20782846212387085,0.003775591729208827,-0.03919854015111923,-0.022624921053647995,0.01882457360625267
0.20638148486614227,-0.008672848343849182,-0.07957302033901215,-0.023990552872419357,0.033092156052589417
0.2310047149658203,0.003064763033762574,-0.061548974364995956,-0.026469223201274872,0.03263465315103531
0.1686408370733261,0.009366617538034916,-0.00788047630339861,-0.016634130850434303,0.009188315831124783
0.08321458846330643,0.01518393773585558,0.03465656936168671,-0.006528926081955433,-0.009041034616529942
0.1869233399629593,0.06110287457704544,0.09531737864017487,-0.012295599095523357,-0.0019505794625729322
-0.020554520189762115,-0.03953284025192261,0.005486376583576202,-0.0024497192353010178,-0.011085063219070435
-0.07211311161518097,-0.036890894174575806,0.020555570721626282,0.019988376647233963,-0.0022404100745916367
-0.020262084901332855,-0.009657664224505424,0.04305189102888107,0.03176666051149368,0.010727260261774063
-0.024920618161559105,-0.03617130219936371,0.0009192024008370936,0.003972237464040518,-0.013377489522099495
-0.07402729988098145,-0.08777677267789841,0.0048279594630002975,0.0033386931754648685,-0.02699206955730915
-0.0751814916729927,-0.06277542561292648,0.015235774219036102,0.0654805600643158,0.00383797287940979
-0.04063820466399193,-0.018168313428759575,0.022373134270310402,0.08659005165100098,0.04028952494263649
-0.05768357217311859,-0.09308206290006638,-0.0028742162976413965,0.018652604892849922,-0.0394231341779232
-0.033958692103624344,-0.0856616199016571,-0.014191306196153164,0.026295490562915802,-0.038232140243053436
-0.0038077381905168295,-0.010714011266827583,-0.000827015726827085,0.008083785884082317,-0.004315777216106653
-8.466324652545154e-05,-0.002931575756520033,-0.00041258506826125085,0.0025408738292753696,-0.0013219392858445644
0.019697342067956924,0.014875545166432858,0.01871771551668644,0.00421843072399497,-0.002647286280989647
0.024975890293717384,0.013428788632154465,0.020719872787594795,-0.001705910312011838,-0.0021318593062460423
0.09755248576402664,0.06818772107362747,0.09036687761545181,0.015534219332039356,-0.013586968183517456
0.0460134781897068,0.025454575195908546,0.04286741465330124,-0.004050076939165592,-0.004369332455098629
0.12301784753799438,0.08174095302820206,0.11264669895172119,0.015919016674160957,-0.017259322106838226
0.043977946043014526,0.023334046825766563,0.04256714880466461,-0.004863252397626638,-0.0039565907791256905
0.14832577109336853,0.08779221028089523,0.12683147192001343,0.008361458778381348,-0.01859287917613983
0.055427130311727524,0.044282443821430206,0.054697662591934204,0.013917773962020874,-0.007464014459401369
0.10995402187108994,0.01870574988424778,0.024430550634860992,-0.00968163087964058,-0.002128729596734047
0.14313669502735138,0.06880500912666321,0.09935358911752701,-0.0028142700903117657,-0.012372531928122044
0.09028449654579163,0.058494601398706436,0.08087505400180817,0.010084065608680248,-0.011856777593493462
0.02971634268760681,-0.006225229240953922,-0.012545245699584484,-0.001055360771715641,-0.0010810113744810224
0.21836425364017487,-0.004404520615935326,-0.04427426680922508,-0.021550601348280907,0.009249323979020119
0.21569500863552094,0.04189138114452362,0.040046900510787964,-0.01905599609017372,0.0014370866119861603
0.010450243949890137,0.0066396393813192844,0.009181582368910313,0.0011683441698551178,-0.0012783643323928118
0.04355503246188164,-0.007228521630167961,-0.021140703931450844,-0.0027976115234196186,0.001967180287465453
0.1740013211965561,-0.009416753426194191,-0.07647037506103516,-0.020329991355538368,0.025064682587981224
0.036323849111795425,-0.0008978514815680683,-0.011679756455123425,-0.004304548725485802,0.004805625881999731
0.15451548993587494,-0.006338253151625395,-0.050517063587903976,-0.016245026141405106,0.0137069346383214
0.033826299011707306,-0.0014842447126284242,-0.013738652691245079,-0.004180293995887041,0.0054119122214615345
0.048038918524980545,-0.02759246714413166,-0.010118230246007442,0.008981729857623577,-0.018050722777843475
0.1057153195142746,0.014205350540578365,0.022161815315485,-0.00759933702647686,-0.0027977332938462496
0.11336712539196014,0.03320332244038582,0.04746568948030472,-0.008797799237072468,0.0015815465012565255
-0.019364602863788605,-0.06342606246471405,0.00135623209644109,0.010507832281291485,-0.02310098335146904
-0.06434597820043564,-0.036035630851984024,0.018723923712968826,0.03549063578248024,0.004114343319088221
0.08447866886854172,0.020812468603253365,0.06199442222714424,0.008258222602307796,0.0030057618860155344
-0.06225770339369774,-0.09261494874954224,0.004007118288427591,0.012726612389087677,-0.0359322614967823
-0.0881710946559906,-0.08551302552223206,0.011098536662757397,0.007050260901451111,-0.02144050784409046
-0.0644134059548378,-0.05321723595261574,0.017110764980316162,0.08194232732057571,0.01631869375705719
-0.04822463542222977,-0.07739806175231934,0.002495118882507086,0.028237368911504745,-0.039582084864377975
-0.0678892657160759,-0.0928921177983284,0.001517161843366921,0.013358811847865582,-0.03610222041606903
-0.06296297162771225,-0.0843132883310318,-0.0011260423343628645,0.028182806447148323,-0.031108014285564423
-0.013374862261116505,-0.016033699735999107,0.003384999930858612,0.023986393585801125,0.0014257419388741255
-0.01192339975386858,-0.01907425932586193,-0.0005448600277304649,0.0037925203796476126,-0.008051564916968346
0.1323254555463791,0.07054270058870316,0.10688237845897675,-0.007007047068327665,-0.011786576360464096
0.09385005384683609,0.07026243209838867,0.08899622410535812,0.020750807598233223,-0.012224972248077393
0.11538892239332199,0.06287720799446106,0.11134371906518936,-0.012315873056650162,-0.010652503930032253
0.10548381507396698,0.07132258266210556,0.09710704535245895,0.015528727322816849,-0.014432600699365139
0.024806592613458633,0.011526315473020077,0.01825540140271187,-0.00131016387604177,-0.002051211893558502
0.09182901680469513,0.05107257515192032,0.07485686242580414,0.0019310928182676435,-0.010273264721035957
0.09934987127780914,0.07261262834072113,0.0915575921535492,0.020477240905165672,-0.011779972352087498
0.11155232042074203,-0.026569431647658348,-0.036040402948856354,-0.003944477532058954,-0.01027244608849287
0.2235414981842041,0.02614453248679638,0.02327793836593628,-0.021837130188941956,0.00046962429769337177
0.20352181792259216,0.06963835656642914,0.09427577257156372,-0.007379711139947176,-0.008548930287361145
0.019405221566557884,0.012905902229249477,0.017166312783956528,0.0029724114574491978,-0.0022140853106975555
8.653890404275444e-07,-6.120091029515606e-07,-4.7367475985993224e-07,2.814510651205637e-07,-3.721653740740294e-07
0.1510533094406128,-0.026947222650051117,-0.07106607407331467,-0.00902167335152626,0.0037115958984941244
0.21156294643878937,-0.007253479212522507,-0.07287808507680893,-0.024405499920248985,0.022592151537537575
0.13863211870193481,0.006767576560378075,-0.02242422103881836,-0.015615107491612434,0.013092953711748123
0.07721024751663208,-0.05084756389260292,-0.039188846945762634,0.023290328681468964,-0.030287446454167366
0.1730668693780899,-0.018572770059108734,-0.07463943958282471,-0.01483639981597662,0.012917996384203434
0.18213602900505066,-0.006939819548279047,-0.07239235937595367,-0.02224232815206051,0.02858363650739193
0.0705500915646553,-0.034075215458869934,-0.018810562789440155,0.011378530412912369,-0.020785361528396606
0.1290631890296936,0.00655417051166296,-0.0060897269286215305,-0.012157625518739223,0.0036170873790979385
0.20860640704631805,0.02041073702275753,0.0020957947708666325,-0.022326912730932236,0.017449814826250076
-0.03614065423607826,-0.055686190724372864,0.00416965689510107,0.01665426418185234,-0.016882481053471565
-0.04479602724313736,-0.031978730112314224,0.019848886877298355,0.03342486545443535,0.0053148940205574036
0.17923493683338165,0.043428365141153336,0.07184261828660965,-0.009665720164775848,0.0033873587381094694
-0.034654825925827026,-0.08050666004419327,-0.0015668632695451379,0.03134876862168312,-0.04329585283994675
-0.08097895979881287,-0.08963659405708313,0.01067417860031128,-0.0016079250490292907,-0.02472936362028122
-0.09677247703075409,-0.08173800259828568,0.01388145424425602,0.017262089997529984,-0.01616409420967102
-0.06260113418102264,-0.04770781099796295,0.018464775756001472,0.08317960798740387,0.02201896533370018
-0.046299777925014496,-0.06238659843802452,0.003396540880203247,0.013679327443242073,-0.026628201827406883
-0.08712367713451385,-0.0903078019618988,0.008339987136423588,0.000995925860479474,-0.02669961377978325
-0.07477005571126938,-0.07023230195045471,0.006214322056621313,0.021685712039470673,-0.019370457157492638
-0.018429473042488098,-0.016022218391299248,0.0111616849899292,0.050019361078739166,0.016868092119693756
-0.020648512989282608,-0.026831213384866714,0.001316953101195395,0.0046863798052072525,-0.010692504234611988
-0.019862469285726547,-0.026162318885326385,-0.00019815143605228513,0.0028269777540117502,-0.009548892267048359
-0.005821687169373035,-0.00585358589887619,0.00011535049270605668,0.0008357556653209031,-0.0021299354266375303
0.033286646008491516,0.01951334998011589,0.02685326524078846,0.002170215593650937,-0.0035631838254630566
0.14393144845962524,0.0774221122264862,0.12301872670650482,-0.004355938173830509,-0.014968516305088997
0.014480039477348328,0.010280213318765163,0.013565528206527233,0.0026204800233244896,-0.0019874819554388523
0.11765853315591812,0.06496042758226395,0.11310184746980667,-0.0058412193320691586,-0.013314061798155308
0.09320639073848724,0.057193025946617126,0.0815848708152771,0.008308128453791142,-0.012128914706408978
0.09993169456720352,-0.0054076118394732475,0.01019921712577343,-0.01242666132748127,-0.009734941646456718
0.19926033914089203,0.06520125269889832,0.09827424585819244,-0.017201831564307213,-0.00834060087800026
0.16697052121162415,0.07234109193086624,0.10056022554636002,0.007336556911468506,-0.009629657492041588
0.03917882218956947,-0.03397483751177788,-0.020510636270046234,0.012616682797670364,-0.02074979804456234
0.16988538205623627,-0.028484567999839783,-0.06548315286636353,-0.01132596842944622,-0.0014247858198359609
0.24392488598823547,0.013256609439849854,-0.022038662806153297,-0.02477656863629818,0.012171173468232155
0.20168542861938477,0.021903039887547493,-0.0017511113546788692,-0.014195917174220085,0.014278581365942955
0.0967910885810852,-0.06992488354444504,-0.0513601191341877,0.03087848424911499,-0.041223861277103424
0.17773696780204773,-0.018659688532352448,-0.08197227120399475,-0.016561228781938553,0.015398355200886726
0.20096451044082642,-0.006543680559843779,-0.07456282526254654,-0.024108458310365677,0.02843506820499897
0.06021280214190483,-0.0004919206257909536,-0.019890541210770607,-0.006934193894267082,0.009015358984470367
0.10362674295902252,-0.05269185081124306,-0.035789426416158676,0.019565241411328316,-0.030399460345506668
0.14058911800384521,0.0007744805188849568,-0.03871697559952736,-0.01646295189857483,0.011258445680141449
0.20838530361652374,0.002543872222304344,-0.046833403408527374,-0.024757863953709602,0.02761884033679962
0.11276547610759735,0.004918807186186314,-0.025335831567645073,-0.013551756739616394,0.016098584979772568
-0.005995084065943956,-0.01920384168624878,-0.0008263970958068967,0.0047057634219527245,-0.008148366585373878
-0.04446941986680031,-0.06485956162214279,0.003954341169446707,0.02251751348376274,-0.01960865780711174
-0.013847680762410164,-0.022384317591786385,0.017249880358576775,0.014551984146237373,0.003882236313074827
0.029707377776503563,0.007009522058069706,0.008867266587913036,-0.0023937085643410683,0.0015041331062093377
0.016456909477710724,0.0015395014779642224,-0.0014066841686144471,-0.0018521086312830448,0.0018825627630576491
-0.06662557274103165,-0.09003868699073792,0.007509355898946524,0.014251107349991798,-0.03611854836344719
-0.105470210313797,-0.0834139809012413,0.017874358221888542,-0.012315435335040092,-0.01340180728584528
-0.10979222506284714,-0.07689732313156128,0.015594495460391045,0.014854444190859795,-0.010102548636496067
-0.08430182933807373,-0.05140308290719986,0.0184209905564785,0.05742493271827698,0.015968915075063705
-0.09386841207742691,-0.09213153272867203,0.013802369125187397,-0.00039027060847729445,-0.026109138503670692
-0.09942750632762909,-0.0733228549361229,0.01560286432504654,-0.012281608767807484,-0.011718004941940308
-0.06514520943164825,-0.043275780975818634,0.008473058231174946,0.007953720167279243,-0.005441343877464533
-0.0028780875727534294,-0.0021640632767230272,0.0015496162232011557,0.006932083982974291,0.002475115703418851
-0.003245054744184017,-0.003834147471934557,0.0002539109846111387,0.00041426721145398915,-0.0013725819298997521
-0.05539407208561897,-0.06495491415262222,0.0014312289422377944,0.002847478725016117,-0.021134404465556145
0.09750338643789291,0.05334782600402832,0.08538487553596497,-0.009408586658537388,-0.00788598507642746
0.11514059454202652,0.06725678592920303,0.10921604186296463,0.0017137263203039765,-0.014491714537143707
0.0035322897601872683,0.0006528270896524191,0.0022394307889044285,-0.0005486099398694932,-0.0005720838089473546
0.0976637527346611,0.03407514840364456,0.07614224404096603,-0.01653149724006653,-0.006686380598694086
0.18225467205047607,0.08360620588064194,0.12585283815860748,-0.005960649345070124,-0.015518110245466232
3.671020110118661e-08,-4.5888583599662525e-08,-1.9446801502454036e-08,2.1736694222340702e-08,-3.060760178641431e-08
0.049942269921302795,-0.03382985666394234,-0.021777169778943062,0.006309322081506252,-0.018173620104789734
0.18703654408454895,-0.01097278855741024,-0.024353601038455963,-0.018421532586216927,-0.0021903524175286293
0.2413357049226761,0.04712250083684921,0.04370886832475662,-0.023178009316325188,0.0024424302391707897
0.0027617700397968292,-0.0030689260456711054,-0.0015449768397957087,0.0014847757993265986,-0.0019870612304657698
0.1119193509221077,-0.0651269182562828,-0.05885513871908188,0.01929103210568428,-0.032247673720121384
0.19058696925640106,-0.016022633761167526,-0.07999620586633682,-0.019289610907435417,0.01596854254603386
0.2197318822145462,-0.0006988630630075932,-0.05434780567884445,-0.025233572348952293,0.022222647443413734
0.039238713681697845,-0.044070418924093246,-0.018914496526122093,0.02165364660322666,-0.027233712375164032
0.11788873374462128,-0.04624064639210701,-0.047131795436143875,0.011834410950541496,-0.020393764600157738
0.1599537432193756,-0.0035229071509093046,-0.06391789764165878,-0.020808041095733643,0.017765691503882408
0.20250193774700165,-0.005406876094639301,-0.06661738455295563,-0.024192849174141884,0.029970262199640274
-0.015573813579976559,-0.07965662330389023,-0.007712528109550476,0.02109779603779316,-0.03498869761824608
-0.04310477152466774,-0.05337401479482651,0.00035913611645810306,0.016591591760516167,-0.016816476359963417
0.019820954650640488,-0.020740946754813194,-0.0017907175933942199,0.0016704193549230695,0.002014027675613761
-0.10183991491794586,-0.0873909667134285,0.01905130222439766,-0.008799397386610508,-0.01911318115890026
-0.12877999246120453,-0.07291668653488159,0.023972036316990852,-0.024583902209997177,-0.0011339972261339426
-0.12867268919944763,-0.06966053694486618,0.019165344536304474,-0.0073001752607524395,-0.001602965290658176
-0.10265364497900009,-0.05919636785984039,0.01454288512468338,0.019611835479736328,0.00529432762414217
-0.11635243892669678,-0.08458399027585983,0.02228541485965252,-0.018447818234562874,-0.011420692317187786
-0.1356595903635025,-0.07172393053770065,0.023561818525195122,-0.027156470343470573,-0.00011371153959771618
-0.10129966586828232,-0.05060063302516937,0.013924874365329742,-0.008436857722699642,0.0005318664480000734
-0.010340693406760693,-0.009064829908311367,0.00131213606800884,-0.0008950175833888352,-0.0020146623719483614
0.07230600714683533,0.038061391562223434,0.0606720969080925,-0.0030066678300499916,-0.00727825378999114
0.046896107494831085,0.02993949130177498,0.04162531718611717,0.005472093354910612,-0.006223175674676895
0.03744862973690033,0.018487850204110146,0.029028695076704025,-0.0044576977379620075,-0.0030593196861445904
0.12131663411855698,0.062056560069322586,0.1131463274359703,-0.012737095355987549,-0.011126789264380932
0.0909300446510315,0.05130752548575401,0.07598398625850677,0.0035325929056853056,-0.010917753912508488
2.9975012694194447e-07,-3.068735452416149e-07,-1.4671627468487713e-07,1.1306492098128729e-07,-1.9010950325082376e-07
0.05217503011226654,-0.01635035127401352,-0.002451810985803604,-0.005177074111998081,-0.009384284727275372
0.18766437470912933,0.030830813571810722,0.05400817096233368,-0.02122458815574646,-0.0055303568951785564
0.18939891457557678,0.05812954530119896,0.07721086591482162,-0.013123069889843464,-0.006743766833096743
0.02249530889093876,-0.021130716428160667,-0.0123604042455554,0.008211128413677216,-0.01253325305879116
0.12349718064069748,-0.0572376549243927,-0.061202820390462875,0.00805334560573101,-0.023180678486824036
0.20701251924037933,-0.0122476015239954,-0.06363017857074738,-0.021290158852934837,0.012760349549353123
0.20806996524333954,0.008575063198804855,-0.027123374864459038,-0.021623529493808746,0.013571158051490784
0.026464611291885376,-0.019535209983587265,-0.01310132909566164,0.006812990177422762,-0.010102753527462482
0.124726802110672,-0.041616156697273254,-0.055207137018442154,0.005635120905935764,-0.013353899121284485
0.16737301647663116,-0.007101349998265505,-0.07331611216068268,-0.02081504464149475,0.019126122817397118
0.08014076203107834,-0.002900378778576851,-0.0262496005743742,-0.009652076289057732,0.010459820739924908
-0.021257132291793823,-0.05520809814333916,-0.002996994648128748,0.010352726094424725,-0.02322542853653431
0.0006984372157603502,-0.018995942547917366,-0.004274403676390648,0.004930212628096342,-0.008092452771961689
-0.03657853975892067,-0.03857560455799103,-0.0085227619856596,0.008994686417281628,-0.014364509843289852
0.038262005895376205,-0.01662471890449524,-0.01989348791539669,-0.007907821796834469,0.0019720206037163734
-0.04737340286374092,-0.03687795624136925,0.009556603617966175,-0.005817607510834932,-0.006937904749065638
-0.12439114600419998,-0.07627945393323898,0.026512349024415016,-0.02733706310391426,-0.003022364340722561
-0.14284618198871613,-0.0626499131321907,0.027697058394551277,-0.0334901288151741,0.006545360200107098
-0.1433972716331482,-0.06052030250430107,0.023106196895241737,-0.025394096970558167,0.006226615514606237
-0.0993572473526001,-0.05131944268941879,0.012885551899671555,-0.005151901859790087,0.004673240706324577
-0.09884581714868546,-0.07164803892374039,0.02058749832212925,-0.01439004298299551,-0.010358755476772785
-0.13327613472938538,-0.07426386326551437,0.028328023850917816,-0.03080671839416027,-6.997184391366318e-05
-0.14905047416687012,-0.059375081211328506,0.02865038998425007,-0.037898287177085876,0.009368021972477436
-0.09950339049100876,-0.03970320150256157,0.015695730224251747,-0.020053351297974586,0.005735848564654589
-0.03366632014513016,-0.02715526707470417,0.005839471705257893,-0.003463607281446457,-0.005295191891491413
-0.1075311228632927,-0.08601660281419754,0.014217068441212177,-0.013225257396697998,-0.016213055700063705
-0.1350417137145996,-0.06956391036510468,0.019895678386092186,-0.027483796700835228,-0.002003659028559923
0.13692480325698853,0.07547410577535629,0.11370106786489487,0.0005588328931480646,-0.015938371419906616
0.014924347400665283,-0.005293216556310654,0.005999707151204348,-0.0009853473166003823,-0.005467596463859081
0.06791985780000687,0.0038201608695089817,0.031846754252910614,-0.010461291298270226,-0.007904140278697014
0.18881100416183472,0.05735858529806137,0.09366198629140854,-0.01917271502315998,-0.0083425622433424
0.16987918317317963,0.05607501417398453,0.07802481949329376,0.0010659105610102415,-0.0022419653832912445
0.023985104635357857,-0.020902248099446297,-0.013234421610832214,0.006139556877315044,-0.01097876951098442
0.05774848908185959,-0.018932433798909187,-0.02666492760181427,-0.00045240926556289196,-0.0050635067746043205
0.10307108610868454,-0.005223472602665424,-0.029949739575386047,-0.0107960170134902,0.006604996509850025
0.016934478655457497,0.0002891862823162228,-0.0033405881840735674,-0.0017873047618195415,0.0013606552965939045
0.027748066931962967,-0.018724383786320686,-0.014122460037469864,0.004894690588116646,-0.008441668003797531
0.12934058904647827,-0.03845089301466942,-0.05909717455506325,0.002787414938211441,-0.01023059617727995
0.1750357300043106,-0.009209350682795048,-0.07585612684488297,-0.020750965923070908,0.018871011212468147
0.12598466873168945,-0.004145873710513115,-0.043804846704006195,-0.015596844255924225,0.017656516283750534
-0.07607824355363846,-0.0690886527299881,0.009904582984745502,-0.008921832777559757,-0.013903237879276276
-0.04180603474378586,-0.0567193403840065,-0.004125144798308611,0.003389249788597226,-0.016450311988592148
-0.04131200164556503,-0.029181044548749924,-0.012622445821762085,0.00394018366932869,-0.011723389849066734
0.022526219487190247,-0.015354135073721409,-0.025699324905872345,-0.01004651840776205,0.0012330387253314257
0.024642976000905037,-0.0007922061486169696,-0.008345258422195911,-0.003209777409210801,0.0035081461537629366
-0.058194611221551895,-0.03865588828921318,0.013030605390667915,-0.009453590027987957,-0.004619986284524202
-0.031574033200740814,-0.020770322531461716,0.007105805445462465,-0.005649913568049669,-0.0021321421954780817
-0.021024959161877632,-0.00855076964944601,0.004991329275071621,-0.0059166778810322285,0.0016023716889321804
-0.14971919357776642,-0.05316827818751335,0.02935333549976349,-0.039616841822862625,0.011092880740761757
-0.15163947641849518,-0.04967391490936279,0.025965064764022827,-0.03662741184234619,0.011640769429504871
-0.11777033656835556,-0.04514966160058975,0.01644318923354149,-0.024459246546030045,0.008225097320973873
-0.03311946615576744,-0.01848779059946537,0.008078968152403831,-0.007637151051312685,0.0001511083246441558
-0.03759627044200897,-0.022409360855817795,0.008781388401985168,-0.00798296369612217,-0.0006823074072599411
-0.1476225107908249,-0.06012881174683571,0.034688759595155716,-0.04151013121008873,0.011073642410337925
-0.15596894919872284,-0.04909513518214226,0.03346305713057518,-0.04528289660811424,0.01610763743519783
-0.11031676083803177,-0.03377764672040939,0.02095934748649597,-0.02970116026699543,0.010991753078997135
-0.012699414044618607,-0.003984140232205391,0.0022136070765554905,-0.0031970483250916004,0.001199331833049655
-0.007173251826316118,-0.004836179781705141,0.0014780687633901834,-0.0013511782744899392,-0.0004100825171917677
-0.13597890734672546,-0.07079438120126724,0.025472892448306084,-0.03259764611721039,0.001071005710400641
-0.14868387579917908,-0.05915241315960884,0.02724829874932766,-0.038379888981580734,0.00825317669659853
0.07351091504096985,0.019607314839959145,0.04725052788853645,-0.009874447248876095,-0.005912221968173981
3.504083565530891e-07,2.7852214756762805e-08,9.089638552950419e-08,-3.973583773131395e-08,-2.146249578061088e-08
0.027369864284992218,-0.005715763662010431,-0.012080688960850239,-0.001350871752947569,-0.0003342552809044719
0.05953283980488777,-0.003813226241618395,-0.020933860912919044,-0.0059269387274980545,0.004372570663690567
0.028745096176862717,-0.017646612599492073,-0.01486028078943491,0.003526517190039158,-0.007009277120232582
0.13212046027183533,-0.036749593913555145,-0.06129894778132439,0.0012736442731693387,-0.008637495338916779
0.1696636825799942,-0.009343432262539864,-0.07398711144924164,-0.019798310473561287,0.016098087653517723
-0.03819320723414421,-0.02066994644701481,-0.017219319939613342,0.0018233988666906953,-0.009747791104018688
0.00022509568952955306,-0.011394341476261616,-0.025010719895362854,-0.010436647571623325,-0.0004304625035729259
-0.022600119933485985,-0.006318921688944101,0.0051637496799230576,-0.006654447875916958,0.0026631352957338095
-0.15407896041870117,-0.04329383745789528,0.027605274692177773,-0.04115881770849228,0.014262531884014606
-0.12829405069351196,-0.041743453592061996,0.02262890338897705,-0.034550148993730545,0.011481528170406818
-0.12931910157203674,-0.03923434764146805,0.03514485061168671,-0.039361000061035156,0.016064437106251717
-0.15733157098293304,-0.044985152781009674,0.039936695247888565,-0.04745270311832428,0.01901128701865673
-0.15789543092250824,-0.04482489451766014,0.037912946194410324,-0.047520048916339874,0.019175319001078606
-0.11927543580532074,-0.03432657942175865,0.027457300573587418,-0.03528033196926117,0.014419572427868843
-0.012750206515192986,-0.003902764292433858,0.0028019328601658344,-0.0036928888875991106,0.0014705838402733207
-0.031616732478141785,-0.010144042782485485,0.008114045485854149,-0.009497113525867462,0.0035846473183482885
-0.15520502626895905,-0.05253645032644272,0.035565249621868134,-0.04488130286335945,0.014535277150571346
-0.12484987080097198,-0.03919721022248268,0.02780057303607464,-0.03657764196395874,0.012959416955709457
-0.01920441724359989,-0.005902817472815514,0.004416546318680048,-0.0056717852130532265,0.002188322599977255
0.03885786980390549,-0.010280937887728214,-0.016738958656787872,-0.0015091461827978492,-0.0019424916245043278
0.007318455725908279,-0.0011192297097295523,-0.0030584416817873716,-0.0005142297013662755,0.00014466553693637252
0.02985367178916931,-0.017050201073288918,-0.014665636233985424,0.0020064867567270994,-0.006103266961872578
0.12519361078739166,-0.03443995490670204,-0.05857681483030319,0.0003243209212087095,-0.007929128594696522
0.11641351878643036,-0.007069654297083616,-0.05425160378217697,-0.012784882448613644,0.008728929795324802
-0.02251104637980461,-0.01809520274400711,-0.023389767855405807,0.0027784036938101053,-0.009883645921945572
-0.038331080228090286,-0.008579524233937263,-0.021053671836853027,-0.012876233085989952,-0.0008393237367272377
0.04570899158716202,-0.01183126587420702,-0.025728615000844002,-0.01084890216588974,0.006465746555477381
-0.023166438564658165,-0.0052247182466089725,0.004981916397809982,-0.006631001364439726,0.0028061100747436285
-0.15438900887966156,-0.036444734781980515,0.024827737361192703,-0.04026686027646065,0.013939421623945236
-0.13059842586517334,-0.039094675332307816,0.022599754855036736,-0.03654121235013008,0.012071053497493267
-0.15980330109596252,-0.037924665957689285,0.041063446551561356,-0.04845122992992401,0.021341029554605484
-0.16059119999408722,-0.03929569572210312,0.038461726158857346,-0.04809730127453804,0.020398834720253944
-0.1583620309829712,-0.0438387356698513,0.03778797388076782,-0.04770798236131668,0.019489262253046036
-0.012913187965750694,-0.003601442789658904,0.0030609983950853348,-0.0038748695515096188,0.0016008727252483368
-0.16106608510017395,-0.04017132148146629,0.03891538456082344,-0.04843137040734291,0.020000837743282318
-0.13644391298294067,-0.03712654486298561,0.03180919960141182,-0.0408659465610981,0.016079286113381386
-0.04052355885505676,-0.011639601550996304,0.00937891099601984,-0.0122055159881711,0.00477518979460001
0.007911781780421734,-0.0039840382523834705,-0.0038600568659603596,0.0005698840832337737,-0.001337435794994235
0.04749653488397598,-0.012161503545939922,-0.022204218432307243,0.00012104760389775038,-0.002709111897274852
0.01692998968064785,-0.0032345689833164215,-0.008821052499115467,-0.0006327568553388119,-0.0005606996710412204
0.00861838273704052,-0.016102906316518784,-0.03254516050219536,0.004349684342741966,-0.010061221197247505
-0.015549812465906143,0.0011132817016914487,-0.014753553085029125,-0.005648262798786163,-0.0004942886298522353
-0.009952974505722523,-0.002107896376401186,0.002097055781632662,-0.0028497951570898294,0.0012076267739757895
-0.09088103473186493,-0.017357733100652695,0.011378176510334015,-0.022355763241648674,0.0070727854035794735
-0.13298077881336212,-0.031175078824162483,0.021482350304722786,-0.03723127394914627,0.013267556205391884
-0.020625129342079163,-0.004969756118953228,0.005734389182180166,-0.0063363597728312016,0.0029044952243566513
-0.10735134035348892,-0.02461279183626175,0.028028881177306175,-0.03269423171877861,0.01472506020218134
-0.1632392406463623,-0.03356294333934784,0.03691089525818825,-0.04809396713972092,0.020969310775399208
-0.16029193997383118,-0.04039335995912552,0.03621581941843033,-0.04799884557723999,0.019540786743164062
-0.09967591613531113,-0.028197307139635086,0.022184478119015694,-0.03015405498445034,0.011721823364496231
-0.019742952659726143,-0.004269997123628855,0.005029616411775351,-0.005992472171783447,0.002687126165255904
-0.019196659326553345,-0.003716666018590331,0.004370349925011396,-0.005690996069461107,0.0024875407107174397
-0.06754489243030548,-0.019955160096287727,0.015319247730076313,-0.02008209004998207,0.0076707154512405396
-0.00641576899215579,-0.001898478833027184,0.0013982661766931415,-0.0019189143786206841,0.0007156111532822251
0.0020017893984913826,-0.0006208039121702313,-0.0011569518828764558,-7.128333527361974e-05,-0.00021067714260425419
0.051563020795583725,-0.02618142031133175,-0.039427123963832855,0.0029139560647308826,-0.008110765367746353
0.019080186262726784,0.007776058744639158,-0.047058261930942535,-0.004879032261669636,-0.0030193228740245104
-0.01612847112119198,-0.0057346634566783905,0.004272670019418001,-0.005781279411166906,0.002127370797097683
-0.018299639225006104,-0.003751036711037159,0.00283484673127532,-0.005142873153090477,0.002043647924438119
-0.11648009717464447,-0.0063890209421515465,0.0020196696277707815,-0.021921511739492416,0.007184700109064579
-0.12706267833709717,-0.014228669926524162,0.00929184164851904,-0.032530684024095535,0.010005665943026543
-0.16466888785362244,-0.030882691964507103,0.03252823278307915,-0.047617439180612564,0.019693683832883835
-0.16115576028823853,-0.03726539388298988,0.030811548233032227,-0.047390758991241455,0.01783732883632183
-0.10337433218955994,-0.015378308482468128,0.020863035693764687,-0.029513513669371605,0.012840080074965954
-0.14292913675308228,-0.023879703134298325,0.023923983797430992,-0.03989146649837494,0.014997723512351513
-0.04066306725144386,-0.009034594520926476,0.007030689623206854,-0.011581804603338242,0.004101243335753679
-0.0835588350892067,-0.014250179752707481,0.007780488580465317,-0.020473038777709007,0.005383830051869154
0.007887719199061394,-0.04190155118703842,-0.009813699871301651,-0.011115461587905884,-0.004783135838806629
0.036643218249082565,-0.02988480217754841,-0.022892719134688377,-0.0023692226968705654,-0.005019808188080788
0.06129099056124687,-0.007694212719798088,-0.045481838285923004,-0.00014981551794335246,-0.0041502900421619415
0.006736193783581257,0.0005063171265646815,-0.005967763252556324,-7.002948404988274e-05,-0.0006212328444235027
-0.041023559868335724,-0.01574328914284706,0.0060125612653791904,-0.012267562560737133,0.003729995107278228
-0.11494078487157822,-0.008700598962605,-0.001169146504253149,-0.017931479960680008,0.00800522230565548
-0.10456179082393646,0.018045416101813316,-0.01725188083946705,-0.015070662833750248,0.0034260933753103018
-0.07641487568616867,0.016794608905911446,-0.021051768213510513,-0.015493931248784065,0.0013387594372034073
-0.05816741660237312,-0.006483780685812235,0.010376864112913609,-0.015886878594756126,0.007190968841314316
-0.1639081984758377,-0.01234373264014721,0.0241891760379076,-0.04264487698674202,0.01839289255440235
-0.16407182812690735,-0.01314598135650158,0.01971050724387169,-0.042627450078725815,0.016057785600423813
-0.14241625368595123,-0.00388753111474216,0.008306864649057388,-0.03469858691096306,0.011058215983211994
-0.061061736196279526,0.003719336586073041,-0.001360984519124031,-0.013670671731233597,0.0035865618847310543
-0.014159727841615677,-0.0010354233672842383,0.002255370607599616,-0.0037757742684334517,0.0016094519523903728
-0.12081746011972427,-0.0018428076291456819,0.012745283544063568,-0.029247455298900604,0.011017384938895702
-0.17042675614356995,0.0015013269148766994,0.011197450570762157,-0.03845150023698807,0.012317474000155926
-0.14590348303318024,0.006706142798066139,0.0044633131474256516,-0.030560147017240524,0.008506391197443008
-0.023360515013337135,0.004679663106799126,-0.0010997452773153782,-0.003940321505069733,0.0008739250479266047
-0.010907083749771118,0.0016664887079969049,-0.0005834464100189507,-0.0019370150985196233,0.00039809587178751826
-0.0963493138551712,0.03344612568616867,-0.005103037692606449,-0.013718340545892715,0.002949429675936699
-0.1644139140844345,0.06849095970392227,-0.016901448369026184,-0.019014043733477592,0.0013489410048350692
-0.01915794238448143,0.011497873812913895,-0.0034717435482889414,-0.0013131870655342937,-0.00045612305984832346
-0.0064485277980566025,0.0038269765209406614,-0.0013065770035609603,-0.0004313173412811011,-0.00018983583140652627
-0.041401080787181854,-0.004277605097740889,0.0021022052969783545,-0.006338571663945913,0.004573326092213392
-0.02188558503985405,0.0035431040450930595,-0.0005893788184039295,-0.0026796183083206415,0.0015657955082133412
-0.040963392704725266,0.00931224413216114,-0.024062106385827065,0.0016249696491286159,-0.0009570452384650707
0.018388567492365837,-0.005014140624552965,-0.01562193501740694,0.00027672506985254586,-0.003165006637573242
0.0027057966217398643,-0.0007543226820416749,-0.002053219825029373,-0.0005067500751465559,-0.0002469350874889642
-0.1294228881597519,-0.006515669170767069,0.019398700445890427,-0.03388042375445366,0.014650368131697178
-0.1434977501630783,0.011565610766410828,0.010893975384533405,-0.030250145122408867,0.01332725677639246
-0.09117380529642105,0.009554737247526646,0.0038522572722285986,-0.01805371604859829,0.007271460257470608
-0.12169434130191803,0.029741138219833374,-0.005822143983095884,-0.01787479780614376,0.006344965659081936
-0.109589584171772,0.03395037353038788,-0.015453384257853031,-0.014786985702812672,0.002970850095152855
-0.030206749215722084,0.007749136537313461,-0.011809864081442356,-0.004776447080075741,-0.00025715737137943506
-0.018951652571558952,-0.0010295113315805793,-0.030077017843723297,-0.013871639035642147,-0.001804431201890111
-0.04994381219148636,0.0007582118269056082,0.005914260167628527,-0.012226092629134655,0.005050722975283861
-0.1754598468542099,0.03920089453458786,0.0026728615630418062,-0.03227747976779938,0.010999168269336224
-0.17333927750587463,0.05887707322835922,-0.008609695360064507,-0.025073926895856857,0.006412820890545845
-0.17011171579360962,0.06943482160568237,-0.015976037830114365,-0.020252062007784843,0.0034017888829112053
-0.16541913151741028,0.07168262451887131,-0.020244093611836433,-0.017774581909179688,0.001665683463215828
-0.09223069995641708,0.03974149748682976,-0.013233229517936707,-0.009582172147929668,0.0007100427756085992
-0.14027270674705505,0.04593433067202568,-0.020280852913856506,-0.01810385100543499,0.0023148779291659594
-0.09032546728849411,0.02469630539417267,-0.01352198701351881,-0.012270200997591019,0.0016602897085249424
-0.09415104985237122,0.04065179452300072,-0.005660044029355049,-0.012079429812729359,0.002912430325523019
-0.08859509229660034,0.05919893831014633,-0.015004949644207954,-0.005460011772811413,-0.0014272740809246898
-0.13354434072971344,0.11830068379640579,-0.03507716581225395,-0.0008052499033510685,-0.007822314277291298
-0.06177881732583046,0.06189999729394913,-0.01925613544881344,0.0016129118157550693,-0.005140345077961683
-0.1273532211780548,0.10568470507860184,-0.034323807805776596,-0.00031102236243896186,-0.007470386102795601
-0.005103975534439087,0.007094774395227432,-0.0020805862732231617,0.0005073639331385493,-0.0005888200248591602
-0.03775626793503761,0.04988783225417137,-0.015059066005051136,0.0033964193426072598,-0.004373779054731131
-0.014449812471866608,0.0035069084260612726,-0.0003935184795409441,-0.0009966605575755239,0.0012505109189078212
-0.018786771222949028,0.0030016577802598476,-0.0019977865740656853,3.164337249472737e-05,0.001493997871875763
-0.023602528497576714,-0.02342638187110424,-0.007012723945081234,0.009690993465483189,0.007312742527574301
-0.0016770879738032818,-0.0030315604526549578,-0.0005308979307301342,0.001026169047690928,0.0011697123991325498
0.00558654498308897,-0.0024913751985877752,0.0018767127767205238,-0.0011442325776442885,0.0006429782952181995
0.008295278996229172,-0.0010032050777226686,0.003247243585065007,-0.0020093354396522045,0.0002936488890554756
0.009581084363162518,-0.0007052762084640563,0.003483181120827794,-0.002031383803114295,0.0003191039140801877
0.006988584529608488,-0.0005258846213109791,0.002288381103426218,-0.001057264395058155,0.0002651233517099172
-0.014116576872766018,0.0013519354397431016,0.0011096000671386719,-0.003100456204265356,0.001272645778954029
-0.08020403236150742,0.02194557525217533,-0.0012598325265571475,-0.012393319047987461,0.0048489379696547985
-0.15974828600883484,0.06860896199941635,-0.015715651214122772,-0.012309093959629536,0.005649985745549202
-0.1621546596288681,0.07997892051935196,-0.023120075464248657,-0.006096246652305126,0.0032007258851081133
-0.1474192589521408,0.06988338381052017,-0.024763304740190506,-0.0009863019222393632,0.0033032847568392754
-0.10556855797767639,0.031522367149591446,-0.019568046554923058,0.004756945185363293,0.006149256136268377
-0.04634995013475418,-0.00854782946407795,-0.0050217388197779655,0.004884715192019939,0.008683147840201855
-0.0055739423260092735,-0.018574858084321022,0.007720498833805323,0.001557178795337677,0.008775921538472176
0.00966365821659565,-0.016503605991601944,0.010391241870820522,-0.0029939969535917044,0.0076479255221784115
0.0015422720462083817,-0.011598019860684872,0.009423775598406792,-0.0018237445037811995,0.006344985216856003
-0.014176975935697556,0.003596588270738721,6.576345185749233e-05,-0.0025033103302121162,0.0008361135260201991
-0.11576960980892181,0.05819560959935188,-0.011819573119282722,-0.012312108650803566,0.0018730232259258628
-0.15714490413665771,0.11649440973997116,-0.03116709738969803,-0.006794981192797422,-0.004180729854851961
-0.15362706780433655,0.13060620427131653,-0.037944238632917404,-0.0017408567946404219,-0.007714579347521067
-0.15330500900745392,0.13320565223693848,-0.04014207795262337,5.534413139685057e-05,-0.008873158134520054
-0.15245164930820465,0.12571147084236145,-0.0390198789536953,0.0010128127178177238,-0.007579948753118515
-0.14546750485897064,0.09791799634695053,-0.03390324115753174,0.0021171614062041044,-0.003019520780071616
-0.12545685470104218,0.03780752047896385,-0.01799117401242256,0.005684333853423595,0.00807796698063612
-0.10120124369859695,-0.0004764942859765142,-0.0009835436940193176,0.010518821887671947,0.018173441290855408
-0.06595265865325928,-0.0017437087371945381,0.008540721610188484,0.013351134024560452,0.019002605229616165
-0.047647468745708466,0.009471921250224113,0.0005621668533422053,0.009304484352469444,0.010346711613237858
-0.13163456320762634,0.13304723799228668,-0.03692035377025604,0.0018433568766340613,-0.008268637582659721
-0.13039351999759674,0.15565896034240723,-0.0459255687892437,0.007517795544117689,-0.012545271776616573
-0.12771984934806824,0.1666126847267151,-0.05090480297803879,0.011135890148580074,-0.015254521742463112
-0.13132470846176147,0.16535300016403198,-0.05098065361380577,0.010699399746954441,-0.015258792787790298
-0.13947096467018127,0.15346668660640717,-0.04751017317175865,0.007244643289595842,-0.013432910665869713
-0.14137884974479675,0.12728379666805267,-0.04190731793642044,0.007284617517143488,-0.008428878150880337
-0.13613995909690857,0.06920972466468811,-0.02931971475481987,0.012238993309438229,0.004028285387903452
-0.0793936550617218,0.012654325924813747,-0.0009718494256958365,0.031735196709632874,0.023158125579357147
-0.0726720318198204,0.03466321900486946,-0.005045234691351652,0.03287728130817413,0.02137918770313263
-0.02369660511612892,0.03287823125720024,-0.009538979269564152,0.002280259970575571,-0.0026471223682165146
-0.05033880099654198,0.07215698808431625,-0.02185901068150997,0.005626678932458162,-0.006602162029594183
-0.11027546226978302,0.15953946113586426,-0.04871465265750885,0.01291714608669281,-0.014879067428410053
-0.11758076399564743,0.15391825139522552,-0.047262031584978104,0.010684660635888577,-0.014210176654160023
-0.13382121920585632,0.15479736030101776,-0.04794301092624664,0.009074440225958824,-0.013703019358217716
-0.13078011572360992,0.1303686946630478,-0.04488258436322212,0.011106731370091438,-0.009946457110345364
-0.0807466208934784,0.022597387433052063,-0.012868043035268784,0.026330413296818733,0.013713791966438293
-0.0384506992995739,0.014181327074766159,0.002511129016056657,0.03840825334191322,0.02462378703057766
-0.03971054404973984,0.050211451947689056,-0.015552692115306854,0.0031144015956670046,-0.00455905357375741
-0.05614657700061798,0.06674425303936005,-0.02076183445751667,0.0039313314482569695,-0.00594321871176362
-0.0918390229344368,0.10460945963859558,-0.03356357663869858,0.007175303064286709,-0.009243646636605263
-0.09161119908094406,0.056813694536685944,-0.025545449927449226,0.012148715555667877,-3.478857615846209e-05
-0.003891060594469309,0.004503448028117418,-0.0014241010649129748,0.0002559910644777119,-0.0004025639791507274
-0.056666549295186996,0.06753218173980713,-0.021387778222560883,0.005155982915312052,-0.005964284297078848
-0.012443425133824348,0.014469629153609276,-0.00483692204579711,0.0012642863439396024,-0.0012959480518475175
-0.005397179629653692,0.0011430007871240377,0.00011881109821842983,0.003635668195784092,0.002234339714050293
-0.006123608909547329,-0.0008632642566226423,0.003288445295765996,0.009388367645442486,0.006349649280309677
0.0015444712480530143,-0.0015070983208715916,0.005331707652658224,0.0064893499948084354,0.004407003987580538
0.0373249351978302,0.002118546748533845,0.0222328994423151,0.0026528630405664444,0.002757990499958396
0.09746496379375458,0.008794497698545456,0.05658797174692154,0.0014230029191821814,0.0029348048847168684
0.10691901296377182,0.008706600405275822,0.06464734673500061,0.011737478896975517,0.006141502410173416
-0.020733794197440147,0.016705933958292007,-0.005927064921706915,0.0021915158722549677,-0.0003284615813754499
-0.13707682490348816,0.09873812645673752,-0.036257557570934296,0.02357468754053116,0.004014082718640566
-0.11110970377922058,0.05218222737312317,-0.01816917397081852,0.041558604687452316,0.01973111368715763
-0.0657588541507721,0.005568329244852066,0.009482345543801785,0.0602337121963501,0.0374276377260685
-0.02643345668911934,-0.009879314340651035,0.026256849989295006,0.06381690502166748,0.04170973226428032
-0.004503339529037476,-0.006237692665308714,0.021468326449394226,0.04570325091481209,0.02998693287372589
0.017198879271745682,-0.002823824994266033,0.024940326809883118,0.03176052123308182,0.020065316930413246
-0.05815587192773819,0.054712872952222824,-0.017101233825087547,0.0015767512377351522,-0.003768261056393385
-0.14011648297309875,0.15558940172195435,-0.04977992922067642,0.00949101522564888,-0.013274596072733402
-0.13607078790664673,0.15097059309482574,-0.05022123083472252,0.014169299043715,-0.012021394446492195
-0.13283304870128632,0.11485195904970169,-0.04274450242519379,0.02051246166229248,-0.0033307247795164585
-0.11192279309034348,0.04423119127750397,-0.021582642570137978,0.03983258828520775,0.017221717163920403
-0.059835754334926605,-0.0018589124083518982,0.010740358382463455,0.07216324657201767,0.04367069527506828
-0.014688833616673946,0.0029462859965860844,0.03439660370349884,0.08816100656986237,0.057817697525024414
-0.00010231740452582017,0.0090984171256423,0.03381987288594246,0.07076854258775711,0.04702889919281006
-0.13074254989624023,0.16467274725437164,-0.05300892889499664,0.012208767235279083,-0.01633034646511078
-0.13054315745830536,0.13726408779621124,-0.04785194620490074,0.016602834686636925,-0.009974108077585697
-0.11699485033750534,0.05385177209973335,-0.02948014624416828,0.03348876163363457,0.009697513654828072
-0.03684278205037117,0.0007461975910700858,0.019247308373451233,0.08885359019041061,0.05438026040792465
-0.003242406528443098,0.012249615043401718,0.030556270852684975,0.08159428834915161,0.053188517689704895
-0.12597085535526276,0.17166770994663239,-0.053585149347782135,0.013083496131002903,-0.016514144837856293
-0.12752147018909454,0.16391846537590027,-0.052617449313402176,0.013335679657757282,-0.01594056934118271
-0.1283201426267624,0.1285477876663208,-0.04696675390005112,0.017232224345207214,-0.009205098263919353
-0.083053357899189,0.01617240533232689,-0.009410927072167397,0.05802253633737564,0.028459962457418442
-0.007324244827032089,0.00898301973938942,0.02916055917739868,0.0859648734331131,0.05654602870345116
-0.05430353432893753,0.07207485288381577,-0.022226767614483833,0.0049504623748362064,-0.006659479346126318
-0.0548836775124073,0.07224428653717041,-0.022831952199339867,0.005521850660443306,-0.007045231759548187
-0.12605465948581696,0.15410712361335754,-0.050516754388809204,0.013471854850649834,-0.014603274874389172
-0.12185758352279663,0.07182158529758453,-0.036873724311590195,0.025335626676678658,0.0015716439811512828
-0.07194022834300995,0.08788788318634033,-0.02832639217376709,0.007417187560349703,-0.008126345463097095
-0.12142173945903778,0.07464800029993057,-0.04002969339489937,0.019792189821600914,-0.003422524780035019
-0.07207529991865158,0.08607868105173111,-0.027807075530290604,0.007030315697193146,-0.007896261289715767
-0.018083414062857628,0.02039400301873684,-0.006949436850845814,0.0016837092116475105,-0.0019493254367262125
0.07235360145568848,-0.01645839586853981,0.010679546743631363,0.0064491950906813145,-0.0035343931522220373
-0.027534637600183487,-0.02162761054933071,-0.009128243662416935,0.03203841298818588,0.007965171709656715
0.0058907633647322655,-0.021849337965250015,-0.011312922462821007,0.019374415278434753,-0.0007871119305491447
0.004437809810042381,-0.004712111782282591,-0.0016042969655245543,0.002901221625506878,-0.000533075537532568
0.10121480375528336,-0.014275695197284222,0.0045265271328389645,-0.0006226198747754097,-0.007577498443424702
0.10545793920755386,-0.0076502165757119656,0.011437786743044853,-0.004908695351332426,-0.007072056643664837
0.12420192360877991,-0.012731237336993217,0.00046093930723145604,-0.003970609977841377,-0.008810628205537796
0.09789896756410599,-0.012682943604886532,-0.002641531638801098,-0.001980661880224943,-0.009885745123028755
-0.06665316224098206,0.009813880547881126,0.0011486329603940248,-0.012117080390453339,0.004502720199525356
-0.15733300149440765,0.04623006656765938,-0.011197787709534168,-0.015277771279215813,0.006933956407010555
-0.1596444696187973,0.05956681817770004,-0.020536620169878006,-0.004429170396178961,0.004896681755781174
-0.13991369307041168,0.05762331187725067,-0.02514357678592205,0.0039558932185173035,0.002583467634394765
-0.08737128973007202,0.018455635756254196,-0.020027294754981995,0.013539500534534454,0.002695277566090226
0.009853692725300789,-0.03427838534116745,-0.021251417696475983,0.02135666087269783,-0.005913933273404837
0.061255838721990585,-0.04124889895319939,-0.017150644212961197,0.0160504300147295,-0.011181360110640526
0.06440816074609756,-0.037565864622592926,-0.01609135791659355,0.010038414970040321,-0.012562285177409649
0.047586794942617416,-0.026088271290063858,-0.015572928823530674,0.006482060998678207,-0.011852140538394451
-0.1409250646829605,0.010445733554661274,0.009337249211966991,-0.031249672174453735,0.011355734430253506
-0.17709708213806152,0.0390416756272316,-9.333693742519245e-05,-0.03197093307971954,0.00994859915226698
-0.17208009958267212,0.07618479430675507,-0.016759764403104782,-0.019959190860390663,0.002806212054565549
-0.16067250072956085,0.11099064350128174,-0.03324472904205322,-0.006436856463551521,-0.005204913206398487
-0.15100029110908508,0.12815123796463013,-0.04190525785088539,0.001861279015429318,-0.009591937065124512
-0.1470544934272766,0.11894631385803223,-0.04129542410373688,0.005262327380478382,-0.008226536214351654
-0.1396295577287674,0.08561278134584427,-0.03456760570406914,0.007800779305398464,-0.003055604873225093
-0.11095582693815231,0.025568511337041855,-0.020555628463625908,0.016198081895709038,0.005185758229345083
-0.0717179924249649,-0.008993159048259258,-0.008291921578347683,0.024439454078674316,0.009573766961693764
-0.04165959358215332,-0.006543571595102549,-0.002202004659920931,0.02578461728990078,0.011137595400214195
-0.036015212535858154,0.008834851905703545,0.000309129391098395,-0.006598974112421274,0.002144677098840475
-0.17329297959804535,0.06419046968221664,-0.007751613389700651,-0.025786465033888817,0.00657864473760128
-0.15870042145252228,0.11141635477542877,-0.02743741311132908,-0.009333197958767414,-0.003399557201191783
-0.13705462217330933,0.15106548368930817,-0.0431213341653347,0.005390092730522156,-0.01189738605171442
-0.12875136733055115,0.16497376561164856,-0.049811314791440964,0.011194195598363876,-0.015325533226132393
-0.12995736300945282,0.16295748949050903,-0.05226782336831093,0.011669029481709003,-0.0159752257168293
-0.1346162110567093,0.14820607006549835,-0.04929986223578453,0.010471191257238388,-0.014189859852194786
-0.13410668075084686,0.11737322062253952,-0.04273686930537224,0.011366675607860088,-0.008808713406324387
-0.0890878289937973,0.03605109825730324,-0.020429832860827446,0.015410952270030975,0.003977961838245392
-0.05622190237045288,0.004648833069950342,0.00014819062198512256,0.04115647077560425,0.022578168660402298
-0.03169107064604759,0.04471913352608681,-0.012446071021258831,0.0030536691192537546,-0.00352926435880363
-0.11314631253480911,0.17262153327465057,-0.05009748414158821,0.014586164616048336,-0.01548678707331419
-0.03444923833012581,0.049309149384498596,-0.015156017616391182,0.004234170075505972,-0.004815072752535343
-0.12337992340326309,0.17002558708190918,-0.05411221832036972,0.014375364407896996,-0.01691637560725212
-0.12551063299179077,0.15223747491836548,-0.050316229462623596,0.012796517461538315,-0.015188431367278099
-0.12192090600728989,0.11201939731836319,-0.04265349358320236,0.016126452013850212,-0.007950927130877972
-0.09570033103227615,0.034240297973155975,-0.022234749048948288,0.04851439222693443,0.017305271700024605
-0.05283721163868904,0.07381025701761246,-0.02328553982079029,0.005991217214614153,-0.007267203647643328
-0.08753139525651932,0.11382723599672318,-0.03703503683209419,0.009735561907291412,-0.011457878164947033
-0.1200309693813324,0.13342665135860443,-0.04604928940534592,0.013883241452276707,-0.012287151999771595
-0.10513351112604141,0.04848841205239296,-0.031702250242233276,0.03488960862159729,0.006624555215239525
-0.05514785274863243,0.06347700953483582,-0.021373556926846504,0.006331325508654118,-0.005974030587822199
-0.021409424021840096,0.0157094094902277,-0.007565609645098448,0.004299649968743324,-0.0007663086289539933
-0.001164995483122766,-0.00018149736570194364,0.001280092285014689,0.008085857145488262,0.004780997987836599
-0.009237301535904408,0.010123081505298615,-0.00363684119656682,0.0011045952560380101,-0.0010226451558992267
-0.011252329684793949,-0.00711187906563282,-0.00027872752980329096,0.0018512618262320757,0.0009328532032668591
-0.03158311918377876,-0.004228929989039898,-0.012541599571704865,0.0031590312719345093,-0.0007005485822446644
0.001343347830697894,-0.00885403249412775,-0.021872274577617645,0.00037282821722328663,-0.005595270078629255
0.019418632611632347,-0.009151143953204155,-0.012032805941998959,0.002718435600399971,-0.004620372783392668
0.00760339479893446,-0.0021177930757403374,-0.002659738762304187,0.00019404204795137048,-0.0010966839035972953
-0.09751835465431213,-0.017355304211378098,0.015373597852885723,-0.02560717798769474,0.010522156953811646
-0.1685275137424469,-0.01407594420015812,0.016501538455486298,-0.036498215049505234,0.015093153342604637
-0.1658083200454712,0.004442545585334301,0.004657364916056395,-0.02825252152979374,0.010680812411010265
-0.14099781215190887,0.011321885511279106,-0.008054196834564209,-0.019691795110702515,0.00492538558319211
-0.08747486025094986,0.0035860699135810137,-0.018244344741106033,-0.009622404351830482,-0.0011354442685842514
-0.03534618020057678,-0.020804140716791153,-0.028042834252119064,-0.005647317972034216,-0.007972212508320808
0.031070375815033913,-0.029020383954048157,-0.038163114339113235,-0.0006512750405818224,-0.013144692406058311
0.036429353058338165,-0.01673860475420952,-0.02764890156686306,-0.0009053359972313046,-0.008817697875201702
-0.04859955981373787,-0.005948778707534075,0.007149807643145323,-0.01276395469903946,0.005001971498131752
-0.17547747492790222,0.0024601079057902098,0.013854838907718658,-0.039567165076732635,0.014673198573291302
-0.17367559671401978,0.027698135003447533,-0.001178764970973134,-0.029996532946825027,0.008729635737836361
-0.16042377054691315,0.047936469316482544,-0.014800013974308968,-0.018673550337553024,0.0024249618873000145
-0.13798989355564117,0.05209118872880936,-0.021502994000911713,-0.010540192015469074,-0.0015135974390432239
-0.13842953741550446,0.041897546499967575,-0.02338072657585144,-0.010323568247258663,-0.0019374256953597069
-0.11402779817581177,0.026138056069612503,-0.02576654776930809,-0.007101814728230238,-0.0032146479934453964
-0.07405385375022888,0.020837318152189255,-0.024519916623830795,-0.0005921926349401474,-0.004178175237029791
-0.012289931066334248,0.0032809695694595575,-0.0031099889893084764,0.0004972919123247266,-0.00038625477463938296
-0.042557377368211746,0.015229740180075169,-0.0016454003052785993,-0.006481070537120104,0.0017308747628703713
-0.16674308478832245,0.08687698096036911,-0.01934892311692238,-0.017226889729499817,0.0010953450109809637
-0.15075039863586426,0.11936670541763306,-0.03714500367641449,-0.003074959386140108,-0.007936851121485233
-0.1440185308456421,0.11794105172157288,-0.04268487170338631,0.0017452994361519814,-0.010446728207170963
-0.14131219685077667,0.11265081912279129,-0.04432552680373192,0.0042107258923351765,-0.010343922302126884
-0.13591614365577698,0.09869499504566193,-0.04247856140136719,0.005745593924075365,-0.009456433355808258
-0.055238574743270874,0.04053674265742302,-0.016511183232069016,0.004500661976635456,-0.0031623453833162785
-7.713315426371992e-07,5.870480208614026e-07,-2.645553252023092e-07,1.5648878104457253e-07,-1.596927212688115e-08
-1.0360660951391765e-07,5.7644115258881357e-08,-2.7924102141696494e-08,3.558602301723113e-08,9.517052035334927e-09
-0.1210976392030716,0.15642042458057404,-0.043902281671762466,0.009136457927525043,-0.012331980280578136
-0.05145930126309395,0.07142230868339539,-0.021350819617509842,0.005527052562683821,-0.006562079768627882
-0.06792735308408737,0.08845406025648117,-0.028874024748802185,0.006929571740329266,-0.008856719359755516
-0.05423707142472267,0.06449995934963226,-0.021873503923416138,0.005182476714253426,-0.0066619920544326305
-0.051156047731637955,0.05739596486091614,-0.020418811589479446,0.006336218677461147,-0.005499132908880711
-0.04735192283987999,0.0425143800675869,-0.018216321244835854,0.009840059094130993,-0.0023919353261590004
-0.006207181140780449,0.010206492617726326,-0.0028155657928436995,0.0008697998127900064,-0.0008112323121167719
-0.04473133385181427,0.07412051409482956,-0.021161766722798347,0.006794505286961794,-0.006454261485487223
-0.03876269608736038,0.06125602126121521,-0.018029334023594856,0.005636740010231733,-0.005743308924138546
-0.02248069830238819,0.030854353681206703,-0.009915725328028202,0.002619407372549176,-0.003124743467196822
-0.010641339235007763,0.011821568943560123,-0.004867054056376219,0.002320514526218176,-0.0009926063939929008
0.0026189670898020267,-0.002220196882262826,-0.0009713307954370975,0.0004153124464210123,-0.0006862430018372834
0.07611379772424698,-0.046358779072761536,-0.03235778957605362,0.016502097249031067,-0.015652094036340714
0.08594945073127747,-0.03177161142230034,-0.04471306875348091,0.009069673717021942,-0.015461690723896027
-0.0035161697305738926,-0.0016684600850567222,0.00016230718756560236,-0.0001486828114138916,0.0003357141395099461
-0.09493311494588852,-0.014708943665027618,-0.004242503549903631,-0.004516505170613527,0.005471252370625734
-0.08446311205625534,-0.015681156888604164,-0.01302863098680973,-0.01352975144982338,-3.753881901502609e-05
-0.03748595342040062,-0.017421217635273933,-0.026904622092843056,-0.010523934848606586,-0.003966786898672581
-0.0020969982724636793,-0.0027650268748402596,-0.004961535334587097,-0.0016096283216029406,-0.0006383106228895485
-0.09529916942119598,-0.01941264234483242,0.014416932128369808,-0.023402899503707886,0.009863536804914474
-0.08270154893398285,-0.015216341242194176,0.009864035993814468,-0.019416384398937225,0.006358033511787653
-0.15094079077243805,-0.032095134258270264,0.01200579758733511,-0.03431545943021774,0.008078702725470066
-0.13223129510879517,-0.029020586982369423,0.002375543350353837,-0.028745537623763084,0.0044676740653812885
-0.06844419240951538,-0.015433610416948795,-0.0005106691969558597,-0.01527860015630722,0.0022771114017814398
-0.001956553664058447,-0.0003256909840274602,0.0003044781624339521,-0.0005118289263918996,0.0001978282380150631
-0.11418008804321289,-0.01585778407752514,0.011246309615671635,-0.026897434145212173,0.008226814679801464
-0.15787501633167267,-0.019387835636734962,0.007911011576652527,-0.03354378417134285,0.0073645636439323425
-0.14382314682006836,-0.0245007686316967,0.0021052230149507523,-0.02789965085685253,0.0030254428274929523
-0.11541496217250824,-0.010270154103636742,-0.006791410036385059,-0.018284166231751442,-0.0002075683296425268
-0.025960970669984818,0.004076285287737846,-0.004140140023082495,-0.00279605551622808,-0.0004938701167702675
-0.024348480626940727,0.009689409285783768,-0.002178317168727517,-0.003038964234292507,0.00038998728268779814
-0.022114824503660202,0.012069988064467907,-0.004429560620337725,-0.001177167403511703,-0.0006540996255353093
-0.08400465548038483,0.03241647407412529,-0.019420413300395012,-0.003452809527516365,-0.004179766401648521
-8.311620547374332e-08,7.070978824685881e-08,-2.9271445711742672e-08,4.161049727002819e-09,-7.442560345793936e-09
-0.0019150138832628727,0.002118038712069392,-0.0006790552870370448,9.901468001771718e-05,-0.00018910768267232925
-0.0038322717882692814,0.003799817292019725,-0.0014168426860123873,0.0002988952910527587,-0.00038393514114432037
0.019226638600230217,-0.01567959226667881,-0.010425019077956676,0.004692032001912594,-0.004680633544921875
0.021209558472037315,-0.03602981194853783,-0.02803187631070614,0.009081258438527584,-0.009409893304109573
0.0005830604932270944,-0.0032372050918638706,-0.003996801096946001,5.319785122992471e-05,-0.0009752989280968904
-0.046357765793800354,-0.01029032003134489,0.0014598285779356956,-0.005623614881187677,0.0028369412757456303
-0.13481438159942627,-0.026880281046032906,0.00555704440921545,-0.025822198018431664,0.006536363624036312
-0.12003658711910248,-0.0357707142829895,0.003756654215976596,-0.027253631502389908,0.004036252386868
-0.015944229438900948,-0.006547731347382069,0.0006233171443454921,-0.003589441766962409,0.0002339551574550569
-0.02187405340373516,-0.004778298549354076,0.00244148843921721,-0.004888539202511311,0.00143420638050884
-0.1475330889225006,-0.04745436832308769,0.017609184607863426,-0.03521307185292244,0.007264694664627314
-0.13214991986751556,-0.05450629070401192,0.014032579027116299,-0.03206316754221916,0.003918152302503586
-0.11741796880960464,-0.05260421708226204,0.006205908954143524,-0.024438532069325447,0.0006854830426163971
-0.02380288578569889,-0.007956542074680328,0.002679839264601469,-0.0057703182101249695,0.0010341721354052424
-0.03776262328028679,-0.015705019235610962,0.003707673866301775,-0.00888194888830185,0.000826783652883023
-0.11711730808019638,-0.04987340420484543,0.0034463629126548767,-0.021947454661130905,-0.00049747055163607
-0.03176788240671158,-0.008855003863573074,-0.0022518476471304893,-0.0030704147648066282,-0.0003185112727805972
0.02002630941569805,-0.006416782271116972,-0.008469702675938606,0.001299829687923193,-0.0025989224668592215
0.008847148157656193,-0.003850567387416959,-0.0033086782786995173,0.0011446039425209165,-0.0016216643853113055
0.04754596948623657,-0.017482025548815727,-0.018211228772997856,0.0037396119441837072,-0.006765816360712051
0.0011749161640182137,-0.0009858028497546911,-0.0005846535786986351,0.00031720625702291727,-0.000321717670885846
0.002319128718227148,-0.0026818972546607256,-0.001953564118593931,0.0006117148441262543,-0.0007076063775457442
0.001823997008614242,-0.001057852292433381,-0.002438749885186553,-0.0004560530942399055,0.00020328535174485296
-0.08882971853017807,-0.02023148350417614,0.005898567382246256,-0.015945421531796455,0.005425475537776947
-0.13523699343204498,-0.04186568781733513,0.011654909700155258,-0.030915746465325356,0.005946214310824871
-0.06719760596752167,-0.030152272433042526,0.004836145788431168,-0.015344145707786083,0.0008263341733254492
-0.1335354894399643,-0.05811682716012001,0.017316525802016258,-0.032959435135126114,0.003970011603087187
-0.04763545095920563,-0.024653159081935883,0.005145736038684845,-0.010927991010248661,0.0003794421791099012
-0.06080476567149162,-0.032285526394844055,0.0017232601530849934,-0.008589249104261398,-0.0011681567411869764
-0.01942465268075466,-0.005704494193196297,0.003772614523768425,-0.005174410529434681,0.001800938742235303
-0.0129696661606431,-0.004994415212422609,0.00217814021743834,-0.003111510304734111,0.0005783660453744233
-0.022034047171473503,-0.009405525401234627,0.0026001560036092997,-0.005331111140549183,0.0005271609988994896
-0.003116471227258444,-0.0012949468800798059,0.0003585712693165988,-0.0007495386525988579,6.899127038195729e-05
-0.018212366849184036,-0.008265231736004353,0.00025243661366403103,-0.0022351150400936604,-0.0001971261081052944
0.029465753585100174,-0.0071181305684149265,-0.0121324947103858,0.00047127247671596706,-0.0018010612111538649
0.007645993027836084,-0.0016164572443813086,-0.0032251926604658365,-3.3221469493582845e-05,-0.00022975746833253652
0.01721716672182083,-0.009469904005527496,-0.006886725313961506,0.0029638465493917465,-0.0034958766773343086
0.08282428979873657,-0.0277762059122324,-0.03245719522237778,0.004763684701174498,-0.007489647250622511
0.057579100131988525,-0.011549815535545349,-0.02478547766804695,-0.003347524907439947,0.0014983001165091991
-0.03182895481586456,-0.03754308074712753,-0.008539530448615551,0.004443302750587463,-0.007246881257742643
-0.06343802809715271,-0.03460362181067467,-0.007554855663329363,-0.007259541656821966,0.0005611757514998317
-0.014395786449313164,-0.012499899603426456,-0.006123699713498354,-0.0035051375161856413,0.00016177725046873093
-0.01570514589548111,-0.005162220913916826,0.003271057503297925,-0.0040417322888970375,0.0015028686029836535
-0.1370178461074829,-0.05313345789909363,0.019213687628507614,-0.027067650109529495,0.0057046920992434025
-0.14177118241786957,-0.042230114340782166,0.01650070771574974,-0.031147006899118423,0.008110693655908108
-0.13218127191066742,-0.05205479636788368,0.01534261368215084,-0.030852241441607475,0.005753540899604559
-0.02651188150048256,-0.014387144707143307,0.0027120793238282204,-0.005136932712048292,7.95271698734723e-05
-0.15140153467655182,-0.053316790610551834,0.025586098432540894,-0.03611871227622032,0.00891247857362032
-0.14065520465373993,-0.05733953416347504,0.020689554512500763,-0.035184767097234726,0.006029522977769375
-0.12529152631759644,-0.06263396888971329,0.015846267342567444,-0.029260830953717232,0.002732489723712206
-0.013973230496048927,-0.00822051614522934,0.0012214545859023929,-0.0025256769731640816,-0.0003040115116164088
-0.04178223758935928,-0.016959384083747864,0.007213941775262356,-0.009914739057421684,0.0018263582605868578
-0.02939126081764698,-0.011913016438484192,0.004709377884864807,-0.007348964456468821,0.001341734896413982
0.14802171289920807,-0.04422959312796593,-0.06167169287800789,0.00868114735931158,-0.017917552962899208
0.007949929684400558,-0.0014158826088532805,-0.00335380039177835,-0.0002564219757914543,7.400805043289438e-05
0.021398751065135002,-0.028625566512346268,-0.01068118866533041,0.00982525385916233,-0.01180393435060978
0.0643465593457222,-0.021908944472670555,-0.024254880845546722,0.0029883957467973232,-0.004421813413500786
0.08172069489955902,-0.012959920801222324,-0.034822624176740646,-0.005838892888277769,0.004486273042857647
-0.07800281792879105,-0.05410665273666382,-0.00044593491475097835,0.001676463522017002,-0.005073973909020424
-0.08307380229234695,-0.042278602719306946,-0.000972944253589958,-0.00969400443136692,0.0019059168407693505
-0.009645996615290642,-0.00601927237585187,-0.00044792814878746867,-0.0015219696797430515,0.0005471060867421329
-0.13537093997001648,-0.06166421249508858,0.026011070236563683,-0.029500769451260567,0.004056259524077177
-0.13742877542972565,-0.05922047421336174,0.02061161957681179,-0.027083056047558784,0.003104505827650428
-0.14052081108093262,-0.052946802228689194,0.020655283704400063,-0.032692957669496536,0.008020526729524136
-0.13165324926376343,-0.05695744603872299,0.018799591809511185,-0.029425757005810738,0.007341195363551378
-0.017525406554341316,-0.008509689010679722,0.00243193656206131,-0.003444943344220519,0.0008964658482000232
-0.04474186897277832,-0.01879538968205452,0.00963462982326746,-0.01072186604142189,0.0025263107381761074
-0.13974860310554504,-0.06320331245660782,0.022194653749465942,-0.03165876120328903,0.002876212354749441
-0.13769039511680603,-0.05994529649615288,0.020356658846139908,-0.033894337713718414,0.0062440973706543446
-0.1175067275762558,-0.06344220042228699,0.012559614144265652,-0.02117987908422947,0.0008650475647300482
-0.008475157432258129,-0.005249857436865568,0.0006823901203460991,-0.0009019533754326403,-0.0001559491065563634
-0.037930361926555634,-0.019637729972600937,0.005547083914279938,-0.008031995967030525,-0.000314303528284654
-0.03946433588862419,-0.017229732125997543,0.00585034117102623,-0.009698311798274517,0.001729216193780303
0.03883478790521622,-0.018059751018881798,-0.01699598878622055,0.007262990809977055,-0.010325266048312187
0.16712942719459534,-0.05146395415067673,-0.07004766166210175,0.010631868615746498,-0.02018427848815918
0.16433726251125336,-0.02205638773739338,-0.061559293419122696,-0.009477275423705578,0.004725959151983261
0.0340409018099308,-0.03932080790400505,-0.01590007171034813,0.0154491001740098,-0.016435803845524788
0.11839781701564789,-0.04410514980554581,-0.04671092703938484,0.008170517161488533,-0.011958031915128231
0.1273287683725357,-0.017936719581484795,-0.05164859816431999,-0.010255232453346252,0.009636213071644306
-0.05607163906097412,-0.048940498381853104,0.007197706028819084,0.0020098211243748665,-0.006469535641372204
-0.09546098858118057,-0.06446456909179688,0.008371937088668346,-0.0021691510919481516,-0.0030495428945869207
-0.08758231997489929,-0.054436810314655304,0.0038949348963797092,-0.004867435432970524,0.0018684756942093372
-0.00374926277436316,-0.008500938303768635,-0.00179035565815866,-0.0005291146808303893,0.0008153628441505134
-0.13346585631370544,-0.06807161122560501,0.022790268063545227,-0.025489699095487595,0.0019681125413626432
-0.13891611993312836,-0.06078113615512848,0.023487098515033722,-0.03030204027891159,0.008303993381559849
-0.12929095327854156,-0.06153129041194916,0.019117411226034164,-0.021662743762135506,0.008422361686825752
-0.016781926155090332,-0.00881414394825697,0.00223809783346951,-0.0014890837483108044,0.001301343785598874
-0.13022595643997192,-0.0701751559972763,0.019854532554745674,-0.02625979483127594,-0.0005965909222140908
-0.13602489233016968,-0.06391888856887817,0.020935652777552605,-0.027303187176585197,0.005241581704467535
-0.0682666003704071,-0.036517031490802765,0.008609768003225327,-0.005898488685488701,0.0031108830589801073
-0.008410266600549221,-0.0049575320445001125,0.0009243958629667759,0.0003439830616116524,0.0005920288385823369
-0.034817930310964584,-0.021085718646645546,0.004925111774355173,-0.006793987471610308,-0.0013260504929348826
0.06793809682130814,0.0113055519759655,0.02464407868683338,-0.004268725402653217,-0.008609618991613388
0.10440755635499954,0.024216802790760994,0.043387968093156815,-0.009405304677784443,-0.008260242640972137
0.03185689449310303,-0.01772606372833252,-0.014421683736145496,0.00863641407340765,-0.012125622481107712
0.14053992927074432,-0.05014534667134285,-0.05411248281598091,0.016742777079343796,-0.03126806765794754
0.2110070139169693,-0.01309241447597742,-0.038001589477062225,-0.007636389695107937,-0.009370447136461735
0.010972567833960056,-0.0056855157017707825,-0.005021670367568731,0.002614708850160241,-0.003560618031769991
0.16070973873138428,-0.053304169327020645,-0.06862013041973114,0.012834914028644562,-0.02185632660984993
0.20136693120002747,-0.027289090678095818,-0.0825888067483902,-0.013345560990273952,0.010390290059149265
0.07366612553596497,-0.07074001431465149,-0.030218301340937614,0.033024974167346954,-0.035603687167167664
0.10486435145139694,-0.04648923501372337,-0.03680925443768501,0.012784477323293686,-0.01168179139494896
0.1869266927242279,-0.02030324563384056,-0.06993795931339264,-0.01725907251238823,0.019445929676294327
-0.09186094999313354,-0.07651570439338684,0.012210843153297901,0.002779881004244089,-0.006784880068153143
-0.08340781927108765,-0.06545813381671906,0.0073995646089315414,0.005800201091915369,0.0006400677375495434
0.02704164758324623,-0.04632258042693138,-0.010875150561332703,0.006369648966938257,0.010039587505161762
-0.03473620116710663,-0.030262120068073273,0.005876072682440281,2.7355243219062686e-05,-0.007191740907728672
-0.12135986983776093,-0.07710795849561691,0.020411837846040726,-0.01766633428633213,-0.004956776741892099
-0.1304713487625122,-0.06906463205814362,0.02188507467508316,-0.021534094586968422,0.004690670873969793
-0.11631639301776886,-0.06562011688947678,0.017026865854859352,-0.0021305568516254425,0.007950501516461372
-0.04421032965183258,-0.031342893838882446,0.010252460837364197,0.02643643133342266,0.015118042938411236
-5.443221198220272e-07,-4.1236162928726117e-07,9.033220038645595e-08,-5.564871585761466e-08,-6.58433947364756e-08
-0.11114665865898132,-0.06183086335659027,0.01677566021680832,-0.0154288774356246,0.0016031191917136312
-0.05905204266309738,-0.032496411353349686,0.007870365865528584,0.009050233289599419,0.007498616352677345
-0.011205729097127914,-0.007374902721494436,0.007069005165249109,0.026086246594786644,0.014651537872850895
0.003435753984376788,0.0015542341861873865,0.0019211496692150831,-0.00017912349721882492,-0.0002810865989886224
0.05263921618461609,-0.013618307188153267,-0.011156023479998112,0.0044158268719911575,-0.012237630784511566
0.13738088309764862,0.00011611051013460383,0.00244724377989769,-0.005550469737499952,-0.012223011814057827
0.18532809615135193,0.04303906112909317,0.052804529666900635,-0.008689428679645061,-0.006823383271694183
0.05395461246371269,0.012284502387046814,0.011802458204329014,0.011127523146569729,0.009415285661816597
0.004178610630333424,-0.0026529699098318815,-0.0019610384479165077,0.00144724000710994,-0.001879495452158153
0.0899842157959938,-0.03605212643742561,-0.04058049991726875,0.01271903794258833,-0.020116731524467468
0.19544045627117157,-0.03246622532606125,-0.06934500485658646,-0.005376423709094524,-0.005592034664005041
0.22942672669887543,-0.004749194718897343,-0.04640331119298935,-0.01754792220890522,0.0066757285967469215
0.15449309349060059,-0.054457973688840866,-0.0627492293715477,0.01608946919441223,-0.024502092972397804
0.1986062079668045,-0.024161290377378464,-0.08495666086673737,-0.01597091555595398,0.0171812754124403
0.1303330659866333,-0.009415197186172009,-0.05098836123943329,-0.01314805168658495,0.015789030119776726
0.026440998539328575,-0.027650943025946617,-0.010904645547270775,0.01432089414447546,-0.014523972757160664
0.08046402782201767,-0.05143274739384651,-0.023889625445008278,0.023571671918034554,-0.015018957667052746
0.19382961094379425,-0.012308161705732346,-0.05449347570538521,-0.016658373177051544,0.021006206050515175
-0.07663162052631378,-0.08467800915241241,0.01121270377188921,0.016524791717529297,-0.012429422698915005
-0.07193948328495026,-0.07032433897256851,0.011643822304904461,0.03037428669631481,0.0038228663615882397
0.06147531047463417,-0.03448969125747681,0.0002544395683798939,0.03603009134531021,0.01985543593764305
-0.00803985632956028,-0.007689946331083775,0.001266235369257629,0.0003072282124776393,-0.0021213938016444445
-0.10163868963718414,-0.08466150611639023,0.015549805946648121,-0.005160395056009293,-0.015205031260848045
-0.11470203101634979,-0.07701151072978973,0.018201958388090134,-0.006020528730005026,-0.002876538084819913
-0.09337729215621948,-0.059359218925237656,0.016017435118556023,0.03155561164021492,0.015412992797791958
-0.03630400449037552,-0.028086001053452492,0.023352915421128273,0.078713059425354,0.04341772571206093
-1.320656508596585e-07,-1.0528278693300308e-07,2.3357277001423427e-08,-9.80511138948259e-09,-1.9056104250125827e-08
-0.07055793702602386,-0.045420460402965546,0.009578191675245762,-0.003394888946786523,-0.0017580118728801608
-0.040993209928274155,-0.023679357022047043,0.009199979715049267,0.032312482595443726,0.016636516898870468
-0.00391140952706337,-0.0023656634148210287,0.003465699963271618,0.01385423168540001,0.007503111381083727
0.1840490698814392,0.07008949667215347,0.1019958108663559,-0.012089172378182411,-0.014193534851074219
0.11172120273113251,-0.02037743106484413,-0.036812618374824524,-1.4258323972171638e-05,-0.008576057851314545
0.22710299491882324,0.012965426780283451,-0.003655706997960806,-0.015183269046247005,-0.003493517404422164
0.07092470675706863,-0.029666101559996605,-0.033353254199028015,0.01080853957682848,-0.015411904081702232
0.18621765077114105,-0.03443306311964989,-0.08441250771284103,-0.0071062310598790646,0.00411478616297245
0.21361619234085083,-0.017783615738153458,-0.08033470809459686,-0.01946890540421009,0.019794823601841927
0.14371249079704285,-0.05767224729061127,-0.05260775238275528,0.022536931559443474,-0.031287480145692825
0.2028210312128067,-0.017669567838311195,-0.07392700761556625,-0.018809812143445015,0.020535768941044807
0.2196318358182907,-0.00512696010991931,-0.07593181729316711,-0.023478075861930847,0.03190508112311363
0.01829836145043373,-0.021451713517308235,-0.007203968707472086,0.011856861412525177,-0.012525351718068123
0.05697162076830864,-0.06088604778051376,-0.015119598247110844,0.037406206130981445,-0.022519197314977646
0.1834040880203247,-0.005747046787291765,-0.01950274594128132,-0.005670627113431692,0.014831753447651863
0.23919720947742462,0.019327228888869286,-0.014623410068452358,-0.023900525644421577,0.022323699668049812
-0.0019200376700609922,-0.010207539424300194,-0.0009850566275417805,0.004230586811900139,-0.005531966220587492
-0.04953411966562271,-0.08099131286144257,0.004192766267806292,0.02257542498409748,-0.022672219201922417
-0.06056412681937218,-0.06744854152202606,0.016223007813096046,0.05536961555480957,0.008350582793354988
0.027008255943655968,-0.026201946660876274,0.02094781957566738,0.0786912739276886,0.035899657756090164
-0.03672858327627182,-0.05364095792174339,0.0032597449608147144,0.013002506457269192,-0.02294759638607502
-0.008953996933996677,-0.010793223045766354,0.0009905685437843204,0.0014674385311082006,-0.0036957021802663803
-0.09524989873170853,-0.08447050303220749,0.013931957073509693,0.005663134157657623,-0.01257516723126173
-0.06612123548984528,-0.0470026470720768,0.01888381689786911,0.053314246237277985,0.021500147879123688
-0.0046119894832372665,-0.0024334683548659086,0.004013198893517256,0.012849686667323112,0.007204020395874977
-0.05592421442270279,-0.04714903607964516,0.0066751702688634396,0.0008143571903929114,-0.007311168592423201
-0.019546309486031532,-0.01285338681191206,0.003503689542412758,0.0067013222724199295,0.0024232242722064257
0.1253194957971573,0.07223941385746002,0.11000771075487137,0.0007918624323792756,-0.01679328829050064
0.05379896238446236,0.03880283236503601,0.05160916969180107,0.008772172965109348,-0.008470273576676846
0.09844786673784256,0.008925005793571472,0.006206716876477003,-0.005373707041144371,-0.004202992655336857
0.05225140228867531,0.014322554692626,0.016108041629195213,-0.003961340989917517,-0.0016425728099420667
0.2046101987361908,-0.01915537193417549,-0.06575208902359009,-0.013706009835004807,0.0065894098952412605
0.041214633733034134,0.006593179889023304,0.00446742819622159,-0.0019557196646928787,0.0010750695364549756
0.01398224476724863,0.0030952170491218567,0.002673347247764468,0.0013135418994352221,0.0015015247045084834
2.0209172362228855e-06,-9.606362709746463e-07,-8.589057642893749e-07,4.481555038182705e-07,-5.674675094269332e-07
0.16816329956054688,-0.022729283198714256,-0.07410608977079391,-0.012614323757588863,0.014949112199246883
0.21030782163143158,-0.012219034135341644,-0.08345843851566315,-0.021812912076711655,0.029743853956460953
0.1310761272907257,-0.059317443519830704,-0.04288024082779884,0.02838238701224327,-0.037486083805561066
0.2091420441865921,-0.008781075477600098,-0.045756746083498,-0.0185184795409441,0.01524556614458561
0.23397713899612427,0.008110086433589458,-0.04462096095085144,-0.02511122077703476,0.02870798110961914
0.04574944078922272,0.004829970188438892,-0.00038567031151615083,-0.004557735286653042,0.0037534937728196383
0.013189252465963364,-0.017454082146286964,-0.005086123943328857,0.010031016543507576,-0.011122487485408783
0.04528295621275902,-0.06594942510128021,-0.010767519474029541,0.041149817407131195,-0.030359050258994102
0.1421215534210205,-0.004141189623624086,0.013061641715466976,0.011806524358689785,0.010599745437502861
0.17185768485069275,0.027696195989847183,0.023824434727430344,-0.014376056380569935,0.008210351690649986
-0.023940669372677803,-0.08379250764846802,-0.004196047782897949,0.026617424562573433,-0.03555041179060936
-0.05316051095724106,-0.07156114280223846,0.014425324276089668,0.0590214803814888,-0.0015043087769299746
-0.006602074485272169,-0.02654801309108734,0.024929776787757874,0.10174164921045303,0.04260006919503212
-5.500774022948463e-07,-6.492268198599049e-07,6.939576024933558e-08,1.2110835712064727e-07,-2.4776494456091314e-07
-0.0696021243929863,-0.08398568630218506,0.006916721351444721,0.008876417763531208,-0.02240179479122162
-0.058261167258024216,-0.05005565285682678,0.01808823272585869,0.05455658212304115,0.014288137666881084
-0.006557216867804527,-0.005289715714752674,0.02938501350581646,0.102898970246315,0.052813686430454254
-0.012256179936230183,-0.014151611365377903,0.0007791190873831511,0.0013509762939065695,-0.0035287048667669296
0.1311749666929245,0.06634945422410965,0.10722549259662628,-0.008676782250404358,-0.01389806717634201
0.06769587099552155,0.04263298586010933,0.059334564954042435,0.003707121592015028,-0.01008510310202837
0.04335334524512291,0.0176480021327734,0.026917193084955215,-0.0033649555407464504,-0.0034186614211648703
0.019914958626031876,0.012202676385641098,0.016803333535790443,0.0005174243706278503,-0.00284262141212821
0.08098602294921875,-0.00798075832426548,-0.02400381676852703,-0.003892329055815935,-0.0001255997340194881
0.015624979510903358,0.0024651919957250357,0.002437768504023552,-0.0010491927387192845,-0.0004275368701200932
0.198292076587677,-0.020579136908054352,-0.08316991478204727,-0.016410082578659058,0.01998392678797245
0.06724037975072861,0.001893220585770905,-0.00834412407130003,-0.005820946767926216,0.002468553138896823
0.08633457869291306,0.009697801433503628,0.0006691252929158509,-0.00761363934725523,0.0029029722791165113
1.386256826663157e-06,-4.7255085178221634e-07,-4.839408802581602e-07,1.4756567168205947e-07,-2.272881829412654e-07
0.17975421249866486,-0.015665842220187187,-0.06548210978507996,-0.017075147479772568,0.020937101915478706
0.22313471138477325,-0.00212266156449914,-0.06982071697711945,-0.02424738183617592,0.03218492865562439
0.1251053512096405,-0.05861007794737816,-0.03634658083319664,0.030137289315462112,-0.04012531787157059
0.21405231952667236,0.0040296753868460655,-0.005218274425715208,-0.016955597326159477,0.008039199747145176
0.23785622417926788,0.031297892332077026,0.013840597122907639,-0.022086389362812042,0.01649615913629532
0.010932824574410915,0.0018396714003756642,0.0015791439218446612,-0.0009424171876162291,0.0005624332698062062
0.008133014664053917,-0.012093756347894669,-0.0033602507319301367,0.007037125062197447,-0.008216028101742268
0.04853376746177673,-0.07142692804336548,-0.010677620768547058,0.03884702920913696,-0.03716140240430832
0.08388867974281311,-0.011716722510755062,0.026968978345394135,0.02935769036412239,0.009984116069972515
-0.007173266261816025,-0.039896830916404724,-0.003197812708094716,0.012627792544662952,-0.018848106265068054
-0.050565797835588455,-0.07884299010038376,0.010947314091026783,0.04413454979658127,-0.012126591056585312
-0.017202505841851234,-0.022796738892793655,0.026337651535868645,0.10748865455389023,0.04754631966352463
-0.05517425760626793,-0.08650101721286774,0.0017056477954611182,0.011809591203927994,-0.030636128038167953
-0.06542879343032837,-0.07057080417871475,0.015149695798754692,0.05075512453913689,-0.0022088021505624056
-0.00442881602793932,-0.004479120951145887,0.024167604744434357,0.08695647120475769,0.0431847907602787
-0.026750391349196434,-0.030960803851485252,0.006963572930544615,0.029996560886502266,-0.00018621420895215124
0.0013822196051478386,0.0018360071117058396,0.014478304423391819,0.0469270721077919,0.024900497868657112
0.08694756776094437,0.05064195767045021,0.07138330489397049,0.0012463621096685529,-0.011472523212432861
0.132068932056427,0.08096965402364731,0.11093185096979141,0.004156942013651133,-0.01780928298830986
0.02820671536028385,0.019879212602972984,0.02628924325108528,0.0033428322058171034,-0.004286694806069136
0.1036137118935585,-0.014881040900945663,-0.0347546711564064,-0.0023540060501545668,-0.001198091427795589
0.1315307468175888,-0.005600189324468374,-0.04951412230730057,-0.013231378048658371,0.018794499337673187
0.17252179980278015,0.012523343786597252,-0.005992278456687927,-0.015596228651702404,0.00771553348749876
2.2306167011265643e-06,-8.311345141009951e-07,-7.499706953240093e-07,3.49515886455265e-07,-4.866874974140956e-07
0.19368787109851837,-0.0031715193763375282,-0.046704668551683426,-0.02036411501467228,0.02262653037905693
0.236716628074646,0.012635167688131332,-0.03349795192480087,-0.025166939944028854,0.027104448527097702
0.12850789725780487,-0.056919217109680176,-0.0320875383913517,0.028592584654688835,-0.03932312875986099
0.20410370826721191,0.01953951269388199,0.03525463864207268,-0.013027175329625607,-0.0007324015023186803
0.22043651342391968,0.05732932314276695,0.07479916512966156,-0.014463917352259159,0.001891489140689373
0.007053125184029341,-0.011938833631575108,-0.0033498303964734077,0.007248024456202984,-0.008280441164970398
0.05123154819011688,-0.0727962851524353,-0.011754462495446205,0.03223747760057449,-0.04243260249495506
0.016663864254951477,-0.0286504328250885,0.024797411635518074,0.040995147079229355,0.009797542355954647
0.0206602793186903,0.0054624127224087715,0.01227963250130415,0.004428851883858442,0.0019603525288403034
0.0009029476786963642,-0.0032463937532156706,-0.0006863015587441623,0.0015628363471478224,-0.001965780509635806
-0.04811308532953262,-0.08569526672363281,0.007991889491677284,0.02078123576939106,-0.024532059207558632
-0.03629019483923912,-0.03508685901761055,0.025523465126752853,0.09773101657629013,0.0368986576795578
0.0015371979679912329,-0.000723081873729825,0.005252568982541561,0.015427435748279095,0.008683022111654282
-0.01242331974208355,-0.022117970511317253,-5.636155401589349e-05,0.002336866222321987,-0.007637749891728163
-0.05145527794957161,-0.07183296233415604,0.007198828272521496,0.024568850174546242,-0.018945662304759026
-0.015123934485018253,-0.02007482945919037,0.028200121596455574,0.112515389919281,0.04690117388963699
0.036133602261543274,0.006012790836393833,0.010758000425994396,-0.0019360107835382223,-0.0030500406865030527
0.03170470893383026,0.01130666583776474,0.015693126246333122,-0.0014003290561959147,-0.0024403720162808895
0.0737057700753212,0.0028534955345094204,0.0029666773043572903,-0.0020153054501861334,-0.005975817330181599
0.01477779820561409,0.0032355492003262043,0.004713449161499739,-0.0006114118150435388,-0.0010638998355716467
0.03776926174759865,0.0011142439907416701,0.0011366854887455702,-0.0008196903509087861,-0.002809265861287713
0.19067107141017914,0.04053495079278946,0.05470426008105278,-0.006896340753883123,-0.013654127717018127
0.04256374388933182,-0.009221058338880539,-0.0173965934664011,0.0008652046672068536,-0.003320840420201421
0.04752819612622261,-0.009095708839595318,-0.01896786130964756,-0.0005119639681652188,-0.0012930432567372918
0.027760295197367668,-0.004368538036942482,-0.012618272565305233,-0.0013906522653996944,0.0016511891735717654
0.07841736078262329,-0.0027088839560747147,-0.023320943117141724,-0.007276235148310661,0.008503888733685017
0.1362624615430832,0.0009754145867191255,-0.02541360631585121,-0.012629739940166473,0.011841625906527042
0.1622016578912735,0.007074449677020311,-0.027223942801356316,-0.017267700284719467,0.01917976886034012
0.011290295980870724,0.0012666822876781225,0.00021351632312871516,-0.001090830541215837,0.0008479743264615536
1.1890593896168866e-06,-1.7857243506114173e-07,-1.7149095299373585e-07,1.2815768002383265e-08,-8.182569644077375e-08
0.20527398586273193,0.019895261153578758,0.0017853248864412308,-0.018139740452170372,0.014052572660148144
0.22908052802085876,0.046326909214258194,0.051258038729429245,-0.017572632059454918,0.007375458255410194
4.98918325320119e-07,1.6833672589200432e-07,2.53137670824799e-07,-1.0346104417635615e-08,-1.053253662064435e-08
0.04919156804680824,-0.009888674132525921,-0.00439049256965518,0.002383038867264986,-0.00659902673214674
0.16832099854946136,0.017204737290740013,0.05548974499106407,-0.007506874389946461,-0.009572356007993221
0.18549193441867828,0.058008044958114624,0.09722773730754852,-0.0030972559470683336,-0.0041529517620801926
0.02157231979072094,0.005371968727558851,0.013969103805720806,0.005713576450943947,0.002521509537473321
0.025058217346668243,-0.0723709911108017,-0.006392878480255604,0.021967828273773193,-0.037212073802948
-0.045872632414102554,-0.05104789882898331,0.024862144142389297,0.03164071962237358,-0.00312286289408803
0.011670636013150215,-0.016473714262247086,0.03917872533202171,0.08116123825311661,0.03927541524171829
0.014603669755160809,0.0017004363471642137,0.026796242222189903,0.05652271583676338,0.031706616282463074
-0.03446938470005989,-0.08477038145065308,0.0007702548173256218,0.011256982572376728,-0.03058828040957451
-0.050127916038036346,-0.05157164856791496,0.021650200709700584,0.07500006258487701,0.015432184562087059
-0.003049894468858838,-0.0039038655813783407,0.030762428417801857,0.10752437263727188,0.05661880597472191
-0.022677458822727203,-0.05234764516353607,-0.0013704349985346198,0.011028205044567585,-0.019588666036725044
-0.003627641126513481,-0.006471923552453518,0.0009530997485853732,0.004746462218463421,-0.001409713877364993
0.16828320920467377,-0.009501242078840733,-0.03566811978816986,-0.007848699577152729,-0.005605758633464575
0.20187260210514069,-0.019855987280607224,-0.05184029042720795,-0.005713451653718948,-0.008184067904949188
0.029137108474969864,-0.0038637900725007057,-0.007267441600561142,7.50302933738567e-05,-0.002019247505813837
0.16736222803592682,-0.029000189155340195,-0.07204698026180267,-0.004746376536786556,0.0017031986499205232
0.042194925248622894,-0.0021470801439136267,-0.010888654738664627,-0.0030419770628213882,0.002681113313883543
0.055279869586229324,-0.0019782043527811766,-0.007153066340833902,-0.0020773771684616804,-0.0005591694498434663
0.15551461279392242,-0.007527519948780537,-0.050834283232688904,-0.01386701874434948,0.01726372539997101
0.23262938857078552,0.017154935747385025,-0.012811889871954918,-0.02183554507791996,0.018612319603562355
0.08909662812948227,0.016747960820794106,0.01852625235915184,-0.0065833949483931065,0.00215710187330842
0.11556382477283478,0.014181602746248245,0.005721608642488718,-0.01033072080463171,0.007724130991846323
0.20330780744552612,0.034848831593990326,0.031422991305589676,-0.01691507361829281,0.009586573578417301
0.01632375828921795,0.0030295136384665966,0.0031361416913568974,-0.001304700504988432,0.0006029751966707408
0.08455850929021835,0.015356097370386124,0.017307782545685768,-0.005969992373138666,0.0022041015326976776
0.02846953086555004,0.00970273558050394,0.014602301642298698,-0.0007171662291511893,-0.0007280550780706108
7.17284763140924e-07,2.492836586043268e-07,3.913361013019312e-07,7.539567192793584e-09,-1.7155334930407662e-08
0.04996999725699425,-0.006244732532650232,0.02717423625290394,0.002157896524295211,-0.010475995019078255
0.04337514936923981,-0.004460247233510017,0.057519592344760895,0.026224616914987564,-0.0019169060979038477
0.02481377124786377,0.004416987765580416,0.020387429744005203,0.016481898725032806,0.00890355370938778
-0.003333108266815543,-0.03557303920388222,-0.0008339093765243888,0.0069023785181343555,-0.015160597860813141
-0.03690212592482567,-0.05149609223008156,0.01728154346346855,0.027477331459522247,-0.013158605434000492
-0.04438456892967224,-0.029001789167523384,0.0322771891951561,0.07494154572486877,0.028489716351032257
-0.0007817388977855444,-4.3122450733790174e-05,0.013059607706964016,0.03449026867747307,0.01810285449028015
-0.001973514212295413,-0.023865878582000732,-0.0024957170244306326,0.00578170083463192,-0.01025731023401022
0.006542992312461138,-0.05161815881729126,0.018374700099229813,0.06748117506504059,-0.005103368777781725
-0.008771132677793503,-0.007456611376255751,0.014876327477395535,0.04800894856452942,0.02301393263041973
0.04382140934467316,-0.02037058211863041,0.009282589890062809,0.03906239941716194,-8.8395485363435e-05
0.007673252839595079,-0.0006541524198837578,-0.0025158317293971777,-0.0005068292375653982,0.0002840942470356822
0.029249636456370354,-0.002912051510065794,-0.009250014089047909,-0.0015070114750415087,0.0005026725702919066
0.004385737236589193,-0.00041319444426335394,-0.000910450064111501,-7.45445431675762e-05,-0.00016580568626523018
0.032768748700618744,0.0009674117900431156,-0.005408346187323332,-0.003200026461854577,0.0033946267794817686
0.02873310260474682,0.0006513992557302117,-0.005116934422403574,-0.002811690093949437,0.0030304882675409317
0.032875362783670425,0.006393513176590204,0.007201801054179668,-0.002451148582622409,0.0009165215888060629
0.02860005758702755,0.0041122399270534515,0.0031470246613025665,-0.002324299421161413,0.0014307642122730613
0.01884870044887066,0.005111038219183683,0.006996016949415207,-0.0010927077382802963,-6.151275556476321e-06
3.313892804612806e-08,-5.522159174375929e-09,1.4578472651294305e-08,3.493980438307176e-09,-9.315739291082537e-09
-4.417923094024445e-07,-6.57707630580262e-07,3.52371898770798e-07,4.384023100101331e-07,-3.4447671737325436e-07
-0.00363780721090734,-0.008785375393927097,0.0038642410654574633,0.003061600960791111,-0.004994157701730728
-0.06644925475120544,-0.05555395781993866,0.03043106198310852,0.0367102213203907,-0.011315758340060711
0.0004784588236361742,-0.0036652584094554186,-0.0006533399573527277,0.0011170227080583572,-0.0017596922116354108
4.2786708945641294e-05,-0.004612452816218138,0.002093755640089512,0.0048950728960335255,-0.000887894129846245
-0.03859047219157219,-0.029671328142285347,0.03939739242196083,0.0745731070637703,0.02850186638534069
